Issue_ID,Application_ID,Issue_Type,Severity,Original_Value,Corrected_Value,Resolution,Detected_By
DQ00001,APX1095548,Duplicate_Application_ID,Critical,APX1095548,,"Quarantine duplicate occurrence, retain first",duplicate_check
DQ00002,APX1034539,Duplicate_Application_ID,Critical,APX1034539,,"Quarantine duplicate occurrence, retain first",duplicate_check
DQ00003,APX1051887,Duplicate_Application_ID,Critical,APX1051887,,"Quarantine duplicate occurrence, retain first",duplicate_check
DQ00004,APX1059149,Duplicate_Application_ID,Critical,APX1059149,,"Quarantine duplicate occurrence, retain first",duplicate_check
DQ00005,APX1013165,Duplicate_Application_ID,Critical,APX1013165,,"Quarantine duplicate occurrence, retain first",duplicate_check
DQ00006,APX1099253,Duplicate_Application_ID,Critical,APX1099253,,"Quarantine duplicate occurrence, retain first",duplicate_check
DQ00007,APX1093551,Duplicate_Application_ID,Critical,APX1093551,,"Quarantine duplicate occurrence, retain first",duplicate_check
DQ00008,APX1091091,Duplicate_Application_ID,Critical,APX1091091,,"Quarantine duplicate occurrence, retain first",duplicate_check
DQ00009,APX1096472,Duplicate_Application_ID,Critical,APX1096472,,"Quarantine duplicate occurrence, retain first",duplicate_check
DQ00010,APX1019993,Duplicate_Application_ID,Critical,APX1019993,,"Quarantine duplicate occurrence, retain first",duplicate_check
DQ00011,APX1063934,Duplicate_Application_ID,Critical,APX1063934,,"Quarantine duplicate occurrence, retain first",duplicate_check
DQ00012,APX1073475,Duplicate_Application_ID,Critical,APX1073475,,"Quarantine duplicate occurrence, retain first",duplicate_check
DQ00013,APX1036305,Duplicate_Application_ID,Critical,APX1036305,,"Quarantine duplicate occurrence, retain first",duplicate_check
DQ00014,APX1049907,Duplicate_Application_ID,Critical,APX1049907,,"Quarantine duplicate occurrence, retain first",duplicate_check
DQ00015,APX1071071,Duplicate_Application_ID,Critical,APX1071071,,"Quarantine duplicate occurrence, retain first",duplicate_check
DQ00016,APX1008893,Duplicate_Application_ID,Critical,APX1008893,,"Quarantine duplicate occurrence, retain first",duplicate_check
DQ00017,APX1035271,Duplicate_Application_ID,Critical,APX1035271,,"Quarantine duplicate occurrence, retain first",duplicate_check
DQ00018,APX1057030,Duplicate_Application_ID,Critical,APX1057030,,"Quarantine duplicate occurrence, retain first",duplicate_check
DQ00019,APX1087077,Duplicate_Application_ID,Critical,APX1087077,,"Quarantine duplicate occurrence, retain first",duplicate_check
DQ00020,APX1028424,Duplicate_Application_ID,Critical,APX1028424,,"Quarantine duplicate occurrence, retain first",duplicate_check
DQ00021,APX1007190,Duplicate_Application_ID,Critical,APX1007190,,"Quarantine duplicate occurrence, retain first",duplicate_check
DQ00022,APX1023459,Duplicate_Application_ID,Critical,APX1023459,,"Quarantine duplicate occurrence, retain first",duplicate_check
DQ00023,APX1084046,Duplicate_Application_ID,Critical,APX1084046,,"Quarantine duplicate occurrence, retain first",duplicate_check
DQ00024,APX1069359,Duplicate_Application_ID,Critical,APX1069359,,"Quarantine duplicate occurrence, retain first",duplicate_check
DQ00025,APX1053428,Duplicate_Application_ID,Critical,APX1053428,,"Quarantine duplicate occurrence, retain first",duplicate_check
DQ00026,APX1045772,Duplicate_Application_ID,Critical,APX1045772,,"Quarantine duplicate occurrence, retain first",duplicate_check
DQ00027,APX1097053,Duplicate_Application_ID,Critical,APX1097053,,"Quarantine duplicate occurrence, retain first",duplicate_check
DQ00028,APX1066890,Duplicate_Application_ID,Critical,APX1066890,,"Quarantine duplicate occurrence, retain first",duplicate_check
DQ00029,APX1077654,Duplicate_Application_ID,Critical,APX1077654,,"Quarantine duplicate occurrence, retain first",duplicate_check
DQ00030,APX1014161,Duplicate_Application_ID,Critical,APX1014161,,"Quarantine duplicate occurrence, retain first",duplicate_check
DQ00031,APX1007490,Duplicate_Application_ID,Critical,APX1007490,,"Quarantine duplicate occurrence, retain first",duplicate_check
DQ00032,APX1068125,Duplicate_Application_ID,Critical,APX1068125,,"Quarantine duplicate occurrence, retain first",duplicate_check
DQ00033,APX1059404,Duplicate_Application_ID,Critical,APX1059404,,"Quarantine duplicate occurrence, retain first",duplicate_check
DQ00034,APX1071797,Duplicate_Application_ID,Critical,APX1071797,,"Quarantine duplicate occurrence, retain first",duplicate_check
DQ00035,APX1050225,Duplicate_Application_ID,Critical,APX1050225,,"Quarantine duplicate occurrence, retain first",duplicate_check
DQ00036,APX1021908,Duplicate_Application_ID,Critical,APX1021908,,"Quarantine duplicate occurrence, retain first",duplicate_check
DQ00037,APX1089063,Duplicate_Application_ID,Critical,APX1089063,,"Quarantine duplicate occurrence, retain first",duplicate_check
DQ00038,APX1002549,Duplicate_Application_ID,Critical,APX1002549,,"Quarantine duplicate occurrence, retain first",duplicate_check
DQ00039,APX1059588,Duplicate_Application_ID,Critical,APX1059588,,"Quarantine duplicate occurrence, retain first",duplicate_check
DQ00040,APX1060422,Duplicate_Application_ID,Critical,APX1060422,,"Quarantine duplicate occurrence, retain first",duplicate_check
DQ00041,APX1031101,Duplicate_Application_ID,Critical,APX1031101,,"Quarantine duplicate occurrence, retain first",duplicate_check
DQ00042,APX1053102,Duplicate_Application_ID,Critical,APX1053102,,"Quarantine duplicate occurrence, retain first",duplicate_check
DQ00043,APX1024567,Duplicate_Application_ID,Critical,APX1024567,,"Quarantine duplicate occurrence, retain first",duplicate_check
DQ00044,APX1000601,Duplicate_Application_ID,Critical,APX1000601,,"Quarantine duplicate occurrence, retain first",duplicate_check
DQ00045,APX1047224,Duplicate_Application_ID,Critical,APX1047224,,"Quarantine duplicate occurrence, retain first",duplicate_check
DQ00046,APX1026602,Duplicate_Application_ID,Critical,APX1026602,,"Quarantine duplicate occurrence, retain first",duplicate_check
DQ00047,APX1032245,Duplicate_Application_ID,Critical,APX1032245,,"Quarantine duplicate occurrence, retain first",duplicate_check
DQ00048,APX1016040,Duplicate_Application_ID,Critical,APX1016040,,"Quarantine duplicate occurrence, retain first",duplicate_check
DQ00049,APX1015238,Duplicate_Application_ID,Critical,APX1015238,,"Quarantine duplicate occurrence, retain first",duplicate_check
DQ00050,APX1098495,Duplicate_Application_ID,Critical,APX1098495,,"Quarantine duplicate occurrence, retain first",duplicate_check
DQ00051,APX1012323,Duplicate_Application_ID,Critical,APX1012323,,"Quarantine duplicate occurrence, retain first",duplicate_check
DQ00052,APX1015649,Duplicate_Application_ID,Critical,APX1015649,,"Quarantine duplicate occurrence, retain first",duplicate_check
DQ00053,APX1067736,Duplicate_Application_ID,Critical,APX1067736,,"Quarantine duplicate occurrence, retain first",duplicate_check
DQ00054,APX1011363,Duplicate_Application_ID,Critical,APX1011363,,"Quarantine duplicate occurrence, retain first",duplicate_check
DQ00055,APX1037114,Duplicate_Application_ID,Critical,APX1037114,,"Quarantine duplicate occurrence, retain first",duplicate_check
DQ00056,APX1026166,Duplicate_Application_ID,Critical,APX1026166,,"Quarantine duplicate occurrence, retain first",duplicate_check
DQ00057,APX1031511,Duplicate_Application_ID,Critical,APX1031511,,"Quarantine duplicate occurrence, retain first",duplicate_check
DQ00058,APX1059809,Duplicate_Application_ID,Critical,APX1059809,,"Quarantine duplicate occurrence, retain first",duplicate_check
DQ00059,APX1092286,Duplicate_Application_ID,Critical,APX1092286,,"Quarantine duplicate occurrence, retain first",duplicate_check
DQ00060,APX1046988,Duplicate_Application_ID,Critical,APX1046988,,"Quarantine duplicate occurrence, retain first",duplicate_check
DQ00061,APX1013248,Duplicate_Application_ID,Critical,APX1013248,,"Quarantine duplicate occurrence, retain first",duplicate_check
DQ00062,APX1039151,Duplicate_Application_ID,Critical,APX1039151,,"Quarantine duplicate occurrence, retain first",duplicate_check
DQ00063,APX1006676,Duplicate_Application_ID,Critical,APX1006676,,"Quarantine duplicate occurrence, retain first",duplicate_check
DQ00064,APX1050973,Duplicate_Application_ID,Critical,APX1050973,,"Quarantine duplicate occurrence, retain first",duplicate_check
DQ00065,APX1056619,Duplicate_Application_ID,Critical,APX1056619,,"Quarantine duplicate occurrence, retain first",duplicate_check
DQ00066,APX1039129,Duplicate_Application_ID,Critical,APX1039129,,"Quarantine duplicate occurrence, retain first",duplicate_check
DQ00067,APX1022412,Duplicate_Application_ID,Critical,APX1022412,,"Quarantine duplicate occurrence, retain first",duplicate_check
DQ00068,APX1007829,Duplicate_Application_ID,Critical,APX1007829,,"Quarantine duplicate occurrence, retain first",duplicate_check
DQ00069,APX1079727,Duplicate_Application_ID,Critical,APX1079727,,"Quarantine duplicate occurrence, retain first",duplicate_check
DQ00070,APX1093388,Duplicate_Application_ID,Critical,APX1093388,,"Quarantine duplicate occurrence, retain first",duplicate_check
DQ00071,APX1000085,Duplicate_Application_ID,Critical,APX1000085,,"Quarantine duplicate occurrence, retain first",duplicate_check
DQ00072,APX1015456,Duplicate_Application_ID,Critical,APX1015456,,"Quarantine duplicate occurrence, retain first",duplicate_check
DQ00073,APX1019496,Duplicate_Application_ID,Critical,APX1019496,,"Quarantine duplicate occurrence, retain first",duplicate_check
DQ00074,APX1082468,Duplicate_Application_ID,Critical,APX1082468,,"Quarantine duplicate occurrence, retain first",duplicate_check
DQ00075,APX1067838,Duplicate_Application_ID,Critical,APX1067838,,"Quarantine duplicate occurrence, retain first",duplicate_check
DQ00076,APX1033181,Duplicate_Application_ID,Critical,APX1033181,,"Quarantine duplicate occurrence, retain first",duplicate_check
DQ00077,APX1097582,Duplicate_Application_ID,Critical,APX1097582,,"Quarantine duplicate occurrence, retain first",duplicate_check
DQ00078,APX1017895,Duplicate_Application_ID,Critical,APX1017895,,"Quarantine duplicate occurrence, retain first",duplicate_check
DQ00079,APX1092449,Duplicate_Application_ID,Critical,APX1092449,,"Quarantine duplicate occurrence, retain first",duplicate_check
DQ00080,APX1091514,Duplicate_Application_ID,Critical,APX1091514,,"Quarantine duplicate occurrence, retain first",duplicate_check
DQ00081,APX1046156,Duplicate_Application_ID,Critical,APX1046156,,"Quarantine duplicate occurrence, retain first",duplicate_check
DQ00082,APX1072109,Duplicate_Application_ID,Critical,APX1072109,,"Quarantine duplicate occurrence, retain first",duplicate_check
DQ00083,APX1026285,Duplicate_Application_ID,Critical,APX1026285,,"Quarantine duplicate occurrence, retain first",duplicate_check
DQ00084,APX1050939,Duplicate_Application_ID,Critical,APX1050939,,"Quarantine duplicate occurrence, retain first",duplicate_check
DQ00085,APX1091144,Duplicate_Application_ID,Critical,APX1091144,,"Quarantine duplicate occurrence, retain first",duplicate_check
DQ00086,APX1048743,Duplicate_Application_ID,Critical,APX1048743,,"Quarantine duplicate occurrence, retain first",duplicate_check
DQ00087,APX1054816,Duplicate_Application_ID,Critical,APX1054816,,"Quarantine duplicate occurrence, retain first",duplicate_check
DQ00088,APX1040380,Duplicate_Application_ID,Critical,APX1040380,,"Quarantine duplicate occurrence, retain first",duplicate_check
DQ00089,APX1071803,Duplicate_Application_ID,Critical,APX1071803,,"Quarantine duplicate occurrence, retain first",duplicate_check
DQ00090,APX1067243,Duplicate_Application_ID,Critical,APX1067243,,"Quarantine duplicate occurrence, retain first",duplicate_check
DQ00091,APX1082235,Duplicate_Application_ID,Critical,APX1082235,,"Quarantine duplicate occurrence, retain first",duplicate_check
DQ00092,APX1071587,Duplicate_Application_ID,Critical,APX1071587,,"Quarantine duplicate occurrence, retain first",duplicate_check
DQ00093,APX1095554,Duplicate_Application_ID,Critical,APX1095554,,"Quarantine duplicate occurrence, retain first",duplicate_check
DQ00094,APX1026674,Duplicate_Application_ID,Critical,APX1026674,,"Quarantine duplicate occurrence, retain first",duplicate_check
DQ00095,APX1017844,Duplicate_Application_ID,Critical,APX1017844,,"Quarantine duplicate occurrence, retain first",duplicate_check
DQ00096,APX1069528,Duplicate_Application_ID,Critical,APX1069528,,"Quarantine duplicate occurrence, retain first",duplicate_check
DQ00097,APX1029294,Duplicate_Application_ID,Critical,APX1029294,,"Quarantine duplicate occurrence, retain first",duplicate_check
DQ00098,APX1087837,Duplicate_Application_ID,Critical,APX1087837,,"Quarantine duplicate occurrence, retain first",duplicate_check
DQ00099,APX1084748,Duplicate_Application_ID,Critical,APX1084748,,"Quarantine duplicate occurrence, retain first",duplicate_check
DQ00100,APX1027724,Duplicate_Application_ID,Critical,APX1027724,,"Quarantine duplicate occurrence, retain first",duplicate_check
DQ00101,APX1070393,Duplicate_Application_ID,Critical,APX1070393,,"Quarantine duplicate occurrence, retain first",duplicate_check
DQ00102,APX1065324,Duplicate_Application_ID,Critical,APX1065324,,"Quarantine duplicate occurrence, retain first",duplicate_check
DQ00103,APX1036247,Duplicate_Application_ID,Critical,APX1036247,,"Quarantine duplicate occurrence, retain first",duplicate_check
DQ00104,APX1068492,Duplicate_Application_ID,Critical,APX1068492,,"Quarantine duplicate occurrence, retain first",duplicate_check
DQ00105,APX1034139,Duplicate_Application_ID,Critical,APX1034139,,"Quarantine duplicate occurrence, retain first",duplicate_check
DQ00106,APX1079909,Duplicate_Application_ID,Critical,APX1079909,,"Quarantine duplicate occurrence, retain first",duplicate_check
DQ00107,APX1060772,Duplicate_Application_ID,Critical,APX1060772,,"Quarantine duplicate occurrence, retain first",duplicate_check
DQ00108,APX1005838,Duplicate_Application_ID,Critical,APX1005838,,"Quarantine duplicate occurrence, retain first",duplicate_check
DQ00109,APX1099618,Duplicate_Application_ID,Critical,APX1099618,,"Quarantine duplicate occurrence, retain first",duplicate_check
DQ00110,APX1016373,Duplicate_Application_ID,Critical,APX1016373,,"Quarantine duplicate occurrence, retain first",duplicate_check
DQ00111,APX1030092,Duplicate_Application_ID,Critical,APX1030092,,"Quarantine duplicate occurrence, retain first",duplicate_check
DQ00112,APX1096234,Duplicate_Application_ID,Critical,APX1096234,,"Quarantine duplicate occurrence, retain first",duplicate_check
DQ00113,APX1002227,Duplicate_Application_ID,Critical,APX1002227,,"Quarantine duplicate occurrence, retain first",duplicate_check
DQ00114,APX1019536,Duplicate_Application_ID,Critical,APX1019536,,"Quarantine duplicate occurrence, retain first",duplicate_check
DQ00115,APX1048852,Duplicate_Application_ID,Critical,APX1048852,,"Quarantine duplicate occurrence, retain first",duplicate_check
DQ00116,APX1009664,Duplicate_Application_ID,Critical,APX1009664,,"Quarantine duplicate occurrence, retain first",duplicate_check
DQ00117,APX1085517,Duplicate_Application_ID,Critical,APX1085517,,"Quarantine duplicate occurrence, retain first",duplicate_check
DQ00118,APX1017396,Duplicate_Application_ID,Critical,APX1017396,,"Quarantine duplicate occurrence, retain first",duplicate_check
DQ00119,APX1099940,Duplicate_Application_ID,Critical,APX1099940,,"Quarantine duplicate occurrence, retain first",duplicate_check
DQ00120,APX1049667,Duplicate_Application_ID,Critical,APX1049667,,"Quarantine duplicate occurrence, retain first",duplicate_check
DQ00121,APX1035203,Duplicate_Application_ID,Critical,APX1035203,,"Quarantine duplicate occurrence, retain first",duplicate_check
DQ00122,APX1073900,Duplicate_Application_ID,Critical,APX1073900,,"Quarantine duplicate occurrence, retain first",duplicate_check
DQ00123,APX1004294,Duplicate_Application_ID,Critical,APX1004294,,"Quarantine duplicate occurrence, retain first",duplicate_check
DQ00124,APX1072930,Duplicate_Application_ID,Critical,APX1072930,,"Quarantine duplicate occurrence, retain first",duplicate_check
DQ00125,APX1035131,Duplicate_Application_ID,Critical,APX1035131,,"Quarantine duplicate occurrence, retain first",duplicate_check
DQ00126,APX1068237,Duplicate_Application_ID,Critical,APX1068237,,"Quarantine duplicate occurrence, retain first",duplicate_check
DQ00127,APX1088562,Duplicate_Application_ID,Critical,APX1088562,,"Quarantine duplicate occurrence, retain first",duplicate_check
DQ00128,APX1009840,Duplicate_Application_ID,Critical,APX1009840,,"Quarantine duplicate occurrence, retain first",duplicate_check
DQ00129,APX1018373,Duplicate_Application_ID,Critical,APX1018373,,"Quarantine duplicate occurrence, retain first",duplicate_check
DQ00130,APX1013798,Duplicate_Application_ID,Critical,APX1013798,,"Quarantine duplicate occurrence, retain first",duplicate_check
DQ00131,APX1036993,Duplicate_Application_ID,Critical,APX1036993,,"Quarantine duplicate occurrence, retain first",duplicate_check
DQ00132,APX1097784,Duplicate_Application_ID,Critical,APX1097784,,"Quarantine duplicate occurrence, retain first",duplicate_check
DQ00133,APX1037575,Duplicate_Application_ID,Critical,APX1037575,,"Quarantine duplicate occurrence, retain first",duplicate_check
DQ00134,APX1000746,Duplicate_Application_ID,Critical,APX1000746,,"Quarantine duplicate occurrence, retain first",duplicate_check
DQ00135,APX1093764,Duplicate_Application_ID,Critical,APX1093764,,"Quarantine duplicate occurrence, retain first",duplicate_check
DQ00136,APX1054967,Duplicate_Application_ID,Critical,APX1054967,,"Quarantine duplicate occurrence, retain first",duplicate_check
DQ00137,APX1085676,Duplicate_Application_ID,Critical,APX1085676,,"Quarantine duplicate occurrence, retain first",duplicate_check
DQ00138,APX1093756,Duplicate_Application_ID,Critical,APX1093756,,"Quarantine duplicate occurrence, retain first",duplicate_check
DQ00139,APX1037018,Duplicate_Application_ID,Critical,APX1037018,,"Quarantine duplicate occurrence, retain first",duplicate_check
DQ00140,APX1038207,Duplicate_Application_ID,Critical,APX1038207,,"Quarantine duplicate occurrence, retain first",duplicate_check
DQ00141,APX1054109,Duplicate_Application_ID,Critical,APX1054109,,"Quarantine duplicate occurrence, retain first",duplicate_check
DQ00142,APX1025525,Duplicate_Application_ID,Critical,APX1025525,,"Quarantine duplicate occurrence, retain first",duplicate_check
DQ00143,APX1038364,Duplicate_Application_ID,Critical,APX1038364,,"Quarantine duplicate occurrence, retain first",duplicate_check
DQ00144,APX1069569,Duplicate_Application_ID,Critical,APX1069569,,"Quarantine duplicate occurrence, retain first",duplicate_check
DQ00145,APX1029406,Duplicate_Application_ID,Critical,APX1029406,,"Quarantine duplicate occurrence, retain first",duplicate_check
DQ00146,APX1009356,Duplicate_Application_ID,Critical,APX1009356,,"Quarantine duplicate occurrence, retain first",duplicate_check
DQ00147,APX1066868,Duplicate_Application_ID,Critical,APX1066868,,"Quarantine duplicate occurrence, retain first",duplicate_check
DQ00148,APX1047799,Duplicate_Application_ID,Critical,APX1047799,,"Quarantine duplicate occurrence, retain first",duplicate_check
DQ00149,APX1065202,Duplicate_Application_ID,Critical,APX1065202,,"Quarantine duplicate occurrence, retain first",duplicate_check
DQ00150,APX1039404,Duplicate_Application_ID,Critical,APX1039404,,"Quarantine duplicate occurrence, retain first",duplicate_check
DQ00151,APX1047546,Duplicate_Application_ID,Critical,APX1047546,,"Quarantine duplicate occurrence, retain first",duplicate_check
DQ00152,APX1070356,Duplicate_Application_ID,Critical,APX1070356,,"Quarantine duplicate occurrence, retain first",duplicate_check
DQ00153,APX1065987,Duplicate_Application_ID,Critical,APX1065987,,"Quarantine duplicate occurrence, retain first",duplicate_check
DQ00154,APX1019435,Duplicate_Application_ID,Critical,APX1019435,,"Quarantine duplicate occurrence, retain first",duplicate_check
DQ00155,APX1075138,Duplicate_Application_ID,Critical,APX1075138,,"Quarantine duplicate occurrence, retain first",duplicate_check
DQ00156,APX1071991,Duplicate_Application_ID,Critical,APX1071991,,"Quarantine duplicate occurrence, retain first",duplicate_check
DQ00157,APX1007474,Duplicate_Application_ID,Critical,APX1007474,,"Quarantine duplicate occurrence, retain first",duplicate_check
DQ00158,APX1023014,Duplicate_Application_ID,Critical,APX1023014,,"Quarantine duplicate occurrence, retain first",duplicate_check
DQ00159,APX1026986,Duplicate_Application_ID,Critical,APX1026986,,"Quarantine duplicate occurrence, retain first",duplicate_check
DQ00160,APX1031957,Duplicate_Application_ID,Critical,APX1031957,,"Quarantine duplicate occurrence, retain first",duplicate_check
DQ00161,APX1094217,Duplicate_Application_ID,Critical,APX1094217,,"Quarantine duplicate occurrence, retain first",duplicate_check
DQ00162,APX1020226,Duplicate_Application_ID,Critical,APX1020226,,"Quarantine duplicate occurrence, retain first",duplicate_check
DQ00163,APX1037878,Duplicate_Application_ID,Critical,APX1037878,,"Quarantine duplicate occurrence, retain first",duplicate_check
DQ00164,APX1080773,Duplicate_Application_ID,Critical,APX1080773,,"Quarantine duplicate occurrence, retain first",duplicate_check
DQ00165,APX1065239,Duplicate_Application_ID,Critical,APX1065239,,"Quarantine duplicate occurrence, retain first",duplicate_check
DQ00166,APX1081825,Duplicate_Application_ID,Critical,APX1081825,,"Quarantine duplicate occurrence, retain first",duplicate_check
DQ00167,APX1068197,Duplicate_Application_ID,Critical,APX1068197,,"Quarantine duplicate occurrence, retain first",duplicate_check
DQ00168,APX1061192,Duplicate_Application_ID,Critical,APX1061192,,"Quarantine duplicate occurrence, retain first",duplicate_check
DQ00169,APX1037834,Duplicate_Application_ID,Critical,APX1037834,,"Quarantine duplicate occurrence, retain first",duplicate_check
DQ00170,APX1059388,Duplicate_Application_ID,Critical,APX1059388,,"Quarantine duplicate occurrence, retain first",duplicate_check
DQ00171,APX1072113,Duplicate_Application_ID,Critical,APX1072113,,"Quarantine duplicate occurrence, retain first",duplicate_check
DQ00172,APX1091625,Duplicate_Application_ID,Critical,APX1091625,,"Quarantine duplicate occurrence, retain first",duplicate_check
DQ00173,APX1013659,Duplicate_Application_ID,Critical,APX1013659,,"Quarantine duplicate occurrence, retain first",duplicate_check
DQ00174,APX1069407,Duplicate_Application_ID,Critical,APX1069407,,"Quarantine duplicate occurrence, retain first",duplicate_check
DQ00175,APX1036031,Duplicate_Application_ID,Critical,APX1036031,,"Quarantine duplicate occurrence, retain first",duplicate_check
DQ00176,APX1030743,Duplicate_Application_ID,Critical,APX1030743,,"Quarantine duplicate occurrence, retain first",duplicate_check
DQ00177,APX1056958,Duplicate_Application_ID,Critical,APX1056958,,"Quarantine duplicate occurrence, retain first",duplicate_check
DQ00178,APX1074438,Duplicate_Application_ID,Critical,APX1074438,,"Quarantine duplicate occurrence, retain first",duplicate_check
DQ00179,APX1071487,Duplicate_Application_ID,Critical,APX1071487,,"Quarantine duplicate occurrence, retain first",duplicate_check
DQ00180,APX1082863,Duplicate_Application_ID,Critical,APX1082863,,"Quarantine duplicate occurrence, retain first",duplicate_check
DQ00181,APX1039622,Duplicate_Application_ID,Critical,APX1039622,,"Quarantine duplicate occurrence, retain first",duplicate_check
DQ00182,APX1027652,Duplicate_Application_ID,Critical,APX1027652,,"Quarantine duplicate occurrence, retain first",duplicate_check
DQ00183,APX1061644,Duplicate_Application_ID,Critical,APX1061644,,"Quarantine duplicate occurrence, retain first",duplicate_check
DQ00184,APX1082249,Duplicate_Application_ID,Critical,APX1082249,,"Quarantine duplicate occurrence, retain first",duplicate_check
DQ00185,APX1041742,Duplicate_Application_ID,Critical,APX1041742,,"Quarantine duplicate occurrence, retain first",duplicate_check
DQ00186,APX1020829,Duplicate_Application_ID,Critical,APX1020829,,"Quarantine duplicate occurrence, retain first",duplicate_check
DQ00187,APX1090705,Duplicate_Application_ID,Critical,APX1090705,,"Quarantine duplicate occurrence, retain first",duplicate_check
DQ00188,APX1046705,Duplicate_Application_ID,Critical,APX1046705,,"Quarantine duplicate occurrence, retain first",duplicate_check
DQ00189,APX1031212,Duplicate_Application_ID,Critical,APX1031212,,"Quarantine duplicate occurrence, retain first",duplicate_check
DQ00190,APX1063012,Duplicate_Application_ID,Critical,APX1063012,,"Quarantine duplicate occurrence, retain first",duplicate_check
DQ00191,APX1022080,Duplicate_Application_ID,Critical,APX1022080,,"Quarantine duplicate occurrence, retain first",duplicate_check
DQ00192,APX1038787,Duplicate_Application_ID,Critical,APX1038787,,"Quarantine duplicate occurrence, retain first",duplicate_check
DQ00193,APX1002184,Duplicate_Application_ID,Critical,APX1002184,,"Quarantine duplicate occurrence, retain first",duplicate_check
DQ00194,APX1022501,Duplicate_Application_ID,Critical,APX1022501,,"Quarantine duplicate occurrence, retain first",duplicate_check
DQ00195,APX1048526,Duplicate_Application_ID,Critical,APX1048526,,"Quarantine duplicate occurrence, retain first",duplicate_check
DQ00196,APX1022770,Duplicate_Application_ID,Critical,APX1022770,,"Quarantine duplicate occurrence, retain first",duplicate_check
DQ00197,APX1030787,Duplicate_Application_ID,Critical,APX1030787,,"Quarantine duplicate occurrence, retain first",duplicate_check
DQ00198,APX1048769,Duplicate_Application_ID,Critical,APX1048769,,"Quarantine duplicate occurrence, retain first",duplicate_check
DQ00199,APX1084693,Duplicate_Application_ID,Critical,APX1084693,,"Quarantine duplicate occurrence, retain first",duplicate_check
DQ00200,APX1087144,Duplicate_Application_ID,Critical,APX1087144,,"Quarantine duplicate occurrence, retain first",duplicate_check
DQ00201,APX1064612,Duplicate_Application_ID,Critical,APX1064612,,"Quarantine duplicate occurrence, retain first",duplicate_check
DQ00202,APX1018146,Duplicate_Application_ID,Critical,APX1018146,,"Quarantine duplicate occurrence, retain first",duplicate_check
DQ00203,APX1009949,Duplicate_Application_ID,Critical,APX1009949,,"Quarantine duplicate occurrence, retain first",duplicate_check
DQ00204,APX1075802,Duplicate_Application_ID,Critical,APX1075802,,"Quarantine duplicate occurrence, retain first",duplicate_check
DQ00205,APX1023676,Duplicate_Application_ID,Critical,APX1023676,,"Quarantine duplicate occurrence, retain first",duplicate_check
DQ00206,APX1084614,Duplicate_Application_ID,Critical,APX1084614,,"Quarantine duplicate occurrence, retain first",duplicate_check
DQ00207,APX1019113,Duplicate_Application_ID,Critical,APX1019113,,"Quarantine duplicate occurrence, retain first",duplicate_check
DQ00208,APX1076793,Duplicate_Application_ID,Critical,APX1076793,,"Quarantine duplicate occurrence, retain first",duplicate_check
DQ00209,APX1057661,Duplicate_Application_ID,Critical,APX1057661,,"Quarantine duplicate occurrence, retain first",duplicate_check
DQ00210,APX1078330,Duplicate_Application_ID,Critical,APX1078330,,"Quarantine duplicate occurrence, retain first",duplicate_check
DQ00211,APX1033862,Duplicate_Application_ID,Critical,APX1033862,,"Quarantine duplicate occurrence, retain first",duplicate_check
DQ00212,APX1046725,Duplicate_Application_ID,Critical,APX1046725,,"Quarantine duplicate occurrence, retain first",duplicate_check
DQ00213,APX1057675,Duplicate_Application_ID,Critical,APX1057675,,"Quarantine duplicate occurrence, retain first",duplicate_check
DQ00214,APX1031246,Duplicate_Application_ID,Critical,APX1031246,,"Quarantine duplicate occurrence, retain first",duplicate_check
DQ00215,APX1080158,Duplicate_Application_ID,Critical,APX1080158,,"Quarantine duplicate occurrence, retain first",duplicate_check
DQ00216,APX1082514,Duplicate_Application_ID,Critical,APX1082514,,"Quarantine duplicate occurrence, retain first",duplicate_check
DQ00217,APX1043684,Duplicate_Application_ID,Critical,APX1043684,,"Quarantine duplicate occurrence, retain first",duplicate_check
DQ00218,APX1039939,Duplicate_Application_ID,Critical,APX1039939,,"Quarantine duplicate occurrence, retain first",duplicate_check
DQ00219,APX1023804,Duplicate_Application_ID,Critical,APX1023804,,"Quarantine duplicate occurrence, retain first",duplicate_check
DQ00220,APX1005647,Duplicate_Application_ID,Critical,APX1005647,,"Quarantine duplicate occurrence, retain first",duplicate_check
DQ00221,APX1061667,Duplicate_Application_ID,Critical,APX1061667,,"Quarantine duplicate occurrence, retain first",duplicate_check
DQ00222,APX1099052,Duplicate_Application_ID,Critical,APX1099052,,"Quarantine duplicate occurrence, retain first",duplicate_check
DQ00223,APX1064854,Duplicate_Application_ID,Critical,APX1064854,,"Quarantine duplicate occurrence, retain first",duplicate_check
DQ00224,APX1017329,Duplicate_Application_ID,Critical,APX1017329,,"Quarantine duplicate occurrence, retain first",duplicate_check
DQ00225,APX1022161,Duplicate_Application_ID,Critical,APX1022161,,"Quarantine duplicate occurrence, retain first",duplicate_check
DQ00226,APX1035897,Duplicate_Application_ID,Critical,APX1035897,,"Quarantine duplicate occurrence, retain first",duplicate_check
DQ00227,APX1053776,Duplicate_Application_ID,Critical,APX1053776,,"Quarantine duplicate occurrence, retain first",duplicate_check
DQ00228,APX1008543,Duplicate_Application_ID,Critical,APX1008543,,"Quarantine duplicate occurrence, retain first",duplicate_check
DQ00229,APX1002989,Duplicate_Application_ID,Critical,APX1002989,,"Quarantine duplicate occurrence, retain first",duplicate_check
DQ00230,APX1037860,Duplicate_Application_ID,Critical,APX1037860,,"Quarantine duplicate occurrence, retain first",duplicate_check
DQ00231,APX1005350,Duplicate_Application_ID,Critical,APX1005350,,"Quarantine duplicate occurrence, retain first",duplicate_check
DQ00232,APX1055848,Duplicate_Application_ID,Critical,APX1055848,,"Quarantine duplicate occurrence, retain first",duplicate_check
DQ00233,APX1030741,Duplicate_Application_ID,Critical,APX1030741,,"Quarantine duplicate occurrence, retain first",duplicate_check
DQ00234,APX1094415,Duplicate_Application_ID,Critical,APX1094415,,"Quarantine duplicate occurrence, retain first",duplicate_check
DQ00235,APX1081992,Duplicate_Application_ID,Critical,APX1081992,,"Quarantine duplicate occurrence, retain first",duplicate_check
DQ00236,APX1093464,Duplicate_Application_ID,Critical,APX1093464,,"Quarantine duplicate occurrence, retain first",duplicate_check
DQ00237,APX1070732,Duplicate_Application_ID,Critical,APX1070732,,"Quarantine duplicate occurrence, retain first",duplicate_check
DQ00238,APX1075785,Duplicate_Application_ID,Critical,APX1075785,,"Quarantine duplicate occurrence, retain first",duplicate_check
DQ00239,APX1045045,Duplicate_Application_ID,Critical,APX1045045,,"Quarantine duplicate occurrence, retain first",duplicate_check
DQ00240,APX1090531,Duplicate_Application_ID,Critical,APX1090531,,"Quarantine duplicate occurrence, retain first",duplicate_check
DQ00241,APX1091104,Duplicate_Application_ID,Critical,APX1091104,,"Quarantine duplicate occurrence, retain first",duplicate_check
DQ00242,APX1034911,Duplicate_Application_ID,Critical,APX1034911,,"Quarantine duplicate occurrence, retain first",duplicate_check
DQ00243,APX1003578,Duplicate_Application_ID,Critical,APX1003578,,"Quarantine duplicate occurrence, retain first",duplicate_check
DQ00244,APX1041746,Duplicate_Application_ID,Critical,APX1041746,,"Quarantine duplicate occurrence, retain first",duplicate_check
DQ00245,APX1094139,Duplicate_Application_ID,Critical,APX1094139,,"Quarantine duplicate occurrence, retain first",duplicate_check
DQ00246,APX1028828,Duplicate_Application_ID,Critical,APX1028828,,"Quarantine duplicate occurrence, retain first",duplicate_check
DQ00247,APX1049669,Duplicate_Application_ID,Critical,APX1049669,,"Quarantine duplicate occurrence, retain first",duplicate_check
DQ00248,APX1010294,Duplicate_Application_ID,Critical,APX1010294,,"Quarantine duplicate occurrence, retain first",duplicate_check
DQ00249,APX1054681,Duplicate_Application_ID,Critical,APX1054681,,"Quarantine duplicate occurrence, retain first",duplicate_check
DQ00250,APX1013810,Duplicate_Application_ID,Critical,APX1013810,,"Quarantine duplicate occurrence, retain first",duplicate_check
DQ00251,APX1035881,Duplicate_Application_ID,Critical,APX1035881,,"Quarantine duplicate occurrence, retain first",duplicate_check
DQ00252,APX1091285,Duplicate_Application_ID,Critical,APX1091285,,"Quarantine duplicate occurrence, retain first",duplicate_check
DQ00253,APX1076948,Duplicate_Application_ID,Critical,APX1076948,,"Quarantine duplicate occurrence, retain first",duplicate_check
DQ00254,APX1064371,Duplicate_Application_ID,Critical,APX1064371,,"Quarantine duplicate occurrence, retain first",duplicate_check
DQ00255,APX1005507,Duplicate_Application_ID,Critical,APX1005507,,"Quarantine duplicate occurrence, retain first",duplicate_check
DQ00256,APX1029998,Duplicate_Application_ID,Critical,APX1029998,,"Quarantine duplicate occurrence, retain first",duplicate_check
DQ00257,APX1023275,Duplicate_Application_ID,Critical,APX1023275,,"Quarantine duplicate occurrence, retain first",duplicate_check
DQ00258,APX1025786,Duplicate_Application_ID,Critical,APX1025786,,"Quarantine duplicate occurrence, retain first",duplicate_check
DQ00259,APX1097583,Duplicate_Application_ID,Critical,APX1097583,,"Quarantine duplicate occurrence, retain first",duplicate_check
DQ00260,APX1053383,Duplicate_Application_ID,Critical,APX1053383,,"Quarantine duplicate occurrence, retain first",duplicate_check
DQ00261,APX1099737,Duplicate_Application_ID,Critical,APX1099737,,"Quarantine duplicate occurrence, retain first",duplicate_check
DQ00262,APX1012732,Duplicate_Application_ID,Critical,APX1012732,,"Quarantine duplicate occurrence, retain first",duplicate_check
DQ00263,APX1071090,Duplicate_Application_ID,Critical,APX1071090,,"Quarantine duplicate occurrence, retain first",duplicate_check
DQ00264,APX1029529,Duplicate_Application_ID,Critical,APX1029529,,"Quarantine duplicate occurrence, retain first",duplicate_check
DQ00265,APX1042514,Duplicate_Application_ID,Critical,APX1042514,,"Quarantine duplicate occurrence, retain first",duplicate_check
DQ00266,APX1003786,Duplicate_Application_ID,Critical,APX1003786,,"Quarantine duplicate occurrence, retain first",duplicate_check
DQ00267,APX1068812,Duplicate_Application_ID,Critical,APX1068812,,"Quarantine duplicate occurrence, retain first",duplicate_check
DQ00268,APX1010082,Duplicate_Application_ID,Critical,APX1010082,,"Quarantine duplicate occurrence, retain first",duplicate_check
DQ00269,APX1057482,Duplicate_Application_ID,Critical,APX1057482,,"Quarantine duplicate occurrence, retain first",duplicate_check
DQ00270,APX1044203,Duplicate_Application_ID,Critical,APX1044203,,"Quarantine duplicate occurrence, retain first",duplicate_check
DQ00271,APX1056529,Duplicate_Application_ID,Critical,APX1056529,,"Quarantine duplicate occurrence, retain first",duplicate_check
DQ00272,APX1088485,Duplicate_Application_ID,Critical,APX1088485,,"Quarantine duplicate occurrence, retain first",duplicate_check
DQ00273,APX1081497,Duplicate_Application_ID,Critical,APX1081497,,"Quarantine duplicate occurrence, retain first",duplicate_check
DQ00274,APX1053710,Duplicate_Application_ID,Critical,APX1053710,,"Quarantine duplicate occurrence, retain first",duplicate_check
DQ00275,APX1035450,Duplicate_Application_ID,Critical,APX1035450,,"Quarantine duplicate occurrence, retain first",duplicate_check
DQ00276,APX1000848,Duplicate_Application_ID,Critical,APX1000848,,"Quarantine duplicate occurrence, retain first",duplicate_check
DQ00277,APX1097667,Duplicate_Application_ID,Critical,APX1097667,,"Quarantine duplicate occurrence, retain first",duplicate_check
DQ00278,APX1021848,Duplicate_Application_ID,Critical,APX1021848,,"Quarantine duplicate occurrence, retain first",duplicate_check
DQ00279,APX1028474,Duplicate_Application_ID,Critical,APX1028474,,"Quarantine duplicate occurrence, retain first",duplicate_check
DQ00280,APX1006021,Duplicate_Application_ID,Critical,APX1006021,,"Quarantine duplicate occurrence, retain first",duplicate_check
DQ00281,APX1064200,Duplicate_Application_ID,Critical,APX1064200,,"Quarantine duplicate occurrence, retain first",duplicate_check
DQ00282,APX1023627,Duplicate_Application_ID,Critical,APX1023627,,"Quarantine duplicate occurrence, retain first",duplicate_check
DQ00283,APX1029162,Duplicate_Application_ID,Critical,APX1029162,,"Quarantine duplicate occurrence, retain first",duplicate_check
DQ00284,APX1034462,Duplicate_Application_ID,Critical,APX1034462,,"Quarantine duplicate occurrence, retain first",duplicate_check
DQ00285,APX1064632,Duplicate_Application_ID,Critical,APX1064632,,"Quarantine duplicate occurrence, retain first",duplicate_check
DQ00286,APX1063170,Duplicate_Application_ID,Critical,APX1063170,,"Quarantine duplicate occurrence, retain first",duplicate_check
DQ00287,APX1047239,Duplicate_Application_ID,Critical,APX1047239,,"Quarantine duplicate occurrence, retain first",duplicate_check
DQ00288,APX1063044,Duplicate_Application_ID,Critical,APX1063044,,"Quarantine duplicate occurrence, retain first",duplicate_check
DQ00289,APX1007038,Duplicate_Application_ID,Critical,APX1007038,,"Quarantine duplicate occurrence, retain first",duplicate_check
DQ00290,APX1070089,Duplicate_Application_ID,Critical,APX1070089,,"Quarantine duplicate occurrence, retain first",duplicate_check
DQ00291,APX1000892,Duplicate_Application_ID,Critical,APX1000892,,"Quarantine duplicate occurrence, retain first",duplicate_check
DQ00292,APX1055776,Duplicate_Application_ID,Critical,APX1055776,,"Quarantine duplicate occurrence, retain first",duplicate_check
DQ00293,APX1065456,Duplicate_Application_ID,Critical,APX1065456,,"Quarantine duplicate occurrence, retain first",duplicate_check
DQ00294,APX1018278,Duplicate_Application_ID,Critical,APX1018278,,"Quarantine duplicate occurrence, retain first",duplicate_check
DQ00295,APX1000778,Duplicate_Application_ID,Critical,APX1000778,,"Quarantine duplicate occurrence, retain first",duplicate_check
DQ00296,APX1077915,Duplicate_Application_ID,Critical,APX1077915,,"Quarantine duplicate occurrence, retain first",duplicate_check
DQ00297,APX1068395,Duplicate_Application_ID,Critical,APX1068395,,"Quarantine duplicate occurrence, retain first",duplicate_check
DQ00298,APX1015555,Duplicate_Application_ID,Critical,APX1015555,,"Quarantine duplicate occurrence, retain first",duplicate_check
DQ00299,APX1062307,Duplicate_Application_ID,Critical,APX1062307,,"Quarantine duplicate occurrence, retain first",duplicate_check
DQ00300,APX1089806,Duplicate_Application_ID,Critical,APX1089806,,"Quarantine duplicate occurrence, retain first",duplicate_check
DQ00301,APX1092959,Duplicate_Application_ID,Critical,APX1092959,,"Quarantine duplicate occurrence, retain first",duplicate_check
DQ00302,APX1095840,Duplicate_Application_ID,Critical,APX1095840,,"Quarantine duplicate occurrence, retain first",duplicate_check
DQ00303,APX1074441,Duplicate_Application_ID,Critical,APX1074441,,"Quarantine duplicate occurrence, retain first",duplicate_check
DQ00304,APX1020233,Duplicate_Application_ID,Critical,APX1020233,,"Quarantine duplicate occurrence, retain first",duplicate_check
DQ00305,APX1098973,Duplicate_Application_ID,Critical,APX1098973,,"Quarantine duplicate occurrence, retain first",duplicate_check
DQ00306,APX1089352,Duplicate_Application_ID,Critical,APX1089352,,"Quarantine duplicate occurrence, retain first",duplicate_check
DQ00307,APX1002897,Duplicate_Application_ID,Critical,APX1002897,,"Quarantine duplicate occurrence, retain first",duplicate_check
DQ00308,APX1015271,Duplicate_Application_ID,Critical,APX1015271,,"Quarantine duplicate occurrence, retain first",duplicate_check
DQ00309,APX1081144,Duplicate_Application_ID,Critical,APX1081144,,"Quarantine duplicate occurrence, retain first",duplicate_check
DQ00310,APX1071089,Duplicate_Application_ID,Critical,APX1071089,,"Quarantine duplicate occurrence, retain first",duplicate_check
DQ00311,APX1077972,Duplicate_Application_ID,Critical,APX1077972,,"Quarantine duplicate occurrence, retain first",duplicate_check
DQ00312,APX1024122,Duplicate_Application_ID,Critical,APX1024122,,"Quarantine duplicate occurrence, retain first",duplicate_check
DQ00313,APX1070320,Duplicate_Application_ID,Critical,APX1070320,,"Quarantine duplicate occurrence, retain first",duplicate_check
DQ00314,APX1093642,Duplicate_Application_ID,Critical,APX1093642,,"Quarantine duplicate occurrence, retain first",duplicate_check
DQ00315,APX1016620,Duplicate_Application_ID,Critical,APX1016620,,"Quarantine duplicate occurrence, retain first",duplicate_check
DQ00316,APX1064838,Duplicate_Application_ID,Critical,APX1064838,,"Quarantine duplicate occurrence, retain first",duplicate_check
DQ00317,APX1014668,Duplicate_Application_ID,Critical,APX1014668,,"Quarantine duplicate occurrence, retain first",duplicate_check
DQ00318,APX1095902,Duplicate_Application_ID,Critical,APX1095902,,"Quarantine duplicate occurrence, retain first",duplicate_check
DQ00319,APX1059975,Duplicate_Application_ID,Critical,APX1059975,,"Quarantine duplicate occurrence, retain first",duplicate_check
DQ00320,APX1080863,Duplicate_Application_ID,Critical,APX1080863,,"Quarantine duplicate occurrence, retain first",duplicate_check
DQ00321,APX1066228,Duplicate_Application_ID,Critical,APX1066228,,"Quarantine duplicate occurrence, retain first",duplicate_check
DQ00322,APX1034804,Duplicate_Application_ID,Critical,APX1034804,,"Quarantine duplicate occurrence, retain first",duplicate_check
DQ00323,APX1016220,Duplicate_Application_ID,Critical,APX1016220,,"Quarantine duplicate occurrence, retain first",duplicate_check
DQ00324,APX1057492,Duplicate_Application_ID,Critical,APX1057492,,"Quarantine duplicate occurrence, retain first",duplicate_check
DQ00325,APX1062035,Duplicate_Application_ID,Critical,APX1062035,,"Quarantine duplicate occurrence, retain first",duplicate_check
DQ00326,APX1090277,Duplicate_Application_ID,Critical,APX1090277,,"Quarantine duplicate occurrence, retain first",duplicate_check
DQ00327,APX1037987,Duplicate_Application_ID,Critical,APX1037987,,"Quarantine duplicate occurrence, retain first",duplicate_check
DQ00328,APX1052605,Duplicate_Application_ID,Critical,APX1052605,,"Quarantine duplicate occurrence, retain first",duplicate_check
DQ00329,APX1096471,Duplicate_Application_ID,Critical,APX1096471,,"Quarantine duplicate occurrence, retain first",duplicate_check
DQ00330,APX1010464,Duplicate_Application_ID,Critical,APX1010464,,"Quarantine duplicate occurrence, retain first",duplicate_check
DQ00331,APX1018980,Duplicate_Application_ID,Critical,APX1018980,,"Quarantine duplicate occurrence, retain first",duplicate_check
DQ00332,APX1012856,Duplicate_Application_ID,Critical,APX1012856,,"Quarantine duplicate occurrence, retain first",duplicate_check
DQ00333,APX1033913,Duplicate_Application_ID,Critical,APX1033913,,"Quarantine duplicate occurrence, retain first",duplicate_check
DQ00334,APX1060661,Duplicate_Application_ID,Critical,APX1060661,,"Quarantine duplicate occurrence, retain first",duplicate_check
DQ00335,APX1082561,Duplicate_Application_ID,Critical,APX1082561,,"Quarantine duplicate occurrence, retain first",duplicate_check
DQ00336,APX1087009,Duplicate_Application_ID,Critical,APX1087009,,"Quarantine duplicate occurrence, retain first",duplicate_check
DQ00337,APX1029375,Duplicate_Application_ID,Critical,APX1029375,,"Quarantine duplicate occurrence, retain first",duplicate_check
DQ00338,APX1029654,Duplicate_Application_ID,Critical,APX1029654,,"Quarantine duplicate occurrence, retain first",duplicate_check
DQ00339,APX1051335,Duplicate_Application_ID,Critical,APX1051335,,"Quarantine duplicate occurrence, retain first",duplicate_check
DQ00340,APX1011405,Duplicate_Application_ID,Critical,APX1011405,,"Quarantine duplicate occurrence, retain first",duplicate_check
DQ00341,APX1078960,Duplicate_Application_ID,Critical,APX1078960,,"Quarantine duplicate occurrence, retain first",duplicate_check
DQ00342,APX1094263,Duplicate_Application_ID,Critical,APX1094263,,"Quarantine duplicate occurrence, retain first",duplicate_check
DQ00343,APX1052505,Duplicate_Application_ID,Critical,APX1052505,,"Quarantine duplicate occurrence, retain first",duplicate_check
DQ00344,APX1013879,Duplicate_Application_ID,Critical,APX1013879,,"Quarantine duplicate occurrence, retain first",duplicate_check
DQ00345,APX1025908,Duplicate_Application_ID,Critical,APX1025908,,"Quarantine duplicate occurrence, retain first",duplicate_check
DQ00346,APX1094624,Duplicate_Application_ID,Critical,APX1094624,,"Quarantine duplicate occurrence, retain first",duplicate_check
DQ00347,APX1067385,Duplicate_Application_ID,Critical,APX1067385,,"Quarantine duplicate occurrence, retain first",duplicate_check
DQ00348,APX1073540,Duplicate_Application_ID,Critical,APX1073540,,"Quarantine duplicate occurrence, retain first",duplicate_check
DQ00349,APX1057315,Duplicate_Application_ID,Critical,APX1057315,,"Quarantine duplicate occurrence, retain first",duplicate_check
DQ00350,APX1042152,Duplicate_Application_ID,Critical,APX1042152,,"Quarantine duplicate occurrence, retain first",duplicate_check
DQ00351,APX1053012,Duplicate_Application_ID,Critical,APX1053012,,"Quarantine duplicate occurrence, retain first",duplicate_check
DQ00352,APX1071317,Duplicate_Application_ID,Critical,APX1071317,,"Quarantine duplicate occurrence, retain first",duplicate_check
DQ00353,APX1058894,Duplicate_Application_ID,Critical,APX1058894,,"Quarantine duplicate occurrence, retain first",duplicate_check
DQ00354,APX1037639,Duplicate_Application_ID,Critical,APX1037639,,"Quarantine duplicate occurrence, retain first",duplicate_check
DQ00355,APX1053424,Duplicate_Application_ID,Critical,APX1053424,,"Quarantine duplicate occurrence, retain first",duplicate_check
DQ00356,APX1091516,Duplicate_Application_ID,Critical,APX1091516,,"Quarantine duplicate occurrence, retain first",duplicate_check
DQ00357,APX1016864,Duplicate_Application_ID,Critical,APX1016864,,"Quarantine duplicate occurrence, retain first",duplicate_check
DQ00358,APX1042489,Duplicate_Application_ID,Critical,APX1042489,,"Quarantine duplicate occurrence, retain first",duplicate_check
DQ00359,APX1048343,Duplicate_Application_ID,Critical,APX1048343,,"Quarantine duplicate occurrence, retain first",duplicate_check
DQ00360,APX1031305,Duplicate_Application_ID,Critical,APX1031305,,"Quarantine duplicate occurrence, retain first",duplicate_check
DQ00361,APX1021186,Duplicate_Application_ID,Critical,APX1021186,,"Quarantine duplicate occurrence, retain first",duplicate_check
DQ00362,APX1071029,Duplicate_Application_ID,Critical,APX1071029,,"Quarantine duplicate occurrence, retain first",duplicate_check
DQ00363,APX1093071,Duplicate_Application_ID,Critical,APX1093071,,"Quarantine duplicate occurrence, retain first",duplicate_check
DQ00364,APX1034366,Duplicate_Application_ID,Critical,APX1034366,,"Quarantine duplicate occurrence, retain first",duplicate_check
DQ00365,APX1018283,Duplicate_Application_ID,Critical,APX1018283,,"Quarantine duplicate occurrence, retain first",duplicate_check
DQ00366,APX1063806,Duplicate_Application_ID,Critical,APX1063806,,"Quarantine duplicate occurrence, retain first",duplicate_check
DQ00367,APX1092725,Duplicate_Application_ID,Critical,APX1092725,,"Quarantine duplicate occurrence, retain first",duplicate_check
DQ00368,APX1098383,Duplicate_Application_ID,Critical,APX1098383,,"Quarantine duplicate occurrence, retain first",duplicate_check
DQ00369,APX1001098,Duplicate_Application_ID,Critical,APX1001098,,"Quarantine duplicate occurrence, retain first",duplicate_check
DQ00370,APX1055176,Duplicate_Application_ID,Critical,APX1055176,,"Quarantine duplicate occurrence, retain first",duplicate_check
DQ00371,APX1093828,Duplicate_Application_ID,Critical,APX1093828,,"Quarantine duplicate occurrence, retain first",duplicate_check
DQ00372,APX1031273,Duplicate_Application_ID,Critical,APX1031273,,"Quarantine duplicate occurrence, retain first",duplicate_check
DQ00373,APX1011505,Duplicate_Application_ID,Critical,APX1011505,,"Quarantine duplicate occurrence, retain first",duplicate_check
DQ00374,APX1061357,Duplicate_Application_ID,Critical,APX1061357,,"Quarantine duplicate occurrence, retain first",duplicate_check
DQ00375,APX1091960,Duplicate_Application_ID,Critical,APX1091960,,"Quarantine duplicate occurrence, retain first",duplicate_check
DQ00376,APX1012308,Duplicate_Application_ID,Critical,APX1012308,,"Quarantine duplicate occurrence, retain first",duplicate_check
DQ00377,APX1098588,Duplicate_Application_ID,Critical,APX1098588,,"Quarantine duplicate occurrence, retain first",duplicate_check
DQ00378,APX1001275,Duplicate_Application_ID,Critical,APX1001275,,"Quarantine duplicate occurrence, retain first",duplicate_check
DQ00379,APX1046301,Duplicate_Application_ID,Critical,APX1046301,,"Quarantine duplicate occurrence, retain first",duplicate_check
DQ00380,APX1075183,Duplicate_Application_ID,Critical,APX1075183,,"Quarantine duplicate occurrence, retain first",duplicate_check
DQ00381,APX1055401,Duplicate_Application_ID,Critical,APX1055401,,"Quarantine duplicate occurrence, retain first",duplicate_check
DQ00382,APX1064987,Duplicate_Application_ID,Critical,APX1064987,,"Quarantine duplicate occurrence, retain first",duplicate_check
DQ00383,APX1030331,Duplicate_Application_ID,Critical,APX1030331,,"Quarantine duplicate occurrence, retain first",duplicate_check
DQ00384,APX1009249,Duplicate_Application_ID,Critical,APX1009249,,"Quarantine duplicate occurrence, retain first",duplicate_check
DQ00385,APX1085869,Duplicate_Application_ID,Critical,APX1085869,,"Quarantine duplicate occurrence, retain first",duplicate_check
DQ00386,APX1021782,Duplicate_Application_ID,Critical,APX1021782,,"Quarantine duplicate occurrence, retain first",duplicate_check
DQ00387,APX1018757,Duplicate_Application_ID,Critical,APX1018757,,"Quarantine duplicate occurrence, retain first",duplicate_check
DQ00388,APX1008961,Duplicate_Application_ID,Critical,APX1008961,,"Quarantine duplicate occurrence, retain first",duplicate_check
DQ00389,APX1086248,Duplicate_Application_ID,Critical,APX1086248,,"Quarantine duplicate occurrence, retain first",duplicate_check
DQ00390,APX1071647,Duplicate_Application_ID,Critical,APX1071647,,"Quarantine duplicate occurrence, retain first",duplicate_check
DQ00391,APX1085258,Duplicate_Application_ID,Critical,APX1085258,,"Quarantine duplicate occurrence, retain first",duplicate_check
DQ00392,APX1045265,Duplicate_Application_ID,Critical,APX1045265,,"Quarantine duplicate occurrence, retain first",duplicate_check
DQ00393,APX1044315,Duplicate_Application_ID,Critical,APX1044315,,"Quarantine duplicate occurrence, retain first",duplicate_check
DQ00394,APX1022560,Duplicate_Application_ID,Critical,APX1022560,,"Quarantine duplicate occurrence, retain first",duplicate_check
DQ00395,APX1011658,Duplicate_Application_ID,Critical,APX1011658,,"Quarantine duplicate occurrence, retain first",duplicate_check
DQ00396,APX1071945,Duplicate_Application_ID,Critical,APX1071945,,"Quarantine duplicate occurrence, retain first",duplicate_check
DQ00397,APX1021892,Duplicate_Application_ID,Critical,APX1021892,,"Quarantine duplicate occurrence, retain first",duplicate_check
DQ00398,APX1011350,Duplicate_Application_ID,Critical,APX1011350,,"Quarantine duplicate occurrence, retain first",duplicate_check
DQ00399,APX1090126,Duplicate_Application_ID,Critical,APX1090126,,"Quarantine duplicate occurrence, retain first",duplicate_check
DQ00400,APX1096642,Duplicate_Application_ID,Critical,APX1096642,,"Quarantine duplicate occurrence, retain first",duplicate_check
DQ00401,APX1000180,Missing_Channel,High,,,Quarantine (required analytical field missing),missing[Channel]
DQ00402,APX1001117,Missing_Channel,High,,,Quarantine (required analytical field missing),missing[Channel]
DQ00403,APX1001212,Missing_Channel,High,,,Quarantine (required analytical field missing),missing[Channel]
DQ00404,APX1002292,Missing_Channel,High,,,Quarantine (required analytical field missing),missing[Channel]
DQ00405,APX1002317,Missing_Channel,High,,,Quarantine (required analytical field missing),missing[Channel]
DQ00406,APX1002675,Missing_Channel,High,,,Quarantine (required analytical field missing),missing[Channel]
DQ00407,APX1002742,Missing_Channel,High,,,Quarantine (required analytical field missing),missing[Channel]
DQ00408,APX1003311,Missing_Channel,High,,,Quarantine (required analytical field missing),missing[Channel]
DQ00409,APX1003699,Missing_Channel,High,,,Quarantine (required analytical field missing),missing[Channel]
DQ00410,APX1003776,Missing_Channel,High,,,Quarantine (required analytical field missing),missing[Channel]
DQ00411,APX1004143,Missing_Channel,High,,,Quarantine (required analytical field missing),missing[Channel]
DQ00412,APX1004193,Missing_Channel,High,,,Quarantine (required analytical field missing),missing[Channel]
DQ00413,APX1004222,Missing_Channel,High,,,Quarantine (required analytical field missing),missing[Channel]
DQ00414,APX1004218,Missing_Channel,High,,,Quarantine (required analytical field missing),missing[Channel]
DQ00415,APX1004312,Missing_Channel,High,,,Quarantine (required analytical field missing),missing[Channel]
DQ00416,APX1005517,Missing_Channel,High,,,Quarantine (required analytical field missing),missing[Channel]
DQ00417,APX1005579,Missing_Channel,High,,,Quarantine (required analytical field missing),missing[Channel]
DQ00418,APX1005826,Missing_Channel,High,,,Quarantine (required analytical field missing),missing[Channel]
DQ00419,APX1006091,Missing_Channel,High,,,Quarantine (required analytical field missing),missing[Channel]
DQ00420,APX1006605,Missing_Channel,High,,,Quarantine (required analytical field missing),missing[Channel]
DQ00421,APX1006840,Missing_Channel,High,,,Quarantine (required analytical field missing),missing[Channel]
DQ00422,APX1007189,Missing_Channel,High,,,Quarantine (required analytical field missing),missing[Channel]
DQ00423,APX1007231,Missing_Channel,High,,,Quarantine (required analytical field missing),missing[Channel]
DQ00424,APX1007521,Missing_Channel,High,,,Quarantine (required analytical field missing),missing[Channel]
DQ00425,APX1007557,Missing_Channel,High,,,Quarantine (required analytical field missing),missing[Channel]
DQ00426,APX1007834,Missing_Channel,High,,,Quarantine (required analytical field missing),missing[Channel]
DQ00427,APX1008407,Missing_Channel,High,,,Quarantine (required analytical field missing),missing[Channel]
DQ00428,APX1008613,Missing_Channel,High,,,Quarantine (required analytical field missing),missing[Channel]
DQ00429,APX1008623,Missing_Channel,High,,,Quarantine (required analytical field missing),missing[Channel]
DQ00430,APX1008665,Missing_Channel,High,,,Quarantine (required analytical field missing),missing[Channel]
DQ00431,APX1009053,Missing_Channel,High,,,Quarantine (required analytical field missing),missing[Channel]
DQ00432,APX1009496,Missing_Channel,High,,,Quarantine (required analytical field missing),missing[Channel]
DQ00433,APX1009452,Missing_Channel,High,,,Quarantine (required analytical field missing),missing[Channel]
DQ00434,APX1009461,Missing_Channel,High,,,Quarantine (required analytical field missing),missing[Channel]
DQ00435,APX1009573,Missing_Channel,High,,,Quarantine (required analytical field missing),missing[Channel]
DQ00436,APX1009798,Missing_Channel,High,,,Quarantine (required analytical field missing),missing[Channel]
DQ00437,APX1010014,Missing_Channel,High,,,Quarantine (required analytical field missing),missing[Channel]
DQ00438,APX1010130,Missing_Channel,High,,,Quarantine (required analytical field missing),missing[Channel]
DQ00439,APX1010463,Missing_Channel,High,,,Quarantine (required analytical field missing),missing[Channel]
DQ00440,APX1010747,Missing_Channel,High,,,Quarantine (required analytical field missing),missing[Channel]
DQ00441,APX1010962,Missing_Channel,High,,,Quarantine (required analytical field missing),missing[Channel]
DQ00442,APX1011006,Missing_Channel,High,,,Quarantine (required analytical field missing),missing[Channel]
DQ00443,APX1011172,Missing_Channel,High,,,Quarantine (required analytical field missing),missing[Channel]
DQ00444,APX1012416,Missing_Channel,High,,,Quarantine (required analytical field missing),missing[Channel]
DQ00445,APX1012675,Missing_Channel,High,,,Quarantine (required analytical field missing),missing[Channel]
DQ00446,APX1012664,Missing_Channel,High,,,Quarantine (required analytical field missing),missing[Channel]
DQ00447,APX1012851,Missing_Channel,High,,,Quarantine (required analytical field missing),missing[Channel]
DQ00448,APX1013335,Missing_Channel,High,,,Quarantine (required analytical field missing),missing[Channel]
DQ00449,APX1014504,Missing_Channel,High,,,Quarantine (required analytical field missing),missing[Channel]
DQ00450,APX1014617,Missing_Channel,High,,,Quarantine (required analytical field missing),missing[Channel]
DQ00451,APX1014955,Missing_Channel,High,,,Quarantine (required analytical field missing),missing[Channel]
DQ00452,APX1015134,Missing_Channel,High,,,Quarantine (required analytical field missing),missing[Channel]
DQ00453,APX1015483,Missing_Channel,High,,,Quarantine (required analytical field missing),missing[Channel]
DQ00454,APX1016582,Missing_Channel,High,,,Quarantine (required analytical field missing),missing[Channel]
DQ00455,APX1016917,Missing_Channel,High,,,Quarantine (required analytical field missing),missing[Channel]
DQ00456,APX1017208,Missing_Channel,High,,,Quarantine (required analytical field missing),missing[Channel]
DQ00457,APX1017299,Missing_Channel,High,,,Quarantine (required analytical field missing),missing[Channel]
DQ00458,APX1017766,Missing_Channel,High,,,Quarantine (required analytical field missing),missing[Channel]
DQ00459,APX1017700,Missing_Channel,High,,,Quarantine (required analytical field missing),missing[Channel]
DQ00460,APX1018478,Missing_Channel,High,,,Quarantine (required analytical field missing),missing[Channel]
DQ00461,APX1019368,Missing_Channel,High,,,Quarantine (required analytical field missing),missing[Channel]
DQ00462,APX1019501,Missing_Channel,High,,,Quarantine (required analytical field missing),missing[Channel]
DQ00463,APX1019544,Missing_Channel,High,,,Quarantine (required analytical field missing),missing[Channel]
DQ00464,APX1019627,Missing_Channel,High,,,Quarantine (required analytical field missing),missing[Channel]
DQ00465,APX1020364,Missing_Channel,High,,,Quarantine (required analytical field missing),missing[Channel]
DQ00466,APX1021258,Missing_Channel,High,,,Quarantine (required analytical field missing),missing[Channel]
DQ00467,APX1021331,Missing_Channel,High,,,Quarantine (required analytical field missing),missing[Channel]
DQ00468,APX1022144,Missing_Channel,High,,,Quarantine (required analytical field missing),missing[Channel]
DQ00469,APX1022111,Missing_Channel,High,,,Quarantine (required analytical field missing),missing[Channel]
DQ00470,APX1022314,Missing_Channel,High,,,Quarantine (required analytical field missing),missing[Channel]
DQ00471,APX1022430,Missing_Channel,High,,,Quarantine (required analytical field missing),missing[Channel]
DQ00472,APX1023625,Missing_Channel,High,,,Quarantine (required analytical field missing),missing[Channel]
DQ00473,APX1023747,Missing_Channel,High,,,Quarantine (required analytical field missing),missing[Channel]
DQ00474,APX1023818,Missing_Channel,High,,,Quarantine (required analytical field missing),missing[Channel]
DQ00475,APX1023917,Missing_Channel,High,,,Quarantine (required analytical field missing),missing[Channel]
DQ00476,APX1023941,Missing_Channel,High,,,Quarantine (required analytical field missing),missing[Channel]
DQ00477,APX1024112,Missing_Channel,High,,,Quarantine (required analytical field missing),missing[Channel]
DQ00478,APX1024278,Missing_Channel,High,,,Quarantine (required analytical field missing),missing[Channel]
DQ00479,APX1024324,Missing_Channel,High,,,Quarantine (required analytical field missing),missing[Channel]
DQ00480,APX1024793,Missing_Channel,High,,,Quarantine (required analytical field missing),missing[Channel]
DQ00481,APX1024802,Missing_Channel,High,,,Quarantine (required analytical field missing),missing[Channel]
DQ00482,APX1025089,Missing_Channel,High,,,Quarantine (required analytical field missing),missing[Channel]
DQ00483,APX1025701,Missing_Channel,High,,,Quarantine (required analytical field missing),missing[Channel]
DQ00484,APX1026158,Missing_Channel,High,,,Quarantine (required analytical field missing),missing[Channel]
DQ00485,APX1026347,Missing_Channel,High,,,Quarantine (required analytical field missing),missing[Channel]
DQ00486,APX1026842,Missing_Channel,High,,,Quarantine (required analytical field missing),missing[Channel]
DQ00487,APX1026971,Missing_Channel,High,,,Quarantine (required analytical field missing),missing[Channel]
DQ00488,APX1026890,Missing_Channel,High,,,Quarantine (required analytical field missing),missing[Channel]
DQ00489,APX1027590,Missing_Channel,High,,,Quarantine (required analytical field missing),missing[Channel]
DQ00490,APX1027678,Missing_Channel,High,,,Quarantine (required analytical field missing),missing[Channel]
DQ00491,APX1028867,Missing_Channel,High,,,Quarantine (required analytical field missing),missing[Channel]
DQ00492,APX1029192,Missing_Channel,High,,,Quarantine (required analytical field missing),missing[Channel]
DQ00493,APX1029608,Missing_Channel,High,,,Quarantine (required analytical field missing),missing[Channel]
DQ00494,APX1029878,Missing_Channel,High,,,Quarantine (required analytical field missing),missing[Channel]
DQ00495,APX1029995,Missing_Channel,High,,,Quarantine (required analytical field missing),missing[Channel]
DQ00496,APX1030027,Missing_Channel,High,,,Quarantine (required analytical field missing),missing[Channel]
DQ00497,APX1030545,Missing_Channel,High,,,Quarantine (required analytical field missing),missing[Channel]
DQ00498,APX1030598,Missing_Channel,High,,,Quarantine (required analytical field missing),missing[Channel]
DQ00499,APX1030781,Missing_Channel,High,,,Quarantine (required analytical field missing),missing[Channel]
DQ00500,APX1031202,Missing_Channel,High,,,Quarantine (required analytical field missing),missing[Channel]
DQ00501,APX1031295,Missing_Channel,High,,,Quarantine (required analytical field missing),missing[Channel]
DQ00502,APX1031660,Missing_Channel,High,,,Quarantine (required analytical field missing),missing[Channel]
DQ00503,APX1031867,Missing_Channel,High,,,Quarantine (required analytical field missing),missing[Channel]
DQ00504,APX1031938,Missing_Channel,High,,,Quarantine (required analytical field missing),missing[Channel]
DQ00505,APX1031991,Missing_Channel,High,,,Quarantine (required analytical field missing),missing[Channel]
DQ00506,APX1032192,Missing_Channel,High,,,Quarantine (required analytical field missing),missing[Channel]
DQ00507,APX1032904,Missing_Channel,High,,,Quarantine (required analytical field missing),missing[Channel]
DQ00508,APX1033488,Missing_Channel,High,,,Quarantine (required analytical field missing),missing[Channel]
DQ00509,APX1034065,Missing_Channel,High,,,Quarantine (required analytical field missing),missing[Channel]
DQ00510,APX1034239,Missing_Channel,High,,,Quarantine (required analytical field missing),missing[Channel]
DQ00511,APX1034976,Missing_Channel,High,,,Quarantine (required analytical field missing),missing[Channel]
DQ00512,APX1035256,Missing_Channel,High,,,Quarantine (required analytical field missing),missing[Channel]
DQ00513,APX1035685,Missing_Channel,High,,,Quarantine (required analytical field missing),missing[Channel]
DQ00514,APX1035960,Missing_Channel,High,,,Quarantine (required analytical field missing),missing[Channel]
DQ00515,APX1036401,Missing_Channel,High,,,Quarantine (required analytical field missing),missing[Channel]
DQ00516,APX1036739,Missing_Channel,High,,,Quarantine (required analytical field missing),missing[Channel]
DQ00517,APX1037049,Missing_Channel,High,,,Quarantine (required analytical field missing),missing[Channel]
DQ00518,APX1038016,Missing_Channel,High,,,Quarantine (required analytical field missing),missing[Channel]
DQ00519,APX1038206,Missing_Channel,High,,,Quarantine (required analytical field missing),missing[Channel]
DQ00520,APX1038300,Missing_Channel,High,,,Quarantine (required analytical field missing),missing[Channel]
DQ00521,APX1039223,Missing_Channel,High,,,Quarantine (required analytical field missing),missing[Channel]
DQ00522,APX1039146,Missing_Channel,High,,,Quarantine (required analytical field missing),missing[Channel]
DQ00523,APX1039392,Missing_Channel,High,,,Quarantine (required analytical field missing),missing[Channel]
DQ00524,APX1039976,Missing_Channel,High,,,Quarantine (required analytical field missing),missing[Channel]
DQ00525,APX1039967,Missing_Channel,High,,,Quarantine (required analytical field missing),missing[Channel]
DQ00526,APX1040171,Missing_Channel,High,,,Quarantine (required analytical field missing),missing[Channel]
DQ00527,APX1040393,Missing_Channel,High,,,Quarantine (required analytical field missing),missing[Channel]
DQ00528,APX1041696,Missing_Channel,High,,,Quarantine (required analytical field missing),missing[Channel]
DQ00529,APX1041755,Missing_Channel,High,,,Quarantine (required analytical field missing),missing[Channel]
DQ00530,APX1042585,Missing_Channel,High,,,Quarantine (required analytical field missing),missing[Channel]
DQ00531,APX1042538,Missing_Channel,High,,,Quarantine (required analytical field missing),missing[Channel]
DQ00532,APX1042707,Missing_Channel,High,,,Quarantine (required analytical field missing),missing[Channel]
DQ00533,APX1042780,Missing_Channel,High,,,Quarantine (required analytical field missing),missing[Channel]
DQ00534,APX1043056,Missing_Channel,High,,,Quarantine (required analytical field missing),missing[Channel]
DQ00535,APX1043498,Missing_Channel,High,,,Quarantine (required analytical field missing),missing[Channel]
DQ00536,APX1043542,Missing_Channel,High,,,Quarantine (required analytical field missing),missing[Channel]
DQ00537,APX1043753,Missing_Channel,High,,,Quarantine (required analytical field missing),missing[Channel]
DQ00538,APX1044690,Missing_Channel,High,,,Quarantine (required analytical field missing),missing[Channel]
DQ00539,APX1045274,Missing_Channel,High,,,Quarantine (required analytical field missing),missing[Channel]
DQ00540,APX1046347,Missing_Channel,High,,,Quarantine (required analytical field missing),missing[Channel]
DQ00541,APX1046387,Missing_Channel,High,,,Quarantine (required analytical field missing),missing[Channel]
DQ00542,APX1046404,Missing_Channel,High,,,Quarantine (required analytical field missing),missing[Channel]
DQ00543,APX1047100,Missing_Channel,High,,,Quarantine (required analytical field missing),missing[Channel]
DQ00544,APX1047556,Missing_Channel,High,,,Quarantine (required analytical field missing),missing[Channel]
DQ00545,APX1048183,Missing_Channel,High,,,Quarantine (required analytical field missing),missing[Channel]
DQ00546,APX1048781,Missing_Channel,High,,,Quarantine (required analytical field missing),missing[Channel]
DQ00547,APX1048980,Missing_Channel,High,,,Quarantine (required analytical field missing),missing[Channel]
DQ00548,APX1048951,Missing_Channel,High,,,Quarantine (required analytical field missing),missing[Channel]
DQ00549,APX1049042,Missing_Channel,High,,,Quarantine (required analytical field missing),missing[Channel]
DQ00550,APX1049169,Missing_Channel,High,,,Quarantine (required analytical field missing),missing[Channel]
DQ00551,APX1049480,Missing_Channel,High,,,Quarantine (required analytical field missing),missing[Channel]
DQ00552,APX1050155,Missing_Channel,High,,,Quarantine (required analytical field missing),missing[Channel]
DQ00553,APX1050156,Missing_Channel,High,,,Quarantine (required analytical field missing),missing[Channel]
DQ00554,APX1050363,Missing_Channel,High,,,Quarantine (required analytical field missing),missing[Channel]
DQ00555,APX1050359,Missing_Channel,High,,,Quarantine (required analytical field missing),missing[Channel]
DQ00556,APX1050729,Missing_Channel,High,,,Quarantine (required analytical field missing),missing[Channel]
DQ00557,APX1051063,Missing_Channel,High,,,Quarantine (required analytical field missing),missing[Channel]
DQ00558,APX1051815,Missing_Channel,High,,,Quarantine (required analytical field missing),missing[Channel]
DQ00559,APX1052180,Missing_Channel,High,,,Quarantine (required analytical field missing),missing[Channel]
DQ00560,APX1052518,Missing_Channel,High,,,Quarantine (required analytical field missing),missing[Channel]
DQ00561,APX1053128,Missing_Channel,High,,,Quarantine (required analytical field missing),missing[Channel]
DQ00562,APX1053495,Missing_Channel,High,,,Quarantine (required analytical field missing),missing[Channel]
DQ00563,APX1053901,Missing_Channel,High,,,Quarantine (required analytical field missing),missing[Channel]
DQ00564,APX1054116,Missing_Channel,High,,,Quarantine (required analytical field missing),missing[Channel]
DQ00565,APX1054229,Missing_Channel,High,,,Quarantine (required analytical field missing),missing[Channel]
DQ00566,APX1054486,Missing_Channel,High,,,Quarantine (required analytical field missing),missing[Channel]
DQ00567,APX1054503,Missing_Channel,High,,,Quarantine (required analytical field missing),missing[Channel]
DQ00568,APX1054682,Missing_Channel,High,,,Quarantine (required analytical field missing),missing[Channel]
DQ00569,APX1054675,Missing_Channel,High,,,Quarantine (required analytical field missing),missing[Channel]
DQ00570,APX1054763,Missing_Channel,High,,,Quarantine (required analytical field missing),missing[Channel]
DQ00571,APX1054898,Missing_Channel,High,,,Quarantine (required analytical field missing),missing[Channel]
DQ00572,APX1055340,Missing_Channel,High,,,Quarantine (required analytical field missing),missing[Channel]
DQ00573,APX1055886,Missing_Channel,High,,,Quarantine (required analytical field missing),missing[Channel]
DQ00574,APX1055809,Missing_Channel,High,,,Quarantine (required analytical field missing),missing[Channel]
DQ00575,APX1055980,Missing_Channel,High,,,Quarantine (required analytical field missing),missing[Channel]
DQ00576,APX1056518,Missing_Channel,High,,,Quarantine (required analytical field missing),missing[Channel]
DQ00577,APX1056384,Missing_Channel,High,,,Quarantine (required analytical field missing),missing[Channel]
DQ00578,APX1056537,Missing_Channel,High,,,Quarantine (required analytical field missing),missing[Channel]
DQ00579,APX1056860,Missing_Channel,High,,,Quarantine (required analytical field missing),missing[Channel]
DQ00580,APX1057110,Missing_Channel,High,,,Quarantine (required analytical field missing),missing[Channel]
DQ00581,APX1057229,Missing_Channel,High,,,Quarantine (required analytical field missing),missing[Channel]
DQ00582,APX1057425,Missing_Channel,High,,,Quarantine (required analytical field missing),missing[Channel]
DQ00583,APX1058203,Missing_Channel,High,,,Quarantine (required analytical field missing),missing[Channel]
DQ00584,APX1058744,Missing_Channel,High,,,Quarantine (required analytical field missing),missing[Channel]
DQ00585,APX1058811,Missing_Channel,High,,,Quarantine (required analytical field missing),missing[Channel]
DQ00586,APX1059991,Missing_Channel,High,,,Quarantine (required analytical field missing),missing[Channel]
DQ00587,APX1060566,Missing_Channel,High,,,Quarantine (required analytical field missing),missing[Channel]
DQ00588,APX1060793,Missing_Channel,High,,,Quarantine (required analytical field missing),missing[Channel]
DQ00589,APX1061276,Missing_Channel,High,,,Quarantine (required analytical field missing),missing[Channel]
DQ00590,APX1061991,Missing_Channel,High,,,Quarantine (required analytical field missing),missing[Channel]
DQ00591,APX1062182,Missing_Channel,High,,,Quarantine (required analytical field missing),missing[Channel]
DQ00592,APX1062414,Missing_Channel,High,,,Quarantine (required analytical field missing),missing[Channel]
DQ00593,APX1063230,Missing_Channel,High,,,Quarantine (required analytical field missing),missing[Channel]
DQ00594,APX1063303,Missing_Channel,High,,,Quarantine (required analytical field missing),missing[Channel]
DQ00595,APX1063486,Missing_Channel,High,,,Quarantine (required analytical field missing),missing[Channel]
DQ00596,APX1064868,Missing_Channel,High,,,Quarantine (required analytical field missing),missing[Channel]
DQ00597,APX1065605,Missing_Channel,High,,,Quarantine (required analytical field missing),missing[Channel]
DQ00598,APX1065991,Missing_Channel,High,,,Quarantine (required analytical field missing),missing[Channel]
DQ00599,APX1066372,Missing_Channel,High,,,Quarantine (required analytical field missing),missing[Channel]
DQ00600,APX1067085,Missing_Channel,High,,,Quarantine (required analytical field missing),missing[Channel]
DQ00601,APX1067305,Missing_Channel,High,,,Quarantine (required analytical field missing),missing[Channel]
DQ00602,APX1068053,Missing_Channel,High,,,Quarantine (required analytical field missing),missing[Channel]
DQ00603,APX1068091,Missing_Channel,High,,,Quarantine (required analytical field missing),missing[Channel]
DQ00604,APX1069768,Missing_Channel,High,,,Quarantine (required analytical field missing),missing[Channel]
DQ00605,APX1069817,Missing_Channel,High,,,Quarantine (required analytical field missing),missing[Channel]
DQ00606,APX1069823,Missing_Channel,High,,,Quarantine (required analytical field missing),missing[Channel]
DQ00607,APX1070001,Missing_Channel,High,,,Quarantine (required analytical field missing),missing[Channel]
DQ00608,APX1070183,Missing_Channel,High,,,Quarantine (required analytical field missing),missing[Channel]
DQ00609,APX1070597,Missing_Channel,High,,,Quarantine (required analytical field missing),missing[Channel]
DQ00610,APX1070610,Missing_Channel,High,,,Quarantine (required analytical field missing),missing[Channel]
DQ00611,APX1070689,Missing_Channel,High,,,Quarantine (required analytical field missing),missing[Channel]
DQ00612,APX1070622,Missing_Channel,High,,,Quarantine (required analytical field missing),missing[Channel]
DQ00613,APX1071164,Missing_Channel,High,,,Quarantine (required analytical field missing),missing[Channel]
DQ00614,APX1071234,Missing_Channel,High,,,Quarantine (required analytical field missing),missing[Channel]
DQ00615,APX1071715,Missing_Channel,High,,,Quarantine (required analytical field missing),missing[Channel]
DQ00616,APX1072831,Missing_Channel,High,,,Quarantine (required analytical field missing),missing[Channel]
DQ00617,APX1072905,Missing_Channel,High,,,Quarantine (required analytical field missing),missing[Channel]
DQ00618,APX1072982,Missing_Channel,High,,,Quarantine (required analytical field missing),missing[Channel]
DQ00619,APX1073162,Missing_Channel,High,,,Quarantine (required analytical field missing),missing[Channel]
DQ00620,APX1073232,Missing_Channel,High,,,Quarantine (required analytical field missing),missing[Channel]
DQ00621,APX1073337,Missing_Channel,High,,,Quarantine (required analytical field missing),missing[Channel]
DQ00622,APX1073396,Missing_Channel,High,,,Quarantine (required analytical field missing),missing[Channel]
DQ00623,APX1073892,Missing_Channel,High,,,Quarantine (required analytical field missing),missing[Channel]
DQ00624,APX1074333,Missing_Channel,High,,,Quarantine (required analytical field missing),missing[Channel]
DQ00625,APX1074320,Missing_Channel,High,,,Quarantine (required analytical field missing),missing[Channel]
DQ00626,APX1074389,Missing_Channel,High,,,Quarantine (required analytical field missing),missing[Channel]
DQ00627,APX1075526,Missing_Channel,High,,,Quarantine (required analytical field missing),missing[Channel]
DQ00628,APX1076058,Missing_Channel,High,,,Quarantine (required analytical field missing),missing[Channel]
DQ00629,APX1076397,Missing_Channel,High,,,Quarantine (required analytical field missing),missing[Channel]
DQ00630,APX1076513,Missing_Channel,High,,,Quarantine (required analytical field missing),missing[Channel]
DQ00631,APX1076577,Missing_Channel,High,,,Quarantine (required analytical field missing),missing[Channel]
DQ00632,APX1077233,Missing_Channel,High,,,Quarantine (required analytical field missing),missing[Channel]
DQ00633,APX1077235,Missing_Channel,High,,,Quarantine (required analytical field missing),missing[Channel]
DQ00634,APX1077552,Missing_Channel,High,,,Quarantine (required analytical field missing),missing[Channel]
DQ00635,APX1077722,Missing_Channel,High,,,Quarantine (required analytical field missing),missing[Channel]
DQ00636,APX1077631,Missing_Channel,High,,,Quarantine (required analytical field missing),missing[Channel]
DQ00637,APX1078317,Missing_Channel,High,,,Quarantine (required analytical field missing),missing[Channel]
DQ00638,APX1078448,Missing_Channel,High,,,Quarantine (required analytical field missing),missing[Channel]
DQ00639,APX1078855,Missing_Channel,High,,,Quarantine (required analytical field missing),missing[Channel]
DQ00640,APX1079108,Missing_Channel,High,,,Quarantine (required analytical field missing),missing[Channel]
DQ00641,APX1079199,Missing_Channel,High,,,Quarantine (required analytical field missing),missing[Channel]
DQ00642,APX1079344,Missing_Channel,High,,,Quarantine (required analytical field missing),missing[Channel]
DQ00643,APX1079590,Missing_Channel,High,,,Quarantine (required analytical field missing),missing[Channel]
DQ00644,APX1079705,Missing_Channel,High,,,Quarantine (required analytical field missing),missing[Channel]
DQ00645,APX1079842,Missing_Channel,High,,,Quarantine (required analytical field missing),missing[Channel]
DQ00646,APX1080068,Missing_Channel,High,,,Quarantine (required analytical field missing),missing[Channel]
DQ00647,APX1080408,Missing_Channel,High,,,Quarantine (required analytical field missing),missing[Channel]
DQ00648,APX1080535,Missing_Channel,High,,,Quarantine (required analytical field missing),missing[Channel]
DQ00649,APX1080462,Missing_Channel,High,,,Quarantine (required analytical field missing),missing[Channel]
DQ00650,APX1080692,Missing_Channel,High,,,Quarantine (required analytical field missing),missing[Channel]
DQ00651,APX1080649,Missing_Channel,High,,,Quarantine (required analytical field missing),missing[Channel]
DQ00652,APX1081078,Missing_Channel,High,,,Quarantine (required analytical field missing),missing[Channel]
DQ00653,APX1081684,Missing_Channel,High,,,Quarantine (required analytical field missing),missing[Channel]
DQ00654,APX1082190,Missing_Channel,High,,,Quarantine (required analytical field missing),missing[Channel]
DQ00655,APX1082398,Missing_Channel,High,,,Quarantine (required analytical field missing),missing[Channel]
DQ00656,APX1082303,Missing_Channel,High,,,Quarantine (required analytical field missing),missing[Channel]
DQ00657,APX1082610,Missing_Channel,High,,,Quarantine (required analytical field missing),missing[Channel]
DQ00658,APX1083252,Missing_Channel,High,,,Quarantine (required analytical field missing),missing[Channel]
DQ00659,APX1083886,Missing_Channel,High,,,Quarantine (required analytical field missing),missing[Channel]
DQ00660,APX1084380,Missing_Channel,High,,,Quarantine (required analytical field missing),missing[Channel]
DQ00661,APX1084405,Missing_Channel,High,,,Quarantine (required analytical field missing),missing[Channel]
DQ00662,APX1085232,Missing_Channel,High,,,Quarantine (required analytical field missing),missing[Channel]
DQ00663,APX1085936,Missing_Channel,High,,,Quarantine (required analytical field missing),missing[Channel]
DQ00664,APX1085858,Missing_Channel,High,,,Quarantine (required analytical field missing),missing[Channel]
DQ00665,APX1086358,Missing_Channel,High,,,Quarantine (required analytical field missing),missing[Channel]
DQ00666,APX1087429,Missing_Channel,High,,,Quarantine (required analytical field missing),missing[Channel]
DQ00667,APX1087547,Missing_Channel,High,,,Quarantine (required analytical field missing),missing[Channel]
DQ00668,APX1087924,Missing_Channel,High,,,Quarantine (required analytical field missing),missing[Channel]
DQ00669,APX1087998,Missing_Channel,High,,,Quarantine (required analytical field missing),missing[Channel]
DQ00670,APX1088043,Missing_Channel,High,,,Quarantine (required analytical field missing),missing[Channel]
DQ00671,APX1088072,Missing_Channel,High,,,Quarantine (required analytical field missing),missing[Channel]
DQ00672,APX1088444,Missing_Channel,High,,,Quarantine (required analytical field missing),missing[Channel]
DQ00673,APX1089932,Missing_Channel,High,,,Quarantine (required analytical field missing),missing[Channel]
DQ00674,APX1090088,Missing_Channel,High,,,Quarantine (required analytical field missing),missing[Channel]
DQ00675,APX1090232,Missing_Channel,High,,,Quarantine (required analytical field missing),missing[Channel]
DQ00676,APX1090624,Missing_Channel,High,,,Quarantine (required analytical field missing),missing[Channel]
DQ00677,APX1091410,Missing_Channel,High,,,Quarantine (required analytical field missing),missing[Channel]
DQ00678,APX1091568,Missing_Channel,High,,,Quarantine (required analytical field missing),missing[Channel]
DQ00679,APX1091747,Missing_Channel,High,,,Quarantine (required analytical field missing),missing[Channel]
DQ00680,APX1091986,Missing_Channel,High,,,Quarantine (required analytical field missing),missing[Channel]
DQ00681,APX1092288,Missing_Channel,High,,,Quarantine (required analytical field missing),missing[Channel]
DQ00682,APX1092404,Missing_Channel,High,,,Quarantine (required analytical field missing),missing[Channel]
DQ00683,APX1092774,Missing_Channel,High,,,Quarantine (required analytical field missing),missing[Channel]
DQ00684,APX1093273,Missing_Channel,High,,,Quarantine (required analytical field missing),missing[Channel]
DQ00685,APX1093554,Missing_Channel,High,,,Quarantine (required analytical field missing),missing[Channel]
DQ00686,APX1093800,Missing_Channel,High,,,Quarantine (required analytical field missing),missing[Channel]
DQ00687,APX1093922,Missing_Channel,High,,,Quarantine (required analytical field missing),missing[Channel]
DQ00688,APX1094590,Missing_Channel,High,,,Quarantine (required analytical field missing),missing[Channel]
DQ00689,APX1094665,Missing_Channel,High,,,Quarantine (required analytical field missing),missing[Channel]
DQ00690,APX1095425,Missing_Channel,High,,,Quarantine (required analytical field missing),missing[Channel]
DQ00691,APX1095787,Missing_Channel,High,,,Quarantine (required analytical field missing),missing[Channel]
DQ00692,APX1095904,Missing_Channel,High,,,Quarantine (required analytical field missing),missing[Channel]
DQ00693,APX1096534,Missing_Channel,High,,,Quarantine (required analytical field missing),missing[Channel]
DQ00694,APX1097317,Missing_Channel,High,,,Quarantine (required analytical field missing),missing[Channel]
DQ00695,APX1097304,Missing_Channel,High,,,Quarantine (required analytical field missing),missing[Channel]
DQ00696,APX1097749,Missing_Channel,High,,,Quarantine (required analytical field missing),missing[Channel]
DQ00697,APX1098482,Missing_Channel,High,,,Quarantine (required analytical field missing),missing[Channel]
DQ00698,APX1098696,Missing_Channel,High,,,Quarantine (required analytical field missing),missing[Channel]
DQ00699,APX1099582,Missing_Channel,High,,,Quarantine (required analytical field missing),missing[Channel]
DQ00700,APX1099707,Missing_Channel,High,,,Quarantine (required analytical field missing),missing[Channel]
DQ00701,APX1000677,Missing_Product_Type,High,,,Quarantine (required analytical field missing),missing[Product_Type]
DQ00702,APX1001285,Missing_Product_Type,High,,,Quarantine (required analytical field missing),missing[Product_Type]
DQ00703,APX1001811,Missing_Product_Type,High,,,Quarantine (required analytical field missing),missing[Product_Type]
DQ00704,APX1001768,Missing_Product_Type,High,,,Quarantine (required analytical field missing),missing[Product_Type]
DQ00705,APX1001864,Missing_Product_Type,High,,,Quarantine (required analytical field missing),missing[Product_Type]
DQ00706,APX1003131,Missing_Product_Type,High,,,Quarantine (required analytical field missing),missing[Product_Type]
DQ00707,APX1004125,Missing_Product_Type,High,,,Quarantine (required analytical field missing),missing[Product_Type]
DQ00708,APX1004059,Missing_Product_Type,High,,,Quarantine (required analytical field missing),missing[Product_Type]
DQ00709,APX1004510,Missing_Product_Type,High,,,Quarantine (required analytical field missing),missing[Product_Type]
DQ00710,APX1005316,Missing_Product_Type,High,,,Quarantine (required analytical field missing),missing[Product_Type]
DQ00711,APX1005380,Missing_Product_Type,High,,,Quarantine (required analytical field missing),missing[Product_Type]
DQ00712,APX1005519,Missing_Product_Type,High,,,Quarantine (required analytical field missing),missing[Product_Type]
DQ00713,APX1005601,Missing_Product_Type,High,,,Quarantine (required analytical field missing),missing[Product_Type]
DQ00714,APX1005799,Missing_Product_Type,High,,,Quarantine (required analytical field missing),missing[Product_Type]
DQ00715,APX1006161,Missing_Product_Type,High,,,Quarantine (required analytical field missing),missing[Product_Type]
DQ00716,APX1006531,Missing_Product_Type,High,,,Quarantine (required analytical field missing),missing[Product_Type]
DQ00717,APX1007225,Missing_Product_Type,High,,,Quarantine (required analytical field missing),missing[Product_Type]
DQ00718,APX1007723,Missing_Product_Type,High,,,Quarantine (required analytical field missing),missing[Product_Type]
DQ00719,APX1008029,Missing_Product_Type,High,,,Quarantine (required analytical field missing),missing[Product_Type]
DQ00720,APX1008213,Missing_Product_Type,High,,,Quarantine (required analytical field missing),missing[Product_Type]
DQ00721,APX1008153,Missing_Product_Type,High,,,Quarantine (required analytical field missing),missing[Product_Type]
DQ00722,APX1008161,Missing_Product_Type,High,,,Quarantine (required analytical field missing),missing[Product_Type]
DQ00723,APX1008439,Missing_Product_Type,High,,,Quarantine (required analytical field missing),missing[Product_Type]
DQ00724,APX1008472,Missing_Product_Type,High,,,Quarantine (required analytical field missing),missing[Product_Type]
DQ00725,APX1008937,Missing_Product_Type,High,,,Quarantine (required analytical field missing),missing[Product_Type]
DQ00726,APX1008916,Missing_Product_Type,High,,,Quarantine (required analytical field missing),missing[Product_Type]
DQ00727,APX1009821,Missing_Product_Type,High,,,Quarantine (required analytical field missing),missing[Product_Type]
DQ00728,APX1009955,Missing_Product_Type,High,,,Quarantine (required analytical field missing),missing[Product_Type]
DQ00729,APX1010077,Missing_Product_Type,High,,,Quarantine (required analytical field missing),missing[Product_Type]
DQ00730,APX1011602,Missing_Product_Type,High,,,Quarantine (required analytical field missing),missing[Product_Type]
DQ00731,APX1011823,Missing_Product_Type,High,,,Quarantine (required analytical field missing),missing[Product_Type]
DQ00732,APX1012256,Missing_Product_Type,High,,,Quarantine (required analytical field missing),missing[Product_Type]
DQ00733,APX1012186,Missing_Product_Type,High,,,Quarantine (required analytical field missing),missing[Product_Type]
DQ00734,APX1012359,Missing_Product_Type,High,,,Quarantine (required analytical field missing),missing[Product_Type]
DQ00735,APX1013158,Missing_Product_Type,High,,,Quarantine (required analytical field missing),missing[Product_Type]
DQ00736,APX1013654,Missing_Product_Type,High,,,Quarantine (required analytical field missing),missing[Product_Type]
DQ00737,APX1014190,Missing_Product_Type,High,,,Quarantine (required analytical field missing),missing[Product_Type]
DQ00738,APX1014360,Missing_Product_Type,High,,,Quarantine (required analytical field missing),missing[Product_Type]
DQ00739,APX1014696,Missing_Product_Type,High,,,Quarantine (required analytical field missing),missing[Product_Type]
DQ00740,APX1015332,Missing_Product_Type,High,,,Quarantine (required analytical field missing),missing[Product_Type]
DQ00741,APX1015383,Missing_Product_Type,High,,,Quarantine (required analytical field missing),missing[Product_Type]
DQ00742,APX1015704,Missing_Product_Type,High,,,Quarantine (required analytical field missing),missing[Product_Type]
DQ00743,APX1015802,Missing_Product_Type,High,,,Quarantine (required analytical field missing),missing[Product_Type]
DQ00744,APX1016153,Missing_Product_Type,High,,,Quarantine (required analytical field missing),missing[Product_Type]
DQ00745,APX1016226,Missing_Product_Type,High,,,Quarantine (required analytical field missing),missing[Product_Type]
DQ00746,APX1016563,Missing_Product_Type,High,,,Quarantine (required analytical field missing),missing[Product_Type]
DQ00747,APX1016505,Missing_Product_Type,High,,,Quarantine (required analytical field missing),missing[Product_Type]
DQ00748,APX1016542,Missing_Product_Type,High,,,Quarantine (required analytical field missing),missing[Product_Type]
DQ00749,APX1016753,Missing_Product_Type,High,,,Quarantine (required analytical field missing),missing[Product_Type]
DQ00750,APX1016884,Missing_Product_Type,High,,,Quarantine (required analytical field missing),missing[Product_Type]
DQ00751,APX1017097,Missing_Product_Type,High,,,Quarantine (required analytical field missing),missing[Product_Type]
DQ00752,APX1017168,Missing_Product_Type,High,,,Quarantine (required analytical field missing),missing[Product_Type]
DQ00753,APX1017443,Missing_Product_Type,High,,,Quarantine (required analytical field missing),missing[Product_Type]
DQ00754,APX1017497,Missing_Product_Type,High,,,Quarantine (required analytical field missing),missing[Product_Type]
DQ00755,APX1017575,Missing_Product_Type,High,,,Quarantine (required analytical field missing),missing[Product_Type]
DQ00756,APX1018252,Missing_Product_Type,High,,,Quarantine (required analytical field missing),missing[Product_Type]
DQ00757,APX1018594,Missing_Product_Type,High,,,Quarantine (required analytical field missing),missing[Product_Type]
DQ00758,APX1018591,Missing_Product_Type,High,,,Quarantine (required analytical field missing),missing[Product_Type]
DQ00759,APX1019238,Missing_Product_Type,High,,,Quarantine (required analytical field missing),missing[Product_Type]
DQ00760,APX1019533,Missing_Product_Type,High,,,Quarantine (required analytical field missing),missing[Product_Type]
DQ00761,APX1020362,Missing_Product_Type,High,,,Quarantine (required analytical field missing),missing[Product_Type]
DQ00762,APX1020306,Missing_Product_Type,High,,,Quarantine (required analytical field missing),missing[Product_Type]
DQ00763,APX1020468,Missing_Product_Type,High,,,Quarantine (required analytical field missing),missing[Product_Type]
DQ00764,APX1020828,Missing_Product_Type,High,,,Quarantine (required analytical field missing),missing[Product_Type]
DQ00765,APX1021459,Missing_Product_Type,High,,,Quarantine (required analytical field missing),missing[Product_Type]
DQ00766,APX1021577,Missing_Product_Type,High,,,Quarantine (required analytical field missing),missing[Product_Type]
DQ00767,APX1021566,Missing_Product_Type,High,,,Quarantine (required analytical field missing),missing[Product_Type]
DQ00768,APX1021720,Missing_Product_Type,High,,,Quarantine (required analytical field missing),missing[Product_Type]
DQ00769,APX1022700,Missing_Product_Type,High,,,Quarantine (required analytical field missing),missing[Product_Type]
DQ00770,APX1023107,Missing_Product_Type,High,,,Quarantine (required analytical field missing),missing[Product_Type]
DQ00771,APX1023463,Missing_Product_Type,High,,,Quarantine (required analytical field missing),missing[Product_Type]
DQ00772,APX1023498,Missing_Product_Type,High,,,Quarantine (required analytical field missing),missing[Product_Type]
DQ00773,APX1023850,Missing_Product_Type,High,,,Quarantine (required analytical field missing),missing[Product_Type]
DQ00774,APX1024030,Missing_Product_Type,High,,,Quarantine (required analytical field missing),missing[Product_Type]
DQ00775,APX1025074,Missing_Product_Type,High,,,Quarantine (required analytical field missing),missing[Product_Type]
DQ00776,APX1025668,Missing_Product_Type,High,,,Quarantine (required analytical field missing),missing[Product_Type]
DQ00777,APX1025655,Missing_Product_Type,High,,,Quarantine (required analytical field missing),missing[Product_Type]
DQ00778,APX1025759,Missing_Product_Type,High,,,Quarantine (required analytical field missing),missing[Product_Type]
DQ00779,APX1025983,Missing_Product_Type,High,,,Quarantine (required analytical field missing),missing[Product_Type]
DQ00780,APX1026076,Missing_Product_Type,High,,,Quarantine (required analytical field missing),missing[Product_Type]
DQ00781,APX1026160,Missing_Product_Type,High,,,Quarantine (required analytical field missing),missing[Product_Type]
DQ00782,APX1026532,Missing_Product_Type,High,,,Quarantine (required analytical field missing),missing[Product_Type]
DQ00783,APX1026998,Missing_Product_Type,High,,,Quarantine (required analytical field missing),missing[Product_Type]
DQ00784,APX1027778,Missing_Product_Type,High,,,Quarantine (required analytical field missing),missing[Product_Type]
DQ00785,APX1028573,Missing_Product_Type,High,,,Quarantine (required analytical field missing),missing[Product_Type]
DQ00786,APX1028597,Missing_Product_Type,High,,,Quarantine (required analytical field missing),missing[Product_Type]
DQ00787,APX1028816,Missing_Product_Type,High,,,Quarantine (required analytical field missing),missing[Product_Type]
DQ00788,APX1029625,Missing_Product_Type,High,,,Quarantine (required analytical field missing),missing[Product_Type]
DQ00789,APX1029662,Missing_Product_Type,High,,,Quarantine (required analytical field missing),missing[Product_Type]
DQ00790,APX1029747,Missing_Product_Type,High,,,Quarantine (required analytical field missing),missing[Product_Type]
DQ00791,APX1030257,Missing_Product_Type,High,,,Quarantine (required analytical field missing),missing[Product_Type]
DQ00792,APX1030433,Missing_Product_Type,High,,,Quarantine (required analytical field missing),missing[Product_Type]
DQ00793,APX1030591,Missing_Product_Type,High,,,Quarantine (required analytical field missing),missing[Product_Type]
DQ00794,APX1030666,Missing_Product_Type,High,,,Quarantine (required analytical field missing),missing[Product_Type]
DQ00795,APX1031335,Missing_Product_Type,High,,,Quarantine (required analytical field missing),missing[Product_Type]
DQ00796,APX1031830,Missing_Product_Type,High,,,Quarantine (required analytical field missing),missing[Product_Type]
DQ00797,APX1032057,Missing_Product_Type,High,,,Quarantine (required analytical field missing),missing[Product_Type]
DQ00798,APX1032088,Missing_Product_Type,High,,,Quarantine (required analytical field missing),missing[Product_Type]
DQ00799,APX1032323,Missing_Product_Type,High,,,Quarantine (required analytical field missing),missing[Product_Type]
DQ00800,APX1033187,Missing_Product_Type,High,,,Quarantine (required analytical field missing),missing[Product_Type]
DQ00801,APX1033389,Missing_Product_Type,High,,,Quarantine (required analytical field missing),missing[Product_Type]
DQ00802,APX1034035,Missing_Product_Type,High,,,Quarantine (required analytical field missing),missing[Product_Type]
DQ00803,APX1034145,Missing_Product_Type,High,,,Quarantine (required analytical field missing),missing[Product_Type]
DQ00804,APX1034087,Missing_Product_Type,High,,,Quarantine (required analytical field missing),missing[Product_Type]
DQ00805,APX1034806,Missing_Product_Type,High,,,Quarantine (required analytical field missing),missing[Product_Type]
DQ00806,APX1034717,Missing_Product_Type,High,,,Quarantine (required analytical field missing),missing[Product_Type]
DQ00807,APX1035698,Missing_Product_Type,High,,,Quarantine (required analytical field missing),missing[Product_Type]
DQ00808,APX1035754,Missing_Product_Type,High,,,Quarantine (required analytical field missing),missing[Product_Type]
DQ00809,APX1035716,Missing_Product_Type,High,,,Quarantine (required analytical field missing),missing[Product_Type]
DQ00810,APX1036362,Missing_Product_Type,High,,,Quarantine (required analytical field missing),missing[Product_Type]
DQ00811,APX1036989,Missing_Product_Type,High,,,Quarantine (required analytical field missing),missing[Product_Type]
DQ00812,APX1037084,Missing_Product_Type,High,,,Quarantine (required analytical field missing),missing[Product_Type]
DQ00813,APX1037353,Missing_Product_Type,High,,,Quarantine (required analytical field missing),missing[Product_Type]
DQ00814,APX1037737,Missing_Product_Type,High,,,Quarantine (required analytical field missing),missing[Product_Type]
DQ00815,APX1037781,Missing_Product_Type,High,,,Quarantine (required analytical field missing),missing[Product_Type]
DQ00816,APX1037806,Missing_Product_Type,High,,,Quarantine (required analytical field missing),missing[Product_Type]
DQ00817,APX1038005,Missing_Product_Type,High,,,Quarantine (required analytical field missing),missing[Product_Type]
DQ00818,APX1038142,Missing_Product_Type,High,,,Quarantine (required analytical field missing),missing[Product_Type]
DQ00819,APX1038169,Missing_Product_Type,High,,,Quarantine (required analytical field missing),missing[Product_Type]
DQ00820,APX1038178,Missing_Product_Type,High,,,Quarantine (required analytical field missing),missing[Product_Type]
DQ00821,APX1038162,Missing_Product_Type,High,,,Quarantine (required analytical field missing),missing[Product_Type]
DQ00822,APX1038517,Missing_Product_Type,High,,,Quarantine (required analytical field missing),missing[Product_Type]
DQ00823,APX1038498,Missing_Product_Type,High,,,Quarantine (required analytical field missing),missing[Product_Type]
DQ00824,APX1039004,Missing_Product_Type,High,,,Quarantine (required analytical field missing),missing[Product_Type]
DQ00825,APX1039754,Missing_Product_Type,High,,,Quarantine (required analytical field missing),missing[Product_Type]
DQ00826,APX1040038,Missing_Product_Type,High,,,Quarantine (required analytical field missing),missing[Product_Type]
DQ00827,APX1040181,Missing_Product_Type,High,,,Quarantine (required analytical field missing),missing[Product_Type]
DQ00828,APX1040791,Missing_Product_Type,High,,,Quarantine (required analytical field missing),missing[Product_Type]
DQ00829,APX1040958,Missing_Product_Type,High,,,Quarantine (required analytical field missing),missing[Product_Type]
DQ00830,APX1041335,Missing_Product_Type,High,,,Quarantine (required analytical field missing),missing[Product_Type]
DQ00831,APX1041700,Missing_Product_Type,High,,,Quarantine (required analytical field missing),missing[Product_Type]
DQ00832,APX1041845,Missing_Product_Type,High,,,Quarantine (required analytical field missing),missing[Product_Type]
DQ00833,APX1042114,Missing_Product_Type,High,,,Quarantine (required analytical field missing),missing[Product_Type]
DQ00834,APX1042329,Missing_Product_Type,High,,,Quarantine (required analytical field missing),missing[Product_Type]
DQ00835,APX1042611,Missing_Product_Type,High,,,Quarantine (required analytical field missing),missing[Product_Type]
DQ00836,APX1042562,Missing_Product_Type,High,,,Quarantine (required analytical field missing),missing[Product_Type]
DQ00837,APX1042993,Missing_Product_Type,High,,,Quarantine (required analytical field missing),missing[Product_Type]
DQ00838,APX1043446,Missing_Product_Type,High,,,Quarantine (required analytical field missing),missing[Product_Type]
DQ00839,APX1043728,Missing_Product_Type,High,,,Quarantine (required analytical field missing),missing[Product_Type]
DQ00840,APX1043828,Missing_Product_Type,High,,,Quarantine (required analytical field missing),missing[Product_Type]
DQ00841,APX1044779,Missing_Product_Type,High,,,Quarantine (required analytical field missing),missing[Product_Type]
DQ00842,APX1044905,Missing_Product_Type,High,,,Quarantine (required analytical field missing),missing[Product_Type]
DQ00843,APX1045107,Missing_Product_Type,High,,,Quarantine (required analytical field missing),missing[Product_Type]
DQ00844,APX1045240,Missing_Product_Type,High,,,Quarantine (required analytical field missing),missing[Product_Type]
DQ00845,APX1046961,Missing_Product_Type,High,,,Quarantine (required analytical field missing),missing[Product_Type]
DQ00846,APX1047333,Missing_Product_Type,High,,,Quarantine (required analytical field missing),missing[Product_Type]
DQ00847,APX1047496,Missing_Product_Type,High,,,Quarantine (required analytical field missing),missing[Product_Type]
DQ00848,APX1048250,Missing_Product_Type,High,,,Quarantine (required analytical field missing),missing[Product_Type]
DQ00849,APX1048418,Missing_Product_Type,High,,,Quarantine (required analytical field missing),missing[Product_Type]
DQ00850,APX1048628,Missing_Product_Type,High,,,Quarantine (required analytical field missing),missing[Product_Type]
DQ00851,APX1048689,Missing_Product_Type,High,,,Quarantine (required analytical field missing),missing[Product_Type]
DQ00852,APX1048714,Missing_Product_Type,High,,,Quarantine (required analytical field missing),missing[Product_Type]
DQ00853,APX1049019,Missing_Product_Type,High,,,Quarantine (required analytical field missing),missing[Product_Type]
DQ00854,APX1049077,Missing_Product_Type,High,,,Quarantine (required analytical field missing),missing[Product_Type]
DQ00855,APX1049182,Missing_Product_Type,High,,,Quarantine (required analytical field missing),missing[Product_Type]
DQ00856,APX1049356,Missing_Product_Type,High,,,Quarantine (required analytical field missing),missing[Product_Type]
DQ00857,APX1050300,Missing_Product_Type,High,,,Quarantine (required analytical field missing),missing[Product_Type]
DQ00858,APX1050366,Missing_Product_Type,High,,,Quarantine (required analytical field missing),missing[Product_Type]
DQ00859,APX1051149,Missing_Product_Type,High,,,Quarantine (required analytical field missing),missing[Product_Type]
DQ00860,APX1051462,Missing_Product_Type,High,,,Quarantine (required analytical field missing),missing[Product_Type]
DQ00861,APX1051801,Missing_Product_Type,High,,,Quarantine (required analytical field missing),missing[Product_Type]
DQ00862,APX1052183,Missing_Product_Type,High,,,Quarantine (required analytical field missing),missing[Product_Type]
DQ00863,APX1052303,Missing_Product_Type,High,,,Quarantine (required analytical field missing),missing[Product_Type]
DQ00864,APX1052385,Missing_Product_Type,High,,,Quarantine (required analytical field missing),missing[Product_Type]
DQ00865,APX1052583,Missing_Product_Type,High,,,Quarantine (required analytical field missing),missing[Product_Type]
DQ00866,APX1052776,Missing_Product_Type,High,,,Quarantine (required analytical field missing),missing[Product_Type]
DQ00867,APX1053656,Missing_Product_Type,High,,,Quarantine (required analytical field missing),missing[Product_Type]
DQ00868,APX1053997,Missing_Product_Type,High,,,Quarantine (required analytical field missing),missing[Product_Type]
DQ00869,APX1054091,Missing_Product_Type,High,,,Quarantine (required analytical field missing),missing[Product_Type]
DQ00870,APX1055008,Missing_Product_Type,High,,,Quarantine (required analytical field missing),missing[Product_Type]
DQ00871,APX1055141,Missing_Product_Type,High,,,Quarantine (required analytical field missing),missing[Product_Type]
DQ00872,APX1055301,Missing_Product_Type,High,,,Quarantine (required analytical field missing),missing[Product_Type]
DQ00873,APX1055282,Missing_Product_Type,High,,,Quarantine (required analytical field missing),missing[Product_Type]
DQ00874,APX1056612,Missing_Product_Type,High,,,Quarantine (required analytical field missing),missing[Product_Type]
DQ00875,APX1056641,Missing_Product_Type,High,,,Quarantine (required analytical field missing),missing[Product_Type]
DQ00876,APX1056999,Missing_Product_Type,High,,,Quarantine (required analytical field missing),missing[Product_Type]
DQ00877,APX1056997,Missing_Product_Type,High,,,Quarantine (required analytical field missing),missing[Product_Type]
DQ00878,APX1057557,Missing_Product_Type,High,,,Quarantine (required analytical field missing),missing[Product_Type]
DQ00879,APX1057919,Missing_Product_Type,High,,,Quarantine (required analytical field missing),missing[Product_Type]
DQ00880,APX1058339,Missing_Product_Type,High,,,Quarantine (required analytical field missing),missing[Product_Type]
DQ00881,APX1058689,Missing_Product_Type,High,,,Quarantine (required analytical field missing),missing[Product_Type]
DQ00882,APX1058929,Missing_Product_Type,High,,,Quarantine (required analytical field missing),missing[Product_Type]
DQ00883,APX1059037,Missing_Product_Type,High,,,Quarantine (required analytical field missing),missing[Product_Type]
DQ00884,APX1059108,Missing_Product_Type,High,,,Quarantine (required analytical field missing),missing[Product_Type]
DQ00885,APX1059374,Missing_Product_Type,High,,,Quarantine (required analytical field missing),missing[Product_Type]
DQ00886,APX1059549,Missing_Product_Type,High,,,Quarantine (required analytical field missing),missing[Product_Type]
DQ00887,APX1059821,Missing_Product_Type,High,,,Quarantine (required analytical field missing),missing[Product_Type]
DQ00888,APX1060052,Missing_Product_Type,High,,,Quarantine (required analytical field missing),missing[Product_Type]
DQ00889,APX1060671,Missing_Product_Type,High,,,Quarantine (required analytical field missing),missing[Product_Type]
DQ00890,APX1061683,Missing_Product_Type,High,,,Quarantine (required analytical field missing),missing[Product_Type]
DQ00891,APX1061905,Missing_Product_Type,High,,,Quarantine (required analytical field missing),missing[Product_Type]
DQ00892,APX1062711,Missing_Product_Type,High,,,Quarantine (required analytical field missing),missing[Product_Type]
DQ00893,APX1062990,Missing_Product_Type,High,,,Quarantine (required analytical field missing),missing[Product_Type]
DQ00894,APX1063076,Missing_Product_Type,High,,,Quarantine (required analytical field missing),missing[Product_Type]
DQ00895,APX1063389,Missing_Product_Type,High,,,Quarantine (required analytical field missing),missing[Product_Type]
DQ00896,APX1063666,Missing_Product_Type,High,,,Quarantine (required analytical field missing),missing[Product_Type]
DQ00897,APX1064138,Missing_Product_Type,High,,,Quarantine (required analytical field missing),missing[Product_Type]
DQ00898,APX1064392,Missing_Product_Type,High,,,Quarantine (required analytical field missing),missing[Product_Type]
DQ00899,APX1065253,Missing_Product_Type,High,,,Quarantine (required analytical field missing),missing[Product_Type]
DQ00900,APX1065750,Missing_Product_Type,High,,,Quarantine (required analytical field missing),missing[Product_Type]
DQ00901,APX1066130,Missing_Product_Type,High,,,Quarantine (required analytical field missing),missing[Product_Type]
DQ00902,APX1066307,Missing_Product_Type,High,,,Quarantine (required analytical field missing),missing[Product_Type]
DQ00903,APX1066697,Missing_Product_Type,High,,,Quarantine (required analytical field missing),missing[Product_Type]
DQ00904,APX1066825,Missing_Product_Type,High,,,Quarantine (required analytical field missing),missing[Product_Type]
DQ00905,APX1066739,Missing_Product_Type,High,,,Quarantine (required analytical field missing),missing[Product_Type]
DQ00906,APX1067017,Missing_Product_Type,High,,,Quarantine (required analytical field missing),missing[Product_Type]
DQ00907,APX1067268,Missing_Product_Type,High,,,Quarantine (required analytical field missing),missing[Product_Type]
DQ00908,APX1067718,Missing_Product_Type,High,,,Quarantine (required analytical field missing),missing[Product_Type]
DQ00909,APX1068176,Missing_Product_Type,High,,,Quarantine (required analytical field missing),missing[Product_Type]
DQ00910,APX1069330,Missing_Product_Type,High,,,Quarantine (required analytical field missing),missing[Product_Type]
DQ00911,APX1069576,Missing_Product_Type,High,,,Quarantine (required analytical field missing),missing[Product_Type]
DQ00912,APX1069743,Missing_Product_Type,High,,,Quarantine (required analytical field missing),missing[Product_Type]
DQ00913,APX1069739,Missing_Product_Type,High,,,Quarantine (required analytical field missing),missing[Product_Type]
DQ00914,APX1070100,Missing_Product_Type,High,,,Quarantine (required analytical field missing),missing[Product_Type]
DQ00915,APX1070311,Missing_Product_Type,High,,,Quarantine (required analytical field missing),missing[Product_Type]
DQ00916,APX1070322,Missing_Product_Type,High,,,Quarantine (required analytical field missing),missing[Product_Type]
DQ00917,APX1070896,Missing_Product_Type,High,,,Quarantine (required analytical field missing),missing[Product_Type]
DQ00918,APX1071134,Missing_Product_Type,High,,,Quarantine (required analytical field missing),missing[Product_Type]
DQ00919,APX1071054,Missing_Product_Type,High,,,Quarantine (required analytical field missing),missing[Product_Type]
DQ00920,APX1071318,Missing_Product_Type,High,,,Quarantine (required analytical field missing),missing[Product_Type]
DQ00921,APX1071381,Missing_Product_Type,High,,,Quarantine (required analytical field missing),missing[Product_Type]
DQ00922,APX1073120,Missing_Product_Type,High,,,Quarantine (required analytical field missing),missing[Product_Type]
DQ00923,APX1073387,Missing_Product_Type,High,,,Quarantine (required analytical field missing),missing[Product_Type]
DQ00924,APX1073554,Missing_Product_Type,High,,,Quarantine (required analytical field missing),missing[Product_Type]
DQ00925,APX1073763,Missing_Product_Type,High,,,Quarantine (required analytical field missing),missing[Product_Type]
DQ00926,APX1073956,Missing_Product_Type,High,,,Quarantine (required analytical field missing),missing[Product_Type]
DQ00927,APX1073891,Missing_Product_Type,High,,,Quarantine (required analytical field missing),missing[Product_Type]
DQ00928,APX1073920,Missing_Product_Type,High,,,Quarantine (required analytical field missing),missing[Product_Type]
DQ00929,APX1073996,Missing_Product_Type,High,,,Quarantine (required analytical field missing),missing[Product_Type]
DQ00930,APX1074271,Missing_Product_Type,High,,,Quarantine (required analytical field missing),missing[Product_Type]
DQ00931,APX1075148,Missing_Product_Type,High,,,Quarantine (required analytical field missing),missing[Product_Type]
DQ00932,APX1075481,Missing_Product_Type,High,,,Quarantine (required analytical field missing),missing[Product_Type]
DQ00933,APX1075889,Missing_Product_Type,High,,,Quarantine (required analytical field missing),missing[Product_Type]
DQ00934,APX1076112,Missing_Product_Type,High,,,Quarantine (required analytical field missing),missing[Product_Type]
DQ00935,APX1076729,Missing_Product_Type,High,,,Quarantine (required analytical field missing),missing[Product_Type]
DQ00936,APX1076772,Missing_Product_Type,High,,,Quarantine (required analytical field missing),missing[Product_Type]
DQ00937,APX1076963,Missing_Product_Type,High,,,Quarantine (required analytical field missing),missing[Product_Type]
DQ00938,APX1078090,Missing_Product_Type,High,,,Quarantine (required analytical field missing),missing[Product_Type]
DQ00939,APX1078670,Missing_Product_Type,High,,,Quarantine (required analytical field missing),missing[Product_Type]
DQ00940,APX1079479,Missing_Product_Type,High,,,Quarantine (required analytical field missing),missing[Product_Type]
DQ00941,APX1080260,Missing_Product_Type,High,,,Quarantine (required analytical field missing),missing[Product_Type]
DQ00942,APX1080945,Missing_Product_Type,High,,,Quarantine (required analytical field missing),missing[Product_Type]
DQ00943,APX1081169,Missing_Product_Type,High,,,Quarantine (required analytical field missing),missing[Product_Type]
DQ00944,APX1081536,Missing_Product_Type,High,,,Quarantine (required analytical field missing),missing[Product_Type]
DQ00945,APX1081710,Missing_Product_Type,High,,,Quarantine (required analytical field missing),missing[Product_Type]
DQ00946,APX1081737,Missing_Product_Type,High,,,Quarantine (required analytical field missing),missing[Product_Type]
DQ00947,APX1082188,Missing_Product_Type,High,,,Quarantine (required analytical field missing),missing[Product_Type]
DQ00948,APX1082305,Missing_Product_Type,High,,,Quarantine (required analytical field missing),missing[Product_Type]
DQ00949,APX1082381,Missing_Product_Type,High,,,Quarantine (required analytical field missing),missing[Product_Type]
DQ00950,APX1083324,Missing_Product_Type,High,,,Quarantine (required analytical field missing),missing[Product_Type]
DQ00951,APX1083546,Missing_Product_Type,High,,,Quarantine (required analytical field missing),missing[Product_Type]
DQ00952,APX1083863,Missing_Product_Type,High,,,Quarantine (required analytical field missing),missing[Product_Type]
DQ00953,APX1084257,Missing_Product_Type,High,,,Quarantine (required analytical field missing),missing[Product_Type]
DQ00954,APX1084343,Missing_Product_Type,High,,,Quarantine (required analytical field missing),missing[Product_Type]
DQ00955,APX1084689,Missing_Product_Type,High,,,Quarantine (required analytical field missing),missing[Product_Type]
DQ00956,APX1085982,Missing_Product_Type,High,,,Quarantine (required analytical field missing),missing[Product_Type]
DQ00957,APX1086126,Missing_Product_Type,High,,,Quarantine (required analytical field missing),missing[Product_Type]
DQ00958,APX1086591,Missing_Product_Type,High,,,Quarantine (required analytical field missing),missing[Product_Type]
DQ00959,APX1087302,Missing_Product_Type,High,,,Quarantine (required analytical field missing),missing[Product_Type]
DQ00960,APX1087439,Missing_Product_Type,High,,,Quarantine (required analytical field missing),missing[Product_Type]
DQ00961,APX1087448,Missing_Product_Type,High,,,Quarantine (required analytical field missing),missing[Product_Type]
DQ00962,APX1087857,Missing_Product_Type,High,,,Quarantine (required analytical field missing),missing[Product_Type]
DQ00963,APX1088214,Missing_Product_Type,High,,,Quarantine (required analytical field missing),missing[Product_Type]
DQ00964,APX1088699,Missing_Product_Type,High,,,Quarantine (required analytical field missing),missing[Product_Type]
DQ00965,APX1088762,Missing_Product_Type,High,,,Quarantine (required analytical field missing),missing[Product_Type]
DQ00966,APX1088948,Missing_Product_Type,High,,,Quarantine (required analytical field missing),missing[Product_Type]
DQ00967,APX1089104,Missing_Product_Type,High,,,Quarantine (required analytical field missing),missing[Product_Type]
DQ00968,APX1089221,Missing_Product_Type,High,,,Quarantine (required analytical field missing),missing[Product_Type]
DQ00969,APX1089376,Missing_Product_Type,High,,,Quarantine (required analytical field missing),missing[Product_Type]
DQ00970,APX1089980,Missing_Product_Type,High,,,Quarantine (required analytical field missing),missing[Product_Type]
DQ00971,APX1090419,Missing_Product_Type,High,,,Quarantine (required analytical field missing),missing[Product_Type]
DQ00972,APX1090425,Missing_Product_Type,High,,,Quarantine (required analytical field missing),missing[Product_Type]
DQ00973,APX1090809,Missing_Product_Type,High,,,Quarantine (required analytical field missing),missing[Product_Type]
DQ00974,APX1091237,Missing_Product_Type,High,,,Quarantine (required analytical field missing),missing[Product_Type]
DQ00975,APX1091836,Missing_Product_Type,High,,,Quarantine (required analytical field missing),missing[Product_Type]
DQ00976,APX1092240,Missing_Product_Type,High,,,Quarantine (required analytical field missing),missing[Product_Type]
DQ00977,APX1092426,Missing_Product_Type,High,,,Quarantine (required analytical field missing),missing[Product_Type]
DQ00978,APX1092590,Missing_Product_Type,High,,,Quarantine (required analytical field missing),missing[Product_Type]
DQ00979,APX1092807,Missing_Product_Type,High,,,Quarantine (required analytical field missing),missing[Product_Type]
DQ00980,APX1092673,Missing_Product_Type,High,,,Quarantine (required analytical field missing),missing[Product_Type]
DQ00981,APX1092992,Missing_Product_Type,High,,,Quarantine (required analytical field missing),missing[Product_Type]
DQ00982,APX1093489,Missing_Product_Type,High,,,Quarantine (required analytical field missing),missing[Product_Type]
DQ00983,APX1094007,Missing_Product_Type,High,,,Quarantine (required analytical field missing),missing[Product_Type]
DQ00984,APX1094181,Missing_Product_Type,High,,,Quarantine (required analytical field missing),missing[Product_Type]
DQ00985,APX1094451,Missing_Product_Type,High,,,Quarantine (required analytical field missing),missing[Product_Type]
DQ00986,APX1094359,Missing_Product_Type,High,,,Quarantine (required analytical field missing),missing[Product_Type]
DQ00987,APX1094440,Missing_Product_Type,High,,,Quarantine (required analytical field missing),missing[Product_Type]
DQ00988,APX1094472,Missing_Product_Type,High,,,Quarantine (required analytical field missing),missing[Product_Type]
DQ00989,APX1094724,Missing_Product_Type,High,,,Quarantine (required analytical field missing),missing[Product_Type]
DQ00990,APX1094959,Missing_Product_Type,High,,,Quarantine (required analytical field missing),missing[Product_Type]
DQ00991,APX1095242,Missing_Product_Type,High,,,Quarantine (required analytical field missing),missing[Product_Type]
DQ00992,APX1096776,Missing_Product_Type,High,,,Quarantine (required analytical field missing),missing[Product_Type]
DQ00993,APX1096862,Missing_Product_Type,High,,,Quarantine (required analytical field missing),missing[Product_Type]
DQ00994,APX1097410,Missing_Product_Type,High,,,Quarantine (required analytical field missing),missing[Product_Type]
DQ00995,APX1097462,Missing_Product_Type,High,,,Quarantine (required analytical field missing),missing[Product_Type]
DQ00996,APX1098358,Missing_Product_Type,High,,,Quarantine (required analytical field missing),missing[Product_Type]
DQ00997,APX1098459,Missing_Product_Type,High,,,Quarantine (required analytical field missing),missing[Product_Type]
DQ00998,APX1098751,Missing_Product_Type,High,,,Quarantine (required analytical field missing),missing[Product_Type]
DQ00999,APX1098923,Missing_Product_Type,High,,,Quarantine (required analytical field missing),missing[Product_Type]
DQ01000,APX1099748,Missing_Product_Type,High,,,Quarantine (required analytical field missing),missing[Product_Type]
DQ01001,APX1000239,Missing_Analyst_ID,Medium,,UNKNOWN-ANALYST,Correct: impute placeholder 'UNKNOWN-ANALYST',missing[Analyst_ID]
DQ01002,APX1000490,Missing_Analyst_ID,Medium,,UNKNOWN-ANALYST,Correct: impute placeholder 'UNKNOWN-ANALYST',missing[Analyst_ID]
DQ01003,APX1000551,Missing_Analyst_ID,Medium,,UNKNOWN-ANALYST,Correct: impute placeholder 'UNKNOWN-ANALYST',missing[Analyst_ID]
DQ01004,APX1000575,Missing_Analyst_ID,Medium,,UNKNOWN-ANALYST,Correct: impute placeholder 'UNKNOWN-ANALYST',missing[Analyst_ID]
DQ01005,APX1001151,Missing_Analyst_ID,Medium,,UNKNOWN-ANALYST,Correct: impute placeholder 'UNKNOWN-ANALYST',missing[Analyst_ID]
DQ01006,APX1001678,Missing_Analyst_ID,Medium,,UNKNOWN-ANALYST,Correct: impute placeholder 'UNKNOWN-ANALYST',missing[Analyst_ID]
DQ01007,APX1001763,Missing_Analyst_ID,Medium,,UNKNOWN-ANALYST,Correct: impute placeholder 'UNKNOWN-ANALYST',missing[Analyst_ID]
DQ01008,APX1001955,Missing_Analyst_ID,Medium,,UNKNOWN-ANALYST,Correct: impute placeholder 'UNKNOWN-ANALYST',missing[Analyst_ID]
DQ01009,APX1001894,Missing_Analyst_ID,Medium,,UNKNOWN-ANALYST,Correct: impute placeholder 'UNKNOWN-ANALYST',missing[Analyst_ID]
DQ01010,APX1002306,Missing_Analyst_ID,Medium,,UNKNOWN-ANALYST,Correct: impute placeholder 'UNKNOWN-ANALYST',missing[Analyst_ID]
DQ01011,APX1002937,Missing_Analyst_ID,Medium,,UNKNOWN-ANALYST,Correct: impute placeholder 'UNKNOWN-ANALYST',missing[Analyst_ID]
DQ01012,APX1003130,Missing_Analyst_ID,Medium,,UNKNOWN-ANALYST,Correct: impute placeholder 'UNKNOWN-ANALYST',missing[Analyst_ID]
DQ01013,APX1003748,Missing_Analyst_ID,Medium,,UNKNOWN-ANALYST,Correct: impute placeholder 'UNKNOWN-ANALYST',missing[Analyst_ID]
DQ01014,APX1004009,Missing_Analyst_ID,Medium,,UNKNOWN-ANALYST,Correct: impute placeholder 'UNKNOWN-ANALYST',missing[Analyst_ID]
DQ01015,APX1004397,Missing_Analyst_ID,Medium,,UNKNOWN-ANALYST,Correct: impute placeholder 'UNKNOWN-ANALYST',missing[Analyst_ID]
DQ01016,APX1004470,Missing_Analyst_ID,Medium,,UNKNOWN-ANALYST,Correct: impute placeholder 'UNKNOWN-ANALYST',missing[Analyst_ID]
DQ01017,APX1004660,Missing_Analyst_ID,Medium,,UNKNOWN-ANALYST,Correct: impute placeholder 'UNKNOWN-ANALYST',missing[Analyst_ID]
DQ01018,APX1005499,Missing_Analyst_ID,Medium,,UNKNOWN-ANALYST,Correct: impute placeholder 'UNKNOWN-ANALYST',missing[Analyst_ID]
DQ01019,APX1005751,Missing_Analyst_ID,Medium,,UNKNOWN-ANALYST,Correct: impute placeholder 'UNKNOWN-ANALYST',missing[Analyst_ID]
DQ01020,APX1005757,Missing_Analyst_ID,Medium,,UNKNOWN-ANALYST,Correct: impute placeholder 'UNKNOWN-ANALYST',missing[Analyst_ID]
DQ01021,APX1005690,Missing_Analyst_ID,Medium,,UNKNOWN-ANALYST,Correct: impute placeholder 'UNKNOWN-ANALYST',missing[Analyst_ID]
DQ01022,APX1005844,Missing_Analyst_ID,Medium,,UNKNOWN-ANALYST,Correct: impute placeholder 'UNKNOWN-ANALYST',missing[Analyst_ID]
DQ01023,APX1005848,Missing_Analyst_ID,Medium,,UNKNOWN-ANALYST,Correct: impute placeholder 'UNKNOWN-ANALYST',missing[Analyst_ID]
DQ01024,APX1006044,Missing_Analyst_ID,Medium,,UNKNOWN-ANALYST,Correct: impute placeholder 'UNKNOWN-ANALYST',missing[Analyst_ID]
DQ01025,APX1006433,Missing_Analyst_ID,Medium,,UNKNOWN-ANALYST,Correct: impute placeholder 'UNKNOWN-ANALYST',missing[Analyst_ID]
DQ01026,APX1006485,Missing_Analyst_ID,Medium,,UNKNOWN-ANALYST,Correct: impute placeholder 'UNKNOWN-ANALYST',missing[Analyst_ID]
DQ01027,APX1006804,Missing_Analyst_ID,Medium,,UNKNOWN-ANALYST,Correct: impute placeholder 'UNKNOWN-ANALYST',missing[Analyst_ID]
DQ01028,APX1007351,Missing_Analyst_ID,Medium,,UNKNOWN-ANALYST,Correct: impute placeholder 'UNKNOWN-ANALYST',missing[Analyst_ID]
DQ01029,APX1007457,Missing_Analyst_ID,Medium,,UNKNOWN-ANALYST,Correct: impute placeholder 'UNKNOWN-ANALYST',missing[Analyst_ID]
DQ01030,APX1008173,Missing_Analyst_ID,Medium,,UNKNOWN-ANALYST,Correct: impute placeholder 'UNKNOWN-ANALYST',missing[Analyst_ID]
DQ01031,APX1008686,Missing_Analyst_ID,Medium,,UNKNOWN-ANALYST,Correct: impute placeholder 'UNKNOWN-ANALYST',missing[Analyst_ID]
DQ01032,APX1008826,Missing_Analyst_ID,Medium,,UNKNOWN-ANALYST,Correct: impute placeholder 'UNKNOWN-ANALYST',missing[Analyst_ID]
DQ01033,APX1009568,Missing_Analyst_ID,Medium,,UNKNOWN-ANALYST,Correct: impute placeholder 'UNKNOWN-ANALYST',missing[Analyst_ID]
DQ01034,APX1009859,Missing_Analyst_ID,Medium,,UNKNOWN-ANALYST,Correct: impute placeholder 'UNKNOWN-ANALYST',missing[Analyst_ID]
DQ01035,APX1010065,Missing_Analyst_ID,Medium,,UNKNOWN-ANALYST,Correct: impute placeholder 'UNKNOWN-ANALYST',missing[Analyst_ID]
DQ01036,APX1010560,Missing_Analyst_ID,Medium,,UNKNOWN-ANALYST,Correct: impute placeholder 'UNKNOWN-ANALYST',missing[Analyst_ID]
DQ01037,APX1011183,Missing_Analyst_ID,Medium,,UNKNOWN-ANALYST,Correct: impute placeholder 'UNKNOWN-ANALYST',missing[Analyst_ID]
DQ01038,APX1011464,Missing_Analyst_ID,Medium,,UNKNOWN-ANALYST,Correct: impute placeholder 'UNKNOWN-ANALYST',missing[Analyst_ID]
DQ01039,APX1011782,Missing_Analyst_ID,Medium,,UNKNOWN-ANALYST,Correct: impute placeholder 'UNKNOWN-ANALYST',missing[Analyst_ID]
DQ01040,APX1012270,Missing_Analyst_ID,Medium,,UNKNOWN-ANALYST,Correct: impute placeholder 'UNKNOWN-ANALYST',missing[Analyst_ID]
DQ01041,APX1012502,Missing_Analyst_ID,Medium,,UNKNOWN-ANALYST,Correct: impute placeholder 'UNKNOWN-ANALYST',missing[Analyst_ID]
DQ01042,APX1012654,Missing_Analyst_ID,Medium,,UNKNOWN-ANALYST,Correct: impute placeholder 'UNKNOWN-ANALYST',missing[Analyst_ID]
DQ01043,APX1013093,Missing_Analyst_ID,Medium,,UNKNOWN-ANALYST,Correct: impute placeholder 'UNKNOWN-ANALYST',missing[Analyst_ID]
DQ01044,APX1013673,Missing_Analyst_ID,Medium,,UNKNOWN-ANALYST,Correct: impute placeholder 'UNKNOWN-ANALYST',missing[Analyst_ID]
DQ01045,APX1014032,Missing_Analyst_ID,Medium,,UNKNOWN-ANALYST,Correct: impute placeholder 'UNKNOWN-ANALYST',missing[Analyst_ID]
DQ01046,APX1014689,Missing_Analyst_ID,Medium,,UNKNOWN-ANALYST,Correct: impute placeholder 'UNKNOWN-ANALYST',missing[Analyst_ID]
DQ01047,APX1015059,Missing_Analyst_ID,Medium,,UNKNOWN-ANALYST,Correct: impute placeholder 'UNKNOWN-ANALYST',missing[Analyst_ID]
DQ01048,APX1016011,Missing_Analyst_ID,Medium,,UNKNOWN-ANALYST,Correct: impute placeholder 'UNKNOWN-ANALYST',missing[Analyst_ID]
DQ01049,APX1016105,Missing_Analyst_ID,Medium,,UNKNOWN-ANALYST,Correct: impute placeholder 'UNKNOWN-ANALYST',missing[Analyst_ID]
DQ01050,APX1016786,Missing_Analyst_ID,Medium,,UNKNOWN-ANALYST,Correct: impute placeholder 'UNKNOWN-ANALYST',missing[Analyst_ID]
DQ01051,APX1016793,Missing_Analyst_ID,Medium,,UNKNOWN-ANALYST,Correct: impute placeholder 'UNKNOWN-ANALYST',missing[Analyst_ID]
DQ01052,APX1016889,Missing_Analyst_ID,Medium,,UNKNOWN-ANALYST,Correct: impute placeholder 'UNKNOWN-ANALYST',missing[Analyst_ID]
DQ01053,APX1017009,Missing_Analyst_ID,Medium,,UNKNOWN-ANALYST,Correct: impute placeholder 'UNKNOWN-ANALYST',missing[Analyst_ID]
DQ01054,APX1017062,Missing_Analyst_ID,Medium,,UNKNOWN-ANALYST,Correct: impute placeholder 'UNKNOWN-ANALYST',missing[Analyst_ID]
DQ01055,APX1017138,Missing_Analyst_ID,Medium,,UNKNOWN-ANALYST,Correct: impute placeholder 'UNKNOWN-ANALYST',missing[Analyst_ID]
DQ01056,APX1017135,Missing_Analyst_ID,Medium,,UNKNOWN-ANALYST,Correct: impute placeholder 'UNKNOWN-ANALYST',missing[Analyst_ID]
DQ01057,APX1017457,Missing_Analyst_ID,Medium,,UNKNOWN-ANALYST,Correct: impute placeholder 'UNKNOWN-ANALYST',missing[Analyst_ID]
DQ01058,APX1017446,Missing_Analyst_ID,Medium,,UNKNOWN-ANALYST,Correct: impute placeholder 'UNKNOWN-ANALYST',missing[Analyst_ID]
DQ01059,APX1017654,Missing_Analyst_ID,Medium,,UNKNOWN-ANALYST,Correct: impute placeholder 'UNKNOWN-ANALYST',missing[Analyst_ID]
DQ01060,APX1017984,Missing_Analyst_ID,Medium,,UNKNOWN-ANALYST,Correct: impute placeholder 'UNKNOWN-ANALYST',missing[Analyst_ID]
DQ01061,APX1018053,Missing_Analyst_ID,Medium,,UNKNOWN-ANALYST,Correct: impute placeholder 'UNKNOWN-ANALYST',missing[Analyst_ID]
DQ01062,APX1019927,Missing_Analyst_ID,Medium,,UNKNOWN-ANALYST,Correct: impute placeholder 'UNKNOWN-ANALYST',missing[Analyst_ID]
DQ01063,APX1020181,Missing_Analyst_ID,Medium,,UNKNOWN-ANALYST,Correct: impute placeholder 'UNKNOWN-ANALYST',missing[Analyst_ID]
DQ01064,APX1020159,Missing_Analyst_ID,Medium,,UNKNOWN-ANALYST,Correct: impute placeholder 'UNKNOWN-ANALYST',missing[Analyst_ID]
DQ01065,APX1020111,Missing_Analyst_ID,Medium,,UNKNOWN-ANALYST,Correct: impute placeholder 'UNKNOWN-ANALYST',missing[Analyst_ID]
DQ01066,APX1022703,Missing_Analyst_ID,Medium,,UNKNOWN-ANALYST,Correct: impute placeholder 'UNKNOWN-ANALYST',missing[Analyst_ID]
DQ01067,APX1023451,Missing_Analyst_ID,Medium,,UNKNOWN-ANALYST,Correct: impute placeholder 'UNKNOWN-ANALYST',missing[Analyst_ID]
DQ01068,APX1024597,Missing_Analyst_ID,Medium,,UNKNOWN-ANALYST,Correct: impute placeholder 'UNKNOWN-ANALYST',missing[Analyst_ID]
DQ01069,APX1025266,Missing_Analyst_ID,Medium,,UNKNOWN-ANALYST,Correct: impute placeholder 'UNKNOWN-ANALYST',missing[Analyst_ID]
DQ01070,APX1025214,Missing_Analyst_ID,Medium,,UNKNOWN-ANALYST,Correct: impute placeholder 'UNKNOWN-ANALYST',missing[Analyst_ID]
DQ01071,APX1025358,Missing_Analyst_ID,Medium,,UNKNOWN-ANALYST,Correct: impute placeholder 'UNKNOWN-ANALYST',missing[Analyst_ID]
DQ01072,APX1025395,Missing_Analyst_ID,Medium,,UNKNOWN-ANALYST,Correct: impute placeholder 'UNKNOWN-ANALYST',missing[Analyst_ID]
DQ01073,APX1026037,Missing_Analyst_ID,Medium,,UNKNOWN-ANALYST,Correct: impute placeholder 'UNKNOWN-ANALYST',missing[Analyst_ID]
DQ01074,APX1026296,Missing_Analyst_ID,Medium,,UNKNOWN-ANALYST,Correct: impute placeholder 'UNKNOWN-ANALYST',missing[Analyst_ID]
DQ01075,APX1027074,Missing_Analyst_ID,Medium,,UNKNOWN-ANALYST,Correct: impute placeholder 'UNKNOWN-ANALYST',missing[Analyst_ID]
DQ01076,APX1027152,Missing_Analyst_ID,Medium,,UNKNOWN-ANALYST,Correct: impute placeholder 'UNKNOWN-ANALYST',missing[Analyst_ID]
DQ01077,APX1027198,Missing_Analyst_ID,Medium,,UNKNOWN-ANALYST,Correct: impute placeholder 'UNKNOWN-ANALYST',missing[Analyst_ID]
DQ01078,APX1027344,Missing_Analyst_ID,Medium,,UNKNOWN-ANALYST,Correct: impute placeholder 'UNKNOWN-ANALYST',missing[Analyst_ID]
DQ01079,APX1027499,Missing_Analyst_ID,Medium,,UNKNOWN-ANALYST,Correct: impute placeholder 'UNKNOWN-ANALYST',missing[Analyst_ID]
DQ01080,APX1027783,Missing_Analyst_ID,Medium,,UNKNOWN-ANALYST,Correct: impute placeholder 'UNKNOWN-ANALYST',missing[Analyst_ID]
DQ01081,APX1027741,Missing_Analyst_ID,Medium,,UNKNOWN-ANALYST,Correct: impute placeholder 'UNKNOWN-ANALYST',missing[Analyst_ID]
DQ01082,APX1028536,Missing_Analyst_ID,Medium,,UNKNOWN-ANALYST,Correct: impute placeholder 'UNKNOWN-ANALYST',missing[Analyst_ID]
DQ01083,APX1029204,Missing_Analyst_ID,Medium,,UNKNOWN-ANALYST,Correct: impute placeholder 'UNKNOWN-ANALYST',missing[Analyst_ID]
DQ01084,APX1029353,Missing_Analyst_ID,Medium,,UNKNOWN-ANALYST,Correct: impute placeholder 'UNKNOWN-ANALYST',missing[Analyst_ID]
DQ01085,APX1029676,Missing_Analyst_ID,Medium,,UNKNOWN-ANALYST,Correct: impute placeholder 'UNKNOWN-ANALYST',missing[Analyst_ID]
DQ01086,APX1029726,Missing_Analyst_ID,Medium,,UNKNOWN-ANALYST,Correct: impute placeholder 'UNKNOWN-ANALYST',missing[Analyst_ID]
DQ01087,APX1030326,Missing_Analyst_ID,Medium,,UNKNOWN-ANALYST,Correct: impute placeholder 'UNKNOWN-ANALYST',missing[Analyst_ID]
DQ01088,APX1030395,Missing_Analyst_ID,Medium,,UNKNOWN-ANALYST,Correct: impute placeholder 'UNKNOWN-ANALYST',missing[Analyst_ID]
DQ01089,APX1030535,Missing_Analyst_ID,Medium,,UNKNOWN-ANALYST,Correct: impute placeholder 'UNKNOWN-ANALYST',missing[Analyst_ID]
DQ01090,APX1030829,Missing_Analyst_ID,Medium,,UNKNOWN-ANALYST,Correct: impute placeholder 'UNKNOWN-ANALYST',missing[Analyst_ID]
DQ01091,APX1031082,Missing_Analyst_ID,Medium,,UNKNOWN-ANALYST,Correct: impute placeholder 'UNKNOWN-ANALYST',missing[Analyst_ID]
DQ01092,APX1031112,Missing_Analyst_ID,Medium,,UNKNOWN-ANALYST,Correct: impute placeholder 'UNKNOWN-ANALYST',missing[Analyst_ID]
DQ01093,APX1031192,Missing_Analyst_ID,Medium,,UNKNOWN-ANALYST,Correct: impute placeholder 'UNKNOWN-ANALYST',missing[Analyst_ID]
DQ01094,APX1032070,Missing_Analyst_ID,Medium,,UNKNOWN-ANALYST,Correct: impute placeholder 'UNKNOWN-ANALYST',missing[Analyst_ID]
DQ01095,APX1032163,Missing_Analyst_ID,Medium,,UNKNOWN-ANALYST,Correct: impute placeholder 'UNKNOWN-ANALYST',missing[Analyst_ID]
DQ01096,APX1033789,Missing_Analyst_ID,Medium,,UNKNOWN-ANALYST,Correct: impute placeholder 'UNKNOWN-ANALYST',missing[Analyst_ID]
DQ01097,APX1034253,Missing_Analyst_ID,Medium,,UNKNOWN-ANALYST,Correct: impute placeholder 'UNKNOWN-ANALYST',missing[Analyst_ID]
DQ01098,APX1034360,Missing_Analyst_ID,Medium,,UNKNOWN-ANALYST,Correct: impute placeholder 'UNKNOWN-ANALYST',missing[Analyst_ID]
DQ01099,APX1034618,Missing_Analyst_ID,Medium,,UNKNOWN-ANALYST,Correct: impute placeholder 'UNKNOWN-ANALYST',missing[Analyst_ID]
DQ01100,APX1034998,Missing_Analyst_ID,Medium,,UNKNOWN-ANALYST,Correct: impute placeholder 'UNKNOWN-ANALYST',missing[Analyst_ID]
DQ01101,APX1035091,Missing_Analyst_ID,Medium,,UNKNOWN-ANALYST,Correct: impute placeholder 'UNKNOWN-ANALYST',missing[Analyst_ID]
DQ01102,APX1035346,Missing_Analyst_ID,Medium,,UNKNOWN-ANALYST,Correct: impute placeholder 'UNKNOWN-ANALYST',missing[Analyst_ID]
DQ01103,APX1035667,Missing_Analyst_ID,Medium,,UNKNOWN-ANALYST,Correct: impute placeholder 'UNKNOWN-ANALYST',missing[Analyst_ID]
DQ01104,APX1036248,Missing_Analyst_ID,Medium,,UNKNOWN-ANALYST,Correct: impute placeholder 'UNKNOWN-ANALYST',missing[Analyst_ID]
DQ01105,APX1036692,Missing_Analyst_ID,Medium,,UNKNOWN-ANALYST,Correct: impute placeholder 'UNKNOWN-ANALYST',missing[Analyst_ID]
DQ01106,APX1036651,Missing_Analyst_ID,Medium,,UNKNOWN-ANALYST,Correct: impute placeholder 'UNKNOWN-ANALYST',missing[Analyst_ID]
DQ01107,APX1037088,Missing_Analyst_ID,Medium,,UNKNOWN-ANALYST,Correct: impute placeholder 'UNKNOWN-ANALYST',missing[Analyst_ID]
DQ01108,APX1037319,Missing_Analyst_ID,Medium,,UNKNOWN-ANALYST,Correct: impute placeholder 'UNKNOWN-ANALYST',missing[Analyst_ID]
DQ01109,APX1038019,Missing_Analyst_ID,Medium,,UNKNOWN-ANALYST,Correct: impute placeholder 'UNKNOWN-ANALYST',missing[Analyst_ID]
DQ01110,APX1038124,Missing_Analyst_ID,Medium,,UNKNOWN-ANALYST,Correct: impute placeholder 'UNKNOWN-ANALYST',missing[Analyst_ID]
DQ01111,APX1038070,Missing_Analyst_ID,Medium,,UNKNOWN-ANALYST,Correct: impute placeholder 'UNKNOWN-ANALYST',missing[Analyst_ID]
DQ01112,APX1038459,Missing_Analyst_ID,Medium,,UNKNOWN-ANALYST,Correct: impute placeholder 'UNKNOWN-ANALYST',missing[Analyst_ID]
DQ01113,APX1038622,Missing_Analyst_ID,Medium,,UNKNOWN-ANALYST,Correct: impute placeholder 'UNKNOWN-ANALYST',missing[Analyst_ID]
DQ01114,APX1038946,Missing_Analyst_ID,Medium,,UNKNOWN-ANALYST,Correct: impute placeholder 'UNKNOWN-ANALYST',missing[Analyst_ID]
DQ01115,APX1039627,Missing_Analyst_ID,Medium,,UNKNOWN-ANALYST,Correct: impute placeholder 'UNKNOWN-ANALYST',missing[Analyst_ID]
DQ01116,APX1040131,Missing_Analyst_ID,Medium,,UNKNOWN-ANALYST,Correct: impute placeholder 'UNKNOWN-ANALYST',missing[Analyst_ID]
DQ01117,APX1040243,Missing_Analyst_ID,Medium,,UNKNOWN-ANALYST,Correct: impute placeholder 'UNKNOWN-ANALYST',missing[Analyst_ID]
DQ01118,APX1040653,Missing_Analyst_ID,Medium,,UNKNOWN-ANALYST,Correct: impute placeholder 'UNKNOWN-ANALYST',missing[Analyst_ID]
DQ01119,APX1040765,Missing_Analyst_ID,Medium,,UNKNOWN-ANALYST,Correct: impute placeholder 'UNKNOWN-ANALYST',missing[Analyst_ID]
DQ01120,APX1040965,Missing_Analyst_ID,Medium,,UNKNOWN-ANALYST,Correct: impute placeholder 'UNKNOWN-ANALYST',missing[Analyst_ID]
DQ01121,APX1041192,Missing_Analyst_ID,Medium,,UNKNOWN-ANALYST,Correct: impute placeholder 'UNKNOWN-ANALYST',missing[Analyst_ID]
DQ01122,APX1041204,Missing_Analyst_ID,Medium,,UNKNOWN-ANALYST,Correct: impute placeholder 'UNKNOWN-ANALYST',missing[Analyst_ID]
DQ01123,APX1041440,Missing_Analyst_ID,Medium,,UNKNOWN-ANALYST,Correct: impute placeholder 'UNKNOWN-ANALYST',missing[Analyst_ID]
DQ01124,APX1041820,Missing_Analyst_ID,Medium,,UNKNOWN-ANALYST,Correct: impute placeholder 'UNKNOWN-ANALYST',missing[Analyst_ID]
DQ01125,APX1041764,Missing_Analyst_ID,Medium,,UNKNOWN-ANALYST,Correct: impute placeholder 'UNKNOWN-ANALYST',missing[Analyst_ID]
DQ01126,APX1041797,Missing_Analyst_ID,Medium,,UNKNOWN-ANALYST,Correct: impute placeholder 'UNKNOWN-ANALYST',missing[Analyst_ID]
DQ01127,APX1041961,Missing_Analyst_ID,Medium,,UNKNOWN-ANALYST,Correct: impute placeholder 'UNKNOWN-ANALYST',missing[Analyst_ID]
DQ01128,APX1042079,Missing_Analyst_ID,Medium,,UNKNOWN-ANALYST,Correct: impute placeholder 'UNKNOWN-ANALYST',missing[Analyst_ID]
DQ01129,APX1042087,Missing_Analyst_ID,Medium,,UNKNOWN-ANALYST,Correct: impute placeholder 'UNKNOWN-ANALYST',missing[Analyst_ID]
DQ01130,APX1042652,Missing_Analyst_ID,Medium,,UNKNOWN-ANALYST,Correct: impute placeholder 'UNKNOWN-ANALYST',missing[Analyst_ID]
DQ01131,APX1042633,Missing_Analyst_ID,Medium,,UNKNOWN-ANALYST,Correct: impute placeholder 'UNKNOWN-ANALYST',missing[Analyst_ID]
DQ01132,APX1042831,Missing_Analyst_ID,Medium,,UNKNOWN-ANALYST,Correct: impute placeholder 'UNKNOWN-ANALYST',missing[Analyst_ID]
DQ01133,APX1043324,Missing_Analyst_ID,Medium,,UNKNOWN-ANALYST,Correct: impute placeholder 'UNKNOWN-ANALYST',missing[Analyst_ID]
DQ01134,APX1043932,Missing_Analyst_ID,Medium,,UNKNOWN-ANALYST,Correct: impute placeholder 'UNKNOWN-ANALYST',missing[Analyst_ID]
DQ01135,APX1044259,Missing_Analyst_ID,Medium,,UNKNOWN-ANALYST,Correct: impute placeholder 'UNKNOWN-ANALYST',missing[Analyst_ID]
DQ01136,APX1044498,Missing_Analyst_ID,Medium,,UNKNOWN-ANALYST,Correct: impute placeholder 'UNKNOWN-ANALYST',missing[Analyst_ID]
DQ01137,APX1044489,Missing_Analyst_ID,Medium,,UNKNOWN-ANALYST,Correct: impute placeholder 'UNKNOWN-ANALYST',missing[Analyst_ID]
DQ01138,APX1045128,Missing_Analyst_ID,Medium,,UNKNOWN-ANALYST,Correct: impute placeholder 'UNKNOWN-ANALYST',missing[Analyst_ID]
DQ01139,APX1045333,Missing_Analyst_ID,Medium,,UNKNOWN-ANALYST,Correct: impute placeholder 'UNKNOWN-ANALYST',missing[Analyst_ID]
DQ01140,APX1045392,Missing_Analyst_ID,Medium,,UNKNOWN-ANALYST,Correct: impute placeholder 'UNKNOWN-ANALYST',missing[Analyst_ID]
DQ01141,APX1045645,Missing_Analyst_ID,Medium,,UNKNOWN-ANALYST,Correct: impute placeholder 'UNKNOWN-ANALYST',missing[Analyst_ID]
DQ01142,APX1046502,Missing_Analyst_ID,Medium,,UNKNOWN-ANALYST,Correct: impute placeholder 'UNKNOWN-ANALYST',missing[Analyst_ID]
DQ01143,APX1046884,Missing_Analyst_ID,Medium,,UNKNOWN-ANALYST,Correct: impute placeholder 'UNKNOWN-ANALYST',missing[Analyst_ID]
DQ01144,APX1047437,Missing_Analyst_ID,Medium,,UNKNOWN-ANALYST,Correct: impute placeholder 'UNKNOWN-ANALYST',missing[Analyst_ID]
DQ01145,APX1047458,Missing_Analyst_ID,Medium,,UNKNOWN-ANALYST,Correct: impute placeholder 'UNKNOWN-ANALYST',missing[Analyst_ID]
DQ01146,APX1047548,Missing_Analyst_ID,Medium,,UNKNOWN-ANALYST,Correct: impute placeholder 'UNKNOWN-ANALYST',missing[Analyst_ID]
DQ01147,APX1048124,Missing_Analyst_ID,Medium,,UNKNOWN-ANALYST,Correct: impute placeholder 'UNKNOWN-ANALYST',missing[Analyst_ID]
DQ01148,APX1048594,Missing_Analyst_ID,Medium,,UNKNOWN-ANALYST,Correct: impute placeholder 'UNKNOWN-ANALYST',missing[Analyst_ID]
DQ01149,APX1048716,Missing_Analyst_ID,Medium,,UNKNOWN-ANALYST,Correct: impute placeholder 'UNKNOWN-ANALYST',missing[Analyst_ID]
DQ01150,APX1048826,Missing_Analyst_ID,Medium,,UNKNOWN-ANALYST,Correct: impute placeholder 'UNKNOWN-ANALYST',missing[Analyst_ID]
DQ01151,APX1049344,Missing_Analyst_ID,Medium,,UNKNOWN-ANALYST,Correct: impute placeholder 'UNKNOWN-ANALYST',missing[Analyst_ID]
DQ01152,APX1049309,Missing_Analyst_ID,Medium,,UNKNOWN-ANALYST,Correct: impute placeholder 'UNKNOWN-ANALYST',missing[Analyst_ID]
DQ01153,APX1050136,Missing_Analyst_ID,Medium,,UNKNOWN-ANALYST,Correct: impute placeholder 'UNKNOWN-ANALYST',missing[Analyst_ID]
DQ01154,APX1050943,Missing_Analyst_ID,Medium,,UNKNOWN-ANALYST,Correct: impute placeholder 'UNKNOWN-ANALYST',missing[Analyst_ID]
DQ01155,APX1051251,Missing_Analyst_ID,Medium,,UNKNOWN-ANALYST,Correct: impute placeholder 'UNKNOWN-ANALYST',missing[Analyst_ID]
DQ01156,APX1051606,Missing_Analyst_ID,Medium,,UNKNOWN-ANALYST,Correct: impute placeholder 'UNKNOWN-ANALYST',missing[Analyst_ID]
DQ01157,APX1051828,Missing_Analyst_ID,Medium,,UNKNOWN-ANALYST,Correct: impute placeholder 'UNKNOWN-ANALYST',missing[Analyst_ID]
DQ01158,APX1052335,Missing_Analyst_ID,Medium,,UNKNOWN-ANALYST,Correct: impute placeholder 'UNKNOWN-ANALYST',missing[Analyst_ID]
DQ01159,APX1052914,Missing_Analyst_ID,Medium,,UNKNOWN-ANALYST,Correct: impute placeholder 'UNKNOWN-ANALYST',missing[Analyst_ID]
DQ01160,APX1053179,Missing_Analyst_ID,Medium,,UNKNOWN-ANALYST,Correct: impute placeholder 'UNKNOWN-ANALYST',missing[Analyst_ID]
DQ01161,APX1053654,Missing_Analyst_ID,Medium,,UNKNOWN-ANALYST,Correct: impute placeholder 'UNKNOWN-ANALYST',missing[Analyst_ID]
DQ01162,APX1054188,Missing_Analyst_ID,Medium,,UNKNOWN-ANALYST,Correct: impute placeholder 'UNKNOWN-ANALYST',missing[Analyst_ID]
DQ01163,APX1054613,Missing_Analyst_ID,Medium,,UNKNOWN-ANALYST,Correct: impute placeholder 'UNKNOWN-ANALYST',missing[Analyst_ID]
DQ01164,APX1055119,Missing_Analyst_ID,Medium,,UNKNOWN-ANALYST,Correct: impute placeholder 'UNKNOWN-ANALYST',missing[Analyst_ID]
DQ01165,APX1055189,Missing_Analyst_ID,Medium,,UNKNOWN-ANALYST,Correct: impute placeholder 'UNKNOWN-ANALYST',missing[Analyst_ID]
DQ01166,APX1055492,Missing_Analyst_ID,Medium,,UNKNOWN-ANALYST,Correct: impute placeholder 'UNKNOWN-ANALYST',missing[Analyst_ID]
DQ01167,APX1055518,Missing_Analyst_ID,Medium,,UNKNOWN-ANALYST,Correct: impute placeholder 'UNKNOWN-ANALYST',missing[Analyst_ID]
DQ01168,APX1056144,Missing_Analyst_ID,Medium,,UNKNOWN-ANALYST,Correct: impute placeholder 'UNKNOWN-ANALYST',missing[Analyst_ID]
DQ01169,APX1056502,Missing_Analyst_ID,Medium,,UNKNOWN-ANALYST,Correct: impute placeholder 'UNKNOWN-ANALYST',missing[Analyst_ID]
DQ01170,APX1056458,Missing_Analyst_ID,Medium,,UNKNOWN-ANALYST,Correct: impute placeholder 'UNKNOWN-ANALYST',missing[Analyst_ID]
DQ01171,APX1056796,Missing_Analyst_ID,Medium,,UNKNOWN-ANALYST,Correct: impute placeholder 'UNKNOWN-ANALYST',missing[Analyst_ID]
DQ01172,APX1056889,Missing_Analyst_ID,Medium,,UNKNOWN-ANALYST,Correct: impute placeholder 'UNKNOWN-ANALYST',missing[Analyst_ID]
DQ01173,APX1057397,Missing_Analyst_ID,Medium,,UNKNOWN-ANALYST,Correct: impute placeholder 'UNKNOWN-ANALYST',missing[Analyst_ID]
DQ01174,APX1057407,Missing_Analyst_ID,Medium,,UNKNOWN-ANALYST,Correct: impute placeholder 'UNKNOWN-ANALYST',missing[Analyst_ID]
DQ01175,APX1057526,Missing_Analyst_ID,Medium,,UNKNOWN-ANALYST,Correct: impute placeholder 'UNKNOWN-ANALYST',missing[Analyst_ID]
DQ01176,APX1057546,Missing_Analyst_ID,Medium,,UNKNOWN-ANALYST,Correct: impute placeholder 'UNKNOWN-ANALYST',missing[Analyst_ID]
DQ01177,APX1058148,Missing_Analyst_ID,Medium,,UNKNOWN-ANALYST,Correct: impute placeholder 'UNKNOWN-ANALYST',missing[Analyst_ID]
DQ01178,APX1058576,Missing_Analyst_ID,Medium,,UNKNOWN-ANALYST,Correct: impute placeholder 'UNKNOWN-ANALYST',missing[Analyst_ID]
DQ01179,APX1058740,Missing_Analyst_ID,Medium,,UNKNOWN-ANALYST,Correct: impute placeholder 'UNKNOWN-ANALYST',missing[Analyst_ID]
DQ01180,APX1058785,Missing_Analyst_ID,Medium,,UNKNOWN-ANALYST,Correct: impute placeholder 'UNKNOWN-ANALYST',missing[Analyst_ID]
DQ01181,APX1059014,Missing_Analyst_ID,Medium,,UNKNOWN-ANALYST,Correct: impute placeholder 'UNKNOWN-ANALYST',missing[Analyst_ID]
DQ01182,APX1059248,Missing_Analyst_ID,Medium,,UNKNOWN-ANALYST,Correct: impute placeholder 'UNKNOWN-ANALYST',missing[Analyst_ID]
DQ01183,APX1059311,Missing_Analyst_ID,Medium,,UNKNOWN-ANALYST,Correct: impute placeholder 'UNKNOWN-ANALYST',missing[Analyst_ID]
DQ01184,APX1059326,Missing_Analyst_ID,Medium,,UNKNOWN-ANALYST,Correct: impute placeholder 'UNKNOWN-ANALYST',missing[Analyst_ID]
DQ01185,APX1059340,Missing_Analyst_ID,Medium,,UNKNOWN-ANALYST,Correct: impute placeholder 'UNKNOWN-ANALYST',missing[Analyst_ID]
DQ01186,APX1059276,Missing_Analyst_ID,Medium,,UNKNOWN-ANALYST,Correct: impute placeholder 'UNKNOWN-ANALYST',missing[Analyst_ID]
DQ01187,APX1059358,Missing_Analyst_ID,Medium,,UNKNOWN-ANALYST,Correct: impute placeholder 'UNKNOWN-ANALYST',missing[Analyst_ID]
DQ01188,APX1059545,Missing_Analyst_ID,Medium,,UNKNOWN-ANALYST,Correct: impute placeholder 'UNKNOWN-ANALYST',missing[Analyst_ID]
DQ01189,APX1060023,Missing_Analyst_ID,Medium,,UNKNOWN-ANALYST,Correct: impute placeholder 'UNKNOWN-ANALYST',missing[Analyst_ID]
DQ01190,APX1060337,Missing_Analyst_ID,Medium,,UNKNOWN-ANALYST,Correct: impute placeholder 'UNKNOWN-ANALYST',missing[Analyst_ID]
DQ01191,APX1060379,Missing_Analyst_ID,Medium,,UNKNOWN-ANALYST,Correct: impute placeholder 'UNKNOWN-ANALYST',missing[Analyst_ID]
DQ01192,APX1060448,Missing_Analyst_ID,Medium,,UNKNOWN-ANALYST,Correct: impute placeholder 'UNKNOWN-ANALYST',missing[Analyst_ID]
DQ01193,APX1061119,Missing_Analyst_ID,Medium,,UNKNOWN-ANALYST,Correct: impute placeholder 'UNKNOWN-ANALYST',missing[Analyst_ID]
DQ01194,APX1062276,Missing_Analyst_ID,Medium,,UNKNOWN-ANALYST,Correct: impute placeholder 'UNKNOWN-ANALYST',missing[Analyst_ID]
DQ01195,APX1062314,Missing_Analyst_ID,Medium,,UNKNOWN-ANALYST,Correct: impute placeholder 'UNKNOWN-ANALYST',missing[Analyst_ID]
DQ01196,APX1062517,Missing_Analyst_ID,Medium,,UNKNOWN-ANALYST,Correct: impute placeholder 'UNKNOWN-ANALYST',missing[Analyst_ID]
DQ01197,APX1062943,Missing_Analyst_ID,Medium,,UNKNOWN-ANALYST,Correct: impute placeholder 'UNKNOWN-ANALYST',missing[Analyst_ID]
DQ01198,APX1063607,Missing_Analyst_ID,Medium,,UNKNOWN-ANALYST,Correct: impute placeholder 'UNKNOWN-ANALYST',missing[Analyst_ID]
DQ01199,APX1063969,Missing_Analyst_ID,Medium,,UNKNOWN-ANALYST,Correct: impute placeholder 'UNKNOWN-ANALYST',missing[Analyst_ID]
DQ01200,APX1064435,Missing_Analyst_ID,Medium,,UNKNOWN-ANALYST,Correct: impute placeholder 'UNKNOWN-ANALYST',missing[Analyst_ID]
DQ01201,APX1065316,Missing_Analyst_ID,Medium,,UNKNOWN-ANALYST,Correct: impute placeholder 'UNKNOWN-ANALYST',missing[Analyst_ID]
DQ01202,APX1065965,Missing_Analyst_ID,Medium,,UNKNOWN-ANALYST,Correct: impute placeholder 'UNKNOWN-ANALYST',missing[Analyst_ID]
DQ01203,APX1066351,Missing_Analyst_ID,Medium,,UNKNOWN-ANALYST,Correct: impute placeholder 'UNKNOWN-ANALYST',missing[Analyst_ID]
DQ01204,APX1066844,Missing_Analyst_ID,Medium,,UNKNOWN-ANALYST,Correct: impute placeholder 'UNKNOWN-ANALYST',missing[Analyst_ID]
DQ01205,APX1067232,Missing_Analyst_ID,Medium,,UNKNOWN-ANALYST,Correct: impute placeholder 'UNKNOWN-ANALYST',missing[Analyst_ID]
DQ01206,APX1067278,Missing_Analyst_ID,Medium,,UNKNOWN-ANALYST,Correct: impute placeholder 'UNKNOWN-ANALYST',missing[Analyst_ID]
DQ01207,APX1067324,Missing_Analyst_ID,Medium,,UNKNOWN-ANALYST,Correct: impute placeholder 'UNKNOWN-ANALYST',missing[Analyst_ID]
DQ01208,APX1067712,Missing_Analyst_ID,Medium,,UNKNOWN-ANALYST,Correct: impute placeholder 'UNKNOWN-ANALYST',missing[Analyst_ID]
DQ01209,APX1068038,Missing_Analyst_ID,Medium,,UNKNOWN-ANALYST,Correct: impute placeholder 'UNKNOWN-ANALYST',missing[Analyst_ID]
DQ01210,APX1067958,Missing_Analyst_ID,Medium,,UNKNOWN-ANALYST,Correct: impute placeholder 'UNKNOWN-ANALYST',missing[Analyst_ID]
DQ01211,APX1067936,Missing_Analyst_ID,Medium,,UNKNOWN-ANALYST,Correct: impute placeholder 'UNKNOWN-ANALYST',missing[Analyst_ID]
DQ01212,APX1068476,Missing_Analyst_ID,Medium,,UNKNOWN-ANALYST,Correct: impute placeholder 'UNKNOWN-ANALYST',missing[Analyst_ID]
DQ01213,APX1069161,Missing_Analyst_ID,Medium,,UNKNOWN-ANALYST,Correct: impute placeholder 'UNKNOWN-ANALYST',missing[Analyst_ID]
DQ01214,APX1069401,Missing_Analyst_ID,Medium,,UNKNOWN-ANALYST,Correct: impute placeholder 'UNKNOWN-ANALYST',missing[Analyst_ID]
DQ01215,APX1069453,Missing_Analyst_ID,Medium,,UNKNOWN-ANALYST,Correct: impute placeholder 'UNKNOWN-ANALYST',missing[Analyst_ID]
DQ01216,APX1069877,Missing_Analyst_ID,Medium,,UNKNOWN-ANALYST,Correct: impute placeholder 'UNKNOWN-ANALYST',missing[Analyst_ID]
DQ01217,APX1070401,Missing_Analyst_ID,Medium,,UNKNOWN-ANALYST,Correct: impute placeholder 'UNKNOWN-ANALYST',missing[Analyst_ID]
DQ01218,APX1070422,Missing_Analyst_ID,Medium,,UNKNOWN-ANALYST,Correct: impute placeholder 'UNKNOWN-ANALYST',missing[Analyst_ID]
DQ01219,APX1071578,Missing_Analyst_ID,Medium,,UNKNOWN-ANALYST,Correct: impute placeholder 'UNKNOWN-ANALYST',missing[Analyst_ID]
DQ01220,APX1071845,Missing_Analyst_ID,Medium,,UNKNOWN-ANALYST,Correct: impute placeholder 'UNKNOWN-ANALYST',missing[Analyst_ID]
DQ01221,APX1072742,Missing_Analyst_ID,Medium,,UNKNOWN-ANALYST,Correct: impute placeholder 'UNKNOWN-ANALYST',missing[Analyst_ID]
DQ01222,APX1073264,Missing_Analyst_ID,Medium,,UNKNOWN-ANALYST,Correct: impute placeholder 'UNKNOWN-ANALYST',missing[Analyst_ID]
DQ01223,APX1073314,Missing_Analyst_ID,Medium,,UNKNOWN-ANALYST,Correct: impute placeholder 'UNKNOWN-ANALYST',missing[Analyst_ID]
DQ01224,APX1073447,Missing_Analyst_ID,Medium,,UNKNOWN-ANALYST,Correct: impute placeholder 'UNKNOWN-ANALYST',missing[Analyst_ID]
DQ01225,APX1073834,Missing_Analyst_ID,Medium,,UNKNOWN-ANALYST,Correct: impute placeholder 'UNKNOWN-ANALYST',missing[Analyst_ID]
DQ01226,APX1074175,Missing_Analyst_ID,Medium,,UNKNOWN-ANALYST,Correct: impute placeholder 'UNKNOWN-ANALYST',missing[Analyst_ID]
DQ01227,APX1074381,Missing_Analyst_ID,Medium,,UNKNOWN-ANALYST,Correct: impute placeholder 'UNKNOWN-ANALYST',missing[Analyst_ID]
DQ01228,APX1074460,Missing_Analyst_ID,Medium,,UNKNOWN-ANALYST,Correct: impute placeholder 'UNKNOWN-ANALYST',missing[Analyst_ID]
DQ01229,APX1074637,Missing_Analyst_ID,Medium,,UNKNOWN-ANALYST,Correct: impute placeholder 'UNKNOWN-ANALYST',missing[Analyst_ID]
DQ01230,APX1075257,Missing_Analyst_ID,Medium,,UNKNOWN-ANALYST,Correct: impute placeholder 'UNKNOWN-ANALYST',missing[Analyst_ID]
DQ01231,APX1075273,Missing_Analyst_ID,Medium,,UNKNOWN-ANALYST,Correct: impute placeholder 'UNKNOWN-ANALYST',missing[Analyst_ID]
DQ01232,APX1075644,Missing_Analyst_ID,Medium,,UNKNOWN-ANALYST,Correct: impute placeholder 'UNKNOWN-ANALYST',missing[Analyst_ID]
DQ01233,APX1075838,Missing_Analyst_ID,Medium,,UNKNOWN-ANALYST,Correct: impute placeholder 'UNKNOWN-ANALYST',missing[Analyst_ID]
DQ01234,APX1075956,Missing_Analyst_ID,Medium,,UNKNOWN-ANALYST,Correct: impute placeholder 'UNKNOWN-ANALYST',missing[Analyst_ID]
DQ01235,APX1076787,Missing_Analyst_ID,Medium,,UNKNOWN-ANALYST,Correct: impute placeholder 'UNKNOWN-ANALYST',missing[Analyst_ID]
DQ01236,APX1076906,Missing_Analyst_ID,Medium,,UNKNOWN-ANALYST,Correct: impute placeholder 'UNKNOWN-ANALYST',missing[Analyst_ID]
DQ01237,APX1077321,Missing_Analyst_ID,Medium,,UNKNOWN-ANALYST,Correct: impute placeholder 'UNKNOWN-ANALYST',missing[Analyst_ID]
DQ01238,APX1077455,Missing_Analyst_ID,Medium,,UNKNOWN-ANALYST,Correct: impute placeholder 'UNKNOWN-ANALYST',missing[Analyst_ID]
DQ01239,APX1077902,Missing_Analyst_ID,Medium,,UNKNOWN-ANALYST,Correct: impute placeholder 'UNKNOWN-ANALYST',missing[Analyst_ID]
DQ01240,APX1078033,Missing_Analyst_ID,Medium,,UNKNOWN-ANALYST,Correct: impute placeholder 'UNKNOWN-ANALYST',missing[Analyst_ID]
DQ01241,APX1078318,Missing_Analyst_ID,Medium,,UNKNOWN-ANALYST,Correct: impute placeholder 'UNKNOWN-ANALYST',missing[Analyst_ID]
DQ01242,APX1078925,Missing_Analyst_ID,Medium,,UNKNOWN-ANALYST,Correct: impute placeholder 'UNKNOWN-ANALYST',missing[Analyst_ID]
DQ01243,APX1079058,Missing_Analyst_ID,Medium,,UNKNOWN-ANALYST,Correct: impute placeholder 'UNKNOWN-ANALYST',missing[Analyst_ID]
DQ01244,APX1079540,Missing_Analyst_ID,Medium,,UNKNOWN-ANALYST,Correct: impute placeholder 'UNKNOWN-ANALYST',missing[Analyst_ID]
DQ01245,APX1081218,Missing_Analyst_ID,Medium,,UNKNOWN-ANALYST,Correct: impute placeholder 'UNKNOWN-ANALYST',missing[Analyst_ID]
DQ01246,APX1081209,Missing_Analyst_ID,Medium,,UNKNOWN-ANALYST,Correct: impute placeholder 'UNKNOWN-ANALYST',missing[Analyst_ID]
DQ01247,APX1081438,Missing_Analyst_ID,Medium,,UNKNOWN-ANALYST,Correct: impute placeholder 'UNKNOWN-ANALYST',missing[Analyst_ID]
DQ01248,APX1082997,Missing_Analyst_ID,Medium,,UNKNOWN-ANALYST,Correct: impute placeholder 'UNKNOWN-ANALYST',missing[Analyst_ID]
DQ01249,APX1083027,Missing_Analyst_ID,Medium,,UNKNOWN-ANALYST,Correct: impute placeholder 'UNKNOWN-ANALYST',missing[Analyst_ID]
DQ01250,APX1083328,Missing_Analyst_ID,Medium,,UNKNOWN-ANALYST,Correct: impute placeholder 'UNKNOWN-ANALYST',missing[Analyst_ID]
DQ01251,APX1083704,Missing_Analyst_ID,Medium,,UNKNOWN-ANALYST,Correct: impute placeholder 'UNKNOWN-ANALYST',missing[Analyst_ID]
DQ01252,APX1084367,Missing_Analyst_ID,Medium,,UNKNOWN-ANALYST,Correct: impute placeholder 'UNKNOWN-ANALYST',missing[Analyst_ID]
DQ01253,APX1084263,Missing_Analyst_ID,Medium,,UNKNOWN-ANALYST,Correct: impute placeholder 'UNKNOWN-ANALYST',missing[Analyst_ID]
DQ01254,APX1084264,Missing_Analyst_ID,Medium,,UNKNOWN-ANALYST,Correct: impute placeholder 'UNKNOWN-ANALYST',missing[Analyst_ID]
DQ01255,APX1084473,Missing_Analyst_ID,Medium,,UNKNOWN-ANALYST,Correct: impute placeholder 'UNKNOWN-ANALYST',missing[Analyst_ID]
DQ01256,APX1084822,Missing_Analyst_ID,Medium,,UNKNOWN-ANALYST,Correct: impute placeholder 'UNKNOWN-ANALYST',missing[Analyst_ID]
DQ01257,APX1084945,Missing_Analyst_ID,Medium,,UNKNOWN-ANALYST,Correct: impute placeholder 'UNKNOWN-ANALYST',missing[Analyst_ID]
DQ01258,APX1084807,Missing_Analyst_ID,Medium,,UNKNOWN-ANALYST,Correct: impute placeholder 'UNKNOWN-ANALYST',missing[Analyst_ID]
DQ01259,APX1085400,Missing_Analyst_ID,Medium,,UNKNOWN-ANALYST,Correct: impute placeholder 'UNKNOWN-ANALYST',missing[Analyst_ID]
DQ01260,APX1085572,Missing_Analyst_ID,Medium,,UNKNOWN-ANALYST,Correct: impute placeholder 'UNKNOWN-ANALYST',missing[Analyst_ID]
DQ01261,APX1085745,Missing_Analyst_ID,Medium,,UNKNOWN-ANALYST,Correct: impute placeholder 'UNKNOWN-ANALYST',missing[Analyst_ID]
DQ01262,APX1086506,Missing_Analyst_ID,Medium,,UNKNOWN-ANALYST,Correct: impute placeholder 'UNKNOWN-ANALYST',missing[Analyst_ID]
DQ01263,APX1086996,Missing_Analyst_ID,Medium,,UNKNOWN-ANALYST,Correct: impute placeholder 'UNKNOWN-ANALYST',missing[Analyst_ID]
DQ01264,APX1087775,Missing_Analyst_ID,Medium,,UNKNOWN-ANALYST,Correct: impute placeholder 'UNKNOWN-ANALYST',missing[Analyst_ID]
DQ01265,APX1088370,Missing_Analyst_ID,Medium,,UNKNOWN-ANALYST,Correct: impute placeholder 'UNKNOWN-ANALYST',missing[Analyst_ID]
DQ01266,APX1088811,Missing_Analyst_ID,Medium,,UNKNOWN-ANALYST,Correct: impute placeholder 'UNKNOWN-ANALYST',missing[Analyst_ID]
DQ01267,APX1089153,Missing_Analyst_ID,Medium,,UNKNOWN-ANALYST,Correct: impute placeholder 'UNKNOWN-ANALYST',missing[Analyst_ID]
DQ01268,APX1089426,Missing_Analyst_ID,Medium,,UNKNOWN-ANALYST,Correct: impute placeholder 'UNKNOWN-ANALYST',missing[Analyst_ID]
DQ01269,APX1089480,Missing_Analyst_ID,Medium,,UNKNOWN-ANALYST,Correct: impute placeholder 'UNKNOWN-ANALYST',missing[Analyst_ID]
DQ01270,APX1089653,Missing_Analyst_ID,Medium,,UNKNOWN-ANALYST,Correct: impute placeholder 'UNKNOWN-ANALYST',missing[Analyst_ID]
DQ01271,APX1089689,Missing_Analyst_ID,Medium,,UNKNOWN-ANALYST,Correct: impute placeholder 'UNKNOWN-ANALYST',missing[Analyst_ID]
DQ01272,APX1089867,Missing_Analyst_ID,Medium,,UNKNOWN-ANALYST,Correct: impute placeholder 'UNKNOWN-ANALYST',missing[Analyst_ID]
DQ01273,APX1090295,Missing_Analyst_ID,Medium,,UNKNOWN-ANALYST,Correct: impute placeholder 'UNKNOWN-ANALYST',missing[Analyst_ID]
DQ01274,APX1090953,Missing_Analyst_ID,Medium,,UNKNOWN-ANALYST,Correct: impute placeholder 'UNKNOWN-ANALYST',missing[Analyst_ID]
DQ01275,APX1091122,Missing_Analyst_ID,Medium,,UNKNOWN-ANALYST,Correct: impute placeholder 'UNKNOWN-ANALYST',missing[Analyst_ID]
DQ01276,APX1091384,Missing_Analyst_ID,Medium,,UNKNOWN-ANALYST,Correct: impute placeholder 'UNKNOWN-ANALYST',missing[Analyst_ID]
DQ01277,APX1091730,Missing_Analyst_ID,Medium,,UNKNOWN-ANALYST,Correct: impute placeholder 'UNKNOWN-ANALYST',missing[Analyst_ID]
DQ01278,APX1091729,Missing_Analyst_ID,Medium,,UNKNOWN-ANALYST,Correct: impute placeholder 'UNKNOWN-ANALYST',missing[Analyst_ID]
DQ01279,APX1092952,Missing_Analyst_ID,Medium,,UNKNOWN-ANALYST,Correct: impute placeholder 'UNKNOWN-ANALYST',missing[Analyst_ID]
DQ01280,APX1093909,Missing_Analyst_ID,Medium,,UNKNOWN-ANALYST,Correct: impute placeholder 'UNKNOWN-ANALYST',missing[Analyst_ID]
DQ01281,APX1094082,Missing_Analyst_ID,Medium,,UNKNOWN-ANALYST,Correct: impute placeholder 'UNKNOWN-ANALYST',missing[Analyst_ID]
DQ01282,APX1094321,Missing_Analyst_ID,Medium,,UNKNOWN-ANALYST,Correct: impute placeholder 'UNKNOWN-ANALYST',missing[Analyst_ID]
DQ01283,APX1094511,Missing_Analyst_ID,Medium,,UNKNOWN-ANALYST,Correct: impute placeholder 'UNKNOWN-ANALYST',missing[Analyst_ID]
DQ01284,APX1094737,Missing_Analyst_ID,Medium,,UNKNOWN-ANALYST,Correct: impute placeholder 'UNKNOWN-ANALYST',missing[Analyst_ID]
DQ01285,APX1094906,Missing_Analyst_ID,Medium,,UNKNOWN-ANALYST,Correct: impute placeholder 'UNKNOWN-ANALYST',missing[Analyst_ID]
DQ01286,APX1095551,Missing_Analyst_ID,Medium,,UNKNOWN-ANALYST,Correct: impute placeholder 'UNKNOWN-ANALYST',missing[Analyst_ID]
DQ01287,APX1096431,Missing_Analyst_ID,Medium,,UNKNOWN-ANALYST,Correct: impute placeholder 'UNKNOWN-ANALYST',missing[Analyst_ID]
DQ01288,APX1097726,Missing_Analyst_ID,Medium,,UNKNOWN-ANALYST,Correct: impute placeholder 'UNKNOWN-ANALYST',missing[Analyst_ID]
DQ01289,APX1098301,Missing_Analyst_ID,Medium,,UNKNOWN-ANALYST,Correct: impute placeholder 'UNKNOWN-ANALYST',missing[Analyst_ID]
DQ01290,APX1098356,Missing_Analyst_ID,Medium,,UNKNOWN-ANALYST,Correct: impute placeholder 'UNKNOWN-ANALYST',missing[Analyst_ID]
DQ01291,APX1098479,Missing_Analyst_ID,Medium,,UNKNOWN-ANALYST,Correct: impute placeholder 'UNKNOWN-ANALYST',missing[Analyst_ID]
DQ01292,APX1098540,Missing_Analyst_ID,Medium,,UNKNOWN-ANALYST,Correct: impute placeholder 'UNKNOWN-ANALYST',missing[Analyst_ID]
DQ01293,APX1098791,Missing_Analyst_ID,Medium,,UNKNOWN-ANALYST,Correct: impute placeholder 'UNKNOWN-ANALYST',missing[Analyst_ID]
DQ01294,APX1098685,Missing_Analyst_ID,Medium,,UNKNOWN-ANALYST,Correct: impute placeholder 'UNKNOWN-ANALYST',missing[Analyst_ID]
DQ01295,APX1098828,Missing_Analyst_ID,Medium,,UNKNOWN-ANALYST,Correct: impute placeholder 'UNKNOWN-ANALYST',missing[Analyst_ID]
DQ01296,APX1099472,Missing_Analyst_ID,Medium,,UNKNOWN-ANALYST,Correct: impute placeholder 'UNKNOWN-ANALYST',missing[Analyst_ID]
DQ01297,APX1099750,Missing_Analyst_ID,Medium,,UNKNOWN-ANALYST,Correct: impute placeholder 'UNKNOWN-ANALYST',missing[Analyst_ID]
DQ01298,APX1099826,Missing_Analyst_ID,Medium,,UNKNOWN-ANALYST,Correct: impute placeholder 'UNKNOWN-ANALYST',missing[Analyst_ID]
DQ01299,APX1099856,Missing_Analyst_ID,Medium,,UNKNOWN-ANALYST,Correct: impute placeholder 'UNKNOWN-ANALYST',missing[Analyst_ID]
DQ01300,APX1099985,Missing_Analyst_ID,Medium,,UNKNOWN-ANALYST,Correct: impute placeholder 'UNKNOWN-ANALYST',missing[Analyst_ID]
DQ01301,APX1000036,Invalid_Region,Medium,Norhtern,Northern,Correct: fuzzy-matched to canonical region,domain[Region]
DQ01302,APX1000823,Invalid_Region,Medium,Wsetern,Western,Correct: fuzzy-matched to canonical region,domain[Region]
DQ01303,APX1000997,Invalid_Region,Medium,Souhtern,Southern,Correct: fuzzy-matched to canonical region,domain[Region]
DQ01304,APX1001225,Invalid_Region,Medium,Wsetern,Western,Correct: fuzzy-matched to canonical region,domain[Region]
DQ01305,APX1001800,Invalid_Region,Medium,Estern,Western,Correct: fuzzy-matched to canonical region,domain[Region]
DQ01306,APX1002665,Invalid_Region,Medium,Wsetern,Western,Correct: fuzzy-matched to canonical region,domain[Region]
DQ01307,APX1002713,Invalid_Region,Medium,Centrl,Central,Correct: fuzzy-matched to canonical region,domain[Region]
DQ01308,APX1002783,Invalid_Region,Medium,Norhtern,Northern,Correct: fuzzy-matched to canonical region,domain[Region]
DQ01309,APX1003108,Invalid_Region,Medium,Centrl,Central,Correct: fuzzy-matched to canonical region,domain[Region]
DQ01310,APX1004168,Invalid_Region,Medium,Norhtern,Northern,Correct: fuzzy-matched to canonical region,domain[Region]
DQ01311,APX1004381,Invalid_Region,Medium,Estern,Western,Correct: fuzzy-matched to canonical region,domain[Region]
DQ01312,APX1005047,Invalid_Region,Medium,Centrl,Central,Correct: fuzzy-matched to canonical region,domain[Region]
DQ01313,APX1005219,Invalid_Region,Medium,Souhtern,Southern,Correct: fuzzy-matched to canonical region,domain[Region]
DQ01314,APX1005506,Invalid_Region,Medium,Wsetern,Western,Correct: fuzzy-matched to canonical region,domain[Region]
DQ01315,APX1005974,Invalid_Region,Medium,Norhtern,Northern,Correct: fuzzy-matched to canonical region,domain[Region]
DQ01316,APX1006277,Invalid_Region,Medium,Wsetern,Western,Correct: fuzzy-matched to canonical region,domain[Region]
DQ01317,APX1006444,Invalid_Region,Medium,Norhtern,Northern,Correct: fuzzy-matched to canonical region,domain[Region]
DQ01318,APX1006680,Invalid_Region,Medium,Wsetern,Western,Correct: fuzzy-matched to canonical region,domain[Region]
DQ01319,APX1006800,Invalid_Region,Medium,Estern,Western,Correct: fuzzy-matched to canonical region,domain[Region]
DQ01320,APX1006917,Invalid_Region,Medium,Souhtern,Southern,Correct: fuzzy-matched to canonical region,domain[Region]
DQ01321,APX1007111,Invalid_Region,Medium,Centrl,Central,Correct: fuzzy-matched to canonical region,domain[Region]
DQ01322,APX1007077,Invalid_Region,Medium,Estern,Western,Correct: fuzzy-matched to canonical region,domain[Region]
DQ01323,APX1007160,Invalid_Region,Medium,Norhtern,Northern,Correct: fuzzy-matched to canonical region,domain[Region]
DQ01324,APX1007339,Invalid_Region,Medium,Centrl,Central,Correct: fuzzy-matched to canonical region,domain[Region]
DQ01325,APX1008017,Invalid_Region,Medium,Centrl,Central,Correct: fuzzy-matched to canonical region,domain[Region]
DQ01326,APX1008306,Invalid_Region,Medium,Norhtern,Northern,Correct: fuzzy-matched to canonical region,domain[Region]
DQ01327,APX1008569,Invalid_Region,Medium,Wsetern,Western,Correct: fuzzy-matched to canonical region,domain[Region]
DQ01328,APX1008888,Invalid_Region,Medium,Centrl,Central,Correct: fuzzy-matched to canonical region,domain[Region]
DQ01329,APX1009193,Invalid_Region,Medium,Norhtern,Northern,Correct: fuzzy-matched to canonical region,domain[Region]
DQ01330,APX1009521,Invalid_Region,Medium,Norhtern,Northern,Correct: fuzzy-matched to canonical region,domain[Region]
DQ01331,APX1010051,Invalid_Region,Medium,Estern,Western,Correct: fuzzy-matched to canonical region,domain[Region]
DQ01332,APX1010290,Invalid_Region,Medium,Wsetern,Western,Correct: fuzzy-matched to canonical region,domain[Region]
DQ01333,APX1011079,Invalid_Region,Medium,Wsetern,Western,Correct: fuzzy-matched to canonical region,domain[Region]
DQ01334,APX1011306,Invalid_Region,Medium,Centrl,Central,Correct: fuzzy-matched to canonical region,domain[Region]
DQ01335,APX1011616,Invalid_Region,Medium,Norhtern,Northern,Correct: fuzzy-matched to canonical region,domain[Region]
DQ01336,APX1011997,Invalid_Region,Medium,Centrl,Central,Correct: fuzzy-matched to canonical region,domain[Region]
DQ01337,APX1012158,Invalid_Region,Medium,Wsetern,Western,Correct: fuzzy-matched to canonical region,domain[Region]
DQ01338,APX1012339,Invalid_Region,Medium,Centrl,Central,Correct: fuzzy-matched to canonical region,domain[Region]
DQ01339,APX1012425,Invalid_Region,Medium,Norhtern,Northern,Correct: fuzzy-matched to canonical region,domain[Region]
DQ01340,APX1013092,Invalid_Region,Medium,Estern,Western,Correct: fuzzy-matched to canonical region,domain[Region]
DQ01341,APX1013476,Invalid_Region,Medium,Souhtern,Southern,Correct: fuzzy-matched to canonical region,domain[Region]
DQ01342,APX1014108,Invalid_Region,Medium,Souhtern,Southern,Correct: fuzzy-matched to canonical region,domain[Region]
DQ01343,APX1014187,Invalid_Region,Medium,Norhtern,Northern,Correct: fuzzy-matched to canonical region,domain[Region]
DQ01344,APX1014285,Invalid_Region,Medium,Centrl,Central,Correct: fuzzy-matched to canonical region,domain[Region]
DQ01345,APX1014855,Invalid_Region,Medium,Souhtern,Southern,Correct: fuzzy-matched to canonical region,domain[Region]
DQ01346,APX1015084,Invalid_Region,Medium,Wsetern,Western,Correct: fuzzy-matched to canonical region,domain[Region]
DQ01347,APX1015051,Invalid_Region,Medium,Norhtern,Northern,Correct: fuzzy-matched to canonical region,domain[Region]
DQ01348,APX1015195,Invalid_Region,Medium,Souhtern,Southern,Correct: fuzzy-matched to canonical region,domain[Region]
DQ01349,APX1015515,Invalid_Region,Medium,Norhtern,Northern,Correct: fuzzy-matched to canonical region,domain[Region]
DQ01350,APX1015689,Invalid_Region,Medium,Estern,Western,Correct: fuzzy-matched to canonical region,domain[Region]
DQ01351,APX1016141,Invalid_Region,Medium,Souhtern,Southern,Correct: fuzzy-matched to canonical region,domain[Region]
DQ01352,APX1016227,Invalid_Region,Medium,Norhtern,Northern,Correct: fuzzy-matched to canonical region,domain[Region]
DQ01353,APX1016533,Invalid_Region,Medium,Norhtern,Northern,Correct: fuzzy-matched to canonical region,domain[Region]
DQ01354,APX1016709,Invalid_Region,Medium,Norhtern,Northern,Correct: fuzzy-matched to canonical region,domain[Region]
DQ01355,APX1016915,Invalid_Region,Medium,Wsetern,Western,Correct: fuzzy-matched to canonical region,domain[Region]
DQ01356,APX1017190,Invalid_Region,Medium,Norhtern,Northern,Correct: fuzzy-matched to canonical region,domain[Region]
DQ01357,APX1017542,Invalid_Region,Medium,Estern,Western,Correct: fuzzy-matched to canonical region,domain[Region]
DQ01358,APX1018413,Invalid_Region,Medium,Wsetern,Western,Correct: fuzzy-matched to canonical region,domain[Region]
DQ01359,APX1018549,Invalid_Region,Medium,Souhtern,Southern,Correct: fuzzy-matched to canonical region,domain[Region]
DQ01360,APX1018788,Invalid_Region,Medium,Centrl,Central,Correct: fuzzy-matched to canonical region,domain[Region]
DQ01361,APX1018805,Invalid_Region,Medium,Wsetern,Western,Correct: fuzzy-matched to canonical region,domain[Region]
DQ01362,APX1020730,Invalid_Region,Medium,Souhtern,Southern,Correct: fuzzy-matched to canonical region,domain[Region]
DQ01363,APX1020749,Invalid_Region,Medium,Centrl,Central,Correct: fuzzy-matched to canonical region,domain[Region]
DQ01364,APX1021159,Invalid_Region,Medium,Norhtern,Northern,Correct: fuzzy-matched to canonical region,domain[Region]
DQ01365,APX1021554,Invalid_Region,Medium,Wsetern,Western,Correct: fuzzy-matched to canonical region,domain[Region]
DQ01366,APX1021709,Invalid_Region,Medium,Centrl,Central,Correct: fuzzy-matched to canonical region,domain[Region]
DQ01367,APX1021994,Invalid_Region,Medium,Norhtern,Northern,Correct: fuzzy-matched to canonical region,domain[Region]
DQ01368,APX1022403,Invalid_Region,Medium,Wsetern,Western,Correct: fuzzy-matched to canonical region,domain[Region]
DQ01369,APX1022611,Invalid_Region,Medium,Souhtern,Southern,Correct: fuzzy-matched to canonical region,domain[Region]
DQ01370,APX1023444,Invalid_Region,Medium,Norhtern,Northern,Correct: fuzzy-matched to canonical region,domain[Region]
DQ01371,APX1023612,Invalid_Region,Medium,Wsetern,Western,Correct: fuzzy-matched to canonical region,domain[Region]
DQ01372,APX1023678,Invalid_Region,Medium,Wsetern,Western,Correct: fuzzy-matched to canonical region,domain[Region]
DQ01373,APX1023694,Invalid_Region,Medium,Estern,Western,Correct: fuzzy-matched to canonical region,domain[Region]
DQ01374,APX1024343,Invalid_Region,Medium,Estern,Western,Correct: fuzzy-matched to canonical region,domain[Region]
DQ01375,APX1024291,Invalid_Region,Medium,Centrl,Central,Correct: fuzzy-matched to canonical region,domain[Region]
DQ01376,APX1024476,Invalid_Region,Medium,Estern,Western,Correct: fuzzy-matched to canonical region,domain[Region]
DQ01377,APX1026096,Invalid_Region,Medium,Norhtern,Northern,Correct: fuzzy-matched to canonical region,domain[Region]
DQ01378,APX1026289,Invalid_Region,Medium,Wsetern,Western,Correct: fuzzy-matched to canonical region,domain[Region]
DQ01379,APX1026577,Invalid_Region,Medium,Norhtern,Northern,Correct: fuzzy-matched to canonical region,domain[Region]
DQ01380,APX1026683,Invalid_Region,Medium,Wsetern,Western,Correct: fuzzy-matched to canonical region,domain[Region]
DQ01381,APX1026820,Invalid_Region,Medium,Wsetern,Western,Correct: fuzzy-matched to canonical region,domain[Region]
DQ01382,APX1027068,Invalid_Region,Medium,Souhtern,Southern,Correct: fuzzy-matched to canonical region,domain[Region]
DQ01383,APX1027249,Invalid_Region,Medium,Estern,Western,Correct: fuzzy-matched to canonical region,domain[Region]
DQ01384,APX1027465,Invalid_Region,Medium,Norhtern,Northern,Correct: fuzzy-matched to canonical region,domain[Region]
DQ01385,APX1027725,Invalid_Region,Medium,Estern,Western,Correct: fuzzy-matched to canonical region,domain[Region]
DQ01386,APX1027768,Invalid_Region,Medium,Norhtern,Northern,Correct: fuzzy-matched to canonical region,domain[Region]
DQ01387,APX1028127,Invalid_Region,Medium,Norhtern,Northern,Correct: fuzzy-matched to canonical region,domain[Region]
DQ01388,APX1028456,Invalid_Region,Medium,Norhtern,Northern,Correct: fuzzy-matched to canonical region,domain[Region]
DQ01389,APX1029181,Invalid_Region,Medium,Norhtern,Northern,Correct: fuzzy-matched to canonical region,domain[Region]
DQ01390,APX1029310,Invalid_Region,Medium,Wsetern,Western,Correct: fuzzy-matched to canonical region,domain[Region]
DQ01391,APX1029660,Invalid_Region,Medium,Wsetern,Western,Correct: fuzzy-matched to canonical region,domain[Region]
DQ01392,APX1029646,Invalid_Region,Medium,Estern,Western,Correct: fuzzy-matched to canonical region,domain[Region]
DQ01393,APX1030713,Invalid_Region,Medium,Estern,Western,Correct: fuzzy-matched to canonical region,domain[Region]
DQ01394,APX1030659,Invalid_Region,Medium,Centrl,Central,Correct: fuzzy-matched to canonical region,domain[Region]
DQ01395,APX1030733,Invalid_Region,Medium,Wsetern,Western,Correct: fuzzy-matched to canonical region,domain[Region]
DQ01396,APX1030760,Invalid_Region,Medium,Souhtern,Southern,Correct: fuzzy-matched to canonical region,domain[Region]
DQ01397,APX1030783,Invalid_Region,Medium,Estern,Western,Correct: fuzzy-matched to canonical region,domain[Region]
DQ01398,APX1031594,Invalid_Region,Medium,Souhtern,Southern,Correct: fuzzy-matched to canonical region,domain[Region]
DQ01399,APX1031926,Invalid_Region,Medium,Centrl,Central,Correct: fuzzy-matched to canonical region,domain[Region]
DQ01400,APX1032255,Invalid_Region,Medium,Estern,Western,Correct: fuzzy-matched to canonical region,domain[Region]
DQ01401,APX1032460,Invalid_Region,Medium,Wsetern,Western,Correct: fuzzy-matched to canonical region,domain[Region]
DQ01402,APX1033020,Invalid_Region,Medium,Souhtern,Southern,Correct: fuzzy-matched to canonical region,domain[Region]
DQ01403,APX1033354,Invalid_Region,Medium,Norhtern,Northern,Correct: fuzzy-matched to canonical region,domain[Region]
DQ01404,APX1033575,Invalid_Region,Medium,Norhtern,Northern,Correct: fuzzy-matched to canonical region,domain[Region]
DQ01405,APX1033596,Invalid_Region,Medium,Centrl,Central,Correct: fuzzy-matched to canonical region,domain[Region]
DQ01406,APX1034177,Invalid_Region,Medium,Centrl,Central,Correct: fuzzy-matched to canonical region,domain[Region]
DQ01407,APX1034459,Invalid_Region,Medium,Centrl,Central,Correct: fuzzy-matched to canonical region,domain[Region]
DQ01408,APX1034914,Invalid_Region,Medium,Norhtern,Northern,Correct: fuzzy-matched to canonical region,domain[Region]
DQ01409,APX1034832,Invalid_Region,Medium,Norhtern,Northern,Correct: fuzzy-matched to canonical region,domain[Region]
DQ01410,APX1035049,Invalid_Region,Medium,Wsetern,Western,Correct: fuzzy-matched to canonical region,domain[Region]
DQ01411,APX1035234,Invalid_Region,Medium,Norhtern,Northern,Correct: fuzzy-matched to canonical region,domain[Region]
DQ01412,APX1035916,Invalid_Region,Medium,Centrl,Central,Correct: fuzzy-matched to canonical region,domain[Region]
DQ01413,APX1036059,Invalid_Region,Medium,Norhtern,Northern,Correct: fuzzy-matched to canonical region,domain[Region]
DQ01414,APX1036234,Invalid_Region,Medium,Wsetern,Western,Correct: fuzzy-matched to canonical region,domain[Region]
DQ01415,APX1037763,Invalid_Region,Medium,Wsetern,Western,Correct: fuzzy-matched to canonical region,domain[Region]
DQ01416,APX1038764,Invalid_Region,Medium,Souhtern,Southern,Correct: fuzzy-matched to canonical region,domain[Region]
DQ01417,APX1039011,Invalid_Region,Medium,Centrl,Central,Correct: fuzzy-matched to canonical region,domain[Region]
DQ01418,APX1039211,Invalid_Region,Medium,Centrl,Central,Correct: fuzzy-matched to canonical region,domain[Region]
DQ01419,APX1039985,Invalid_Region,Medium,Estern,Western,Correct: fuzzy-matched to canonical region,domain[Region]
DQ01420,APX1040793,Invalid_Region,Medium,Norhtern,Northern,Correct: fuzzy-matched to canonical region,domain[Region]
DQ01421,APX1041202,Invalid_Region,Medium,Norhtern,Northern,Correct: fuzzy-matched to canonical region,domain[Region]
DQ01422,APX1041445,Invalid_Region,Medium,Wsetern,Western,Correct: fuzzy-matched to canonical region,domain[Region]
DQ01423,APX1041846,Invalid_Region,Medium,Wsetern,Western,Correct: fuzzy-matched to canonical region,domain[Region]
DQ01424,APX1042057,Invalid_Region,Medium,Wsetern,Western,Correct: fuzzy-matched to canonical region,domain[Region]
DQ01425,APX1043358,Invalid_Region,Medium,Souhtern,Southern,Correct: fuzzy-matched to canonical region,domain[Region]
DQ01426,APX1043619,Invalid_Region,Medium,Centrl,Central,Correct: fuzzy-matched to canonical region,domain[Region]
DQ01427,APX1043706,Invalid_Region,Medium,Wsetern,Western,Correct: fuzzy-matched to canonical region,domain[Region]
DQ01428,APX1044251,Invalid_Region,Medium,Souhtern,Southern,Correct: fuzzy-matched to canonical region,domain[Region]
DQ01429,APX1044317,Invalid_Region,Medium,Estern,Western,Correct: fuzzy-matched to canonical region,domain[Region]
DQ01430,APX1044348,Invalid_Region,Medium,Souhtern,Southern,Correct: fuzzy-matched to canonical region,domain[Region]
DQ01431,APX1044701,Invalid_Region,Medium,Estern,Western,Correct: fuzzy-matched to canonical region,domain[Region]
DQ01432,APX1045530,Invalid_Region,Medium,Centrl,Central,Correct: fuzzy-matched to canonical region,domain[Region]
DQ01433,APX1045501,Invalid_Region,Medium,Norhtern,Northern,Correct: fuzzy-matched to canonical region,domain[Region]
DQ01434,APX1045458,Invalid_Region,Medium,Centrl,Central,Correct: fuzzy-matched to canonical region,domain[Region]
DQ01435,APX1046055,Invalid_Region,Medium,Estern,Western,Correct: fuzzy-matched to canonical region,domain[Region]
DQ01436,APX1046732,Invalid_Region,Medium,Souhtern,Southern,Correct: fuzzy-matched to canonical region,domain[Region]
DQ01437,APX1046878,Invalid_Region,Medium,Norhtern,Northern,Correct: fuzzy-matched to canonical region,domain[Region]
DQ01438,APX1047647,Invalid_Region,Medium,Norhtern,Northern,Correct: fuzzy-matched to canonical region,domain[Region]
DQ01439,APX1048049,Invalid_Region,Medium,Estern,Western,Correct: fuzzy-matched to canonical region,domain[Region]
DQ01440,APX1048206,Invalid_Region,Medium,Norhtern,Northern,Correct: fuzzy-matched to canonical region,domain[Region]
DQ01441,APX1048462,Invalid_Region,Medium,Wsetern,Western,Correct: fuzzy-matched to canonical region,domain[Region]
DQ01442,APX1048704,Invalid_Region,Medium,Wsetern,Western,Correct: fuzzy-matched to canonical region,domain[Region]
DQ01443,APX1049459,Invalid_Region,Medium,Souhtern,Southern,Correct: fuzzy-matched to canonical region,domain[Region]
DQ01444,APX1049581,Invalid_Region,Medium,Estern,Western,Correct: fuzzy-matched to canonical region,domain[Region]
DQ01445,APX1050031,Invalid_Region,Medium,Norhtern,Northern,Correct: fuzzy-matched to canonical region,domain[Region]
DQ01446,APX1050319,Invalid_Region,Medium,Norhtern,Northern,Correct: fuzzy-matched to canonical region,domain[Region]
DQ01447,APX1050867,Invalid_Region,Medium,Estern,Western,Correct: fuzzy-matched to canonical region,domain[Region]
DQ01448,APX1052071,Invalid_Region,Medium,Wsetern,Western,Correct: fuzzy-matched to canonical region,domain[Region]
DQ01449,APX1052432,Invalid_Region,Medium,Wsetern,Western,Correct: fuzzy-matched to canonical region,domain[Region]
DQ01450,APX1053005,Invalid_Region,Medium,Wsetern,Western,Correct: fuzzy-matched to canonical region,domain[Region]
DQ01451,APX1053089,Invalid_Region,Medium,Wsetern,Western,Correct: fuzzy-matched to canonical region,domain[Region]
DQ01452,APX1053121,Invalid_Region,Medium,Wsetern,Western,Correct: fuzzy-matched to canonical region,domain[Region]
DQ01453,APX1053176,Invalid_Region,Medium,Souhtern,Southern,Correct: fuzzy-matched to canonical region,domain[Region]
DQ01454,APX1053562,Invalid_Region,Medium,Estern,Western,Correct: fuzzy-matched to canonical region,domain[Region]
DQ01455,APX1053782,Invalid_Region,Medium,Centrl,Central,Correct: fuzzy-matched to canonical region,domain[Region]
DQ01456,APX1054024,Invalid_Region,Medium,Norhtern,Northern,Correct: fuzzy-matched to canonical region,domain[Region]
DQ01457,APX1053935,Invalid_Region,Medium,Estern,Western,Correct: fuzzy-matched to canonical region,domain[Region]
DQ01458,APX1054130,Invalid_Region,Medium,Norhtern,Northern,Correct: fuzzy-matched to canonical region,domain[Region]
DQ01459,APX1054279,Invalid_Region,Medium,Norhtern,Northern,Correct: fuzzy-matched to canonical region,domain[Region]
DQ01460,APX1055505,Invalid_Region,Medium,Estern,Western,Correct: fuzzy-matched to canonical region,domain[Region]
DQ01461,APX1055897,Invalid_Region,Medium,Wsetern,Western,Correct: fuzzy-matched to canonical region,domain[Region]
DQ01462,APX1056230,Invalid_Region,Medium,Centrl,Central,Correct: fuzzy-matched to canonical region,domain[Region]
DQ01463,APX1056556,Invalid_Region,Medium,Wsetern,Western,Correct: fuzzy-matched to canonical region,domain[Region]
DQ01464,APX1056741,Invalid_Region,Medium,Wsetern,Western,Correct: fuzzy-matched to canonical region,domain[Region]
DQ01465,APX1057165,Invalid_Region,Medium,Wsetern,Western,Correct: fuzzy-matched to canonical region,domain[Region]
DQ01466,APX1057587,Invalid_Region,Medium,Wsetern,Western,Correct: fuzzy-matched to canonical region,domain[Region]
DQ01467,APX1058430,Invalid_Region,Medium,Wsetern,Western,Correct: fuzzy-matched to canonical region,domain[Region]
DQ01468,APX1058905,Invalid_Region,Medium,Norhtern,Northern,Correct: fuzzy-matched to canonical region,domain[Region]
DQ01469,APX1059172,Invalid_Region,Medium,Norhtern,Northern,Correct: fuzzy-matched to canonical region,domain[Region]
DQ01470,APX1059292,Invalid_Region,Medium,Souhtern,Southern,Correct: fuzzy-matched to canonical region,domain[Region]
DQ01471,APX1059514,Invalid_Region,Medium,Wsetern,Western,Correct: fuzzy-matched to canonical region,domain[Region]
DQ01472,APX1059557,Invalid_Region,Medium,Wsetern,Western,Correct: fuzzy-matched to canonical region,domain[Region]
DQ01473,APX1059636,Invalid_Region,Medium,Centrl,Central,Correct: fuzzy-matched to canonical region,domain[Region]
DQ01474,APX1059865,Invalid_Region,Medium,Souhtern,Southern,Correct: fuzzy-matched to canonical region,domain[Region]
DQ01475,APX1060243,Invalid_Region,Medium,Centrl,Central,Correct: fuzzy-matched to canonical region,domain[Region]
DQ01476,APX1060376,Invalid_Region,Medium,Centrl,Central,Correct: fuzzy-matched to canonical region,domain[Region]
DQ01477,APX1060406,Invalid_Region,Medium,Norhtern,Northern,Correct: fuzzy-matched to canonical region,domain[Region]
DQ01478,APX1060559,Invalid_Region,Medium,Centrl,Central,Correct: fuzzy-matched to canonical region,domain[Region]
DQ01479,APX1061371,Invalid_Region,Medium,Centrl,Central,Correct: fuzzy-matched to canonical region,domain[Region]
DQ01480,APX1061581,Invalid_Region,Medium,Wsetern,Western,Correct: fuzzy-matched to canonical region,domain[Region]
DQ01481,APX1061543,Invalid_Region,Medium,Wsetern,Western,Correct: fuzzy-matched to canonical region,domain[Region]
DQ01482,APX1061515,Invalid_Region,Medium,Souhtern,Southern,Correct: fuzzy-matched to canonical region,domain[Region]
DQ01483,APX1062074,Invalid_Region,Medium,Norhtern,Northern,Correct: fuzzy-matched to canonical region,domain[Region]
DQ01484,APX1062118,Invalid_Region,Medium,Estern,Western,Correct: fuzzy-matched to canonical region,domain[Region]
DQ01485,APX1062718,Invalid_Region,Medium,Souhtern,Southern,Correct: fuzzy-matched to canonical region,domain[Region]
DQ01486,APX1062714,Invalid_Region,Medium,Estern,Western,Correct: fuzzy-matched to canonical region,domain[Region]
DQ01487,APX1062880,Invalid_Region,Medium,Wsetern,Western,Correct: fuzzy-matched to canonical region,domain[Region]
DQ01488,APX1063045,Invalid_Region,Medium,Wsetern,Western,Correct: fuzzy-matched to canonical region,domain[Region]
DQ01489,APX1063130,Invalid_Region,Medium,Wsetern,Western,Correct: fuzzy-matched to canonical region,domain[Region]
DQ01490,APX1063068,Invalid_Region,Medium,Norhtern,Northern,Correct: fuzzy-matched to canonical region,domain[Region]
DQ01491,APX1063408,Invalid_Region,Medium,Norhtern,Northern,Correct: fuzzy-matched to canonical region,domain[Region]
DQ01492,APX1064237,Invalid_Region,Medium,Norhtern,Northern,Correct: fuzzy-matched to canonical region,domain[Region]
DQ01493,APX1065065,Invalid_Region,Medium,Estern,Western,Correct: fuzzy-matched to canonical region,domain[Region]
DQ01494,APX1066042,Invalid_Region,Medium,Estern,Western,Correct: fuzzy-matched to canonical region,domain[Region]
DQ01495,APX1066188,Invalid_Region,Medium,Norhtern,Northern,Correct: fuzzy-matched to canonical region,domain[Region]
DQ01496,APX1066102,Invalid_Region,Medium,Norhtern,Northern,Correct: fuzzy-matched to canonical region,domain[Region]
DQ01497,APX1066263,Invalid_Region,Medium,Souhtern,Southern,Correct: fuzzy-matched to canonical region,domain[Region]
DQ01498,APX1066233,Invalid_Region,Medium,Norhtern,Northern,Correct: fuzzy-matched to canonical region,domain[Region]
DQ01499,APX1066740,Invalid_Region,Medium,Norhtern,Northern,Correct: fuzzy-matched to canonical region,domain[Region]
DQ01500,APX1067183,Invalid_Region,Medium,Wsetern,Western,Correct: fuzzy-matched to canonical region,domain[Region]
DQ01501,APX1067623,Invalid_Region,Medium,Estern,Western,Correct: fuzzy-matched to canonical region,domain[Region]
DQ01502,APX1067705,Invalid_Region,Medium,Souhtern,Southern,Correct: fuzzy-matched to canonical region,domain[Region]
DQ01503,APX1067730,Invalid_Region,Medium,Souhtern,Southern,Correct: fuzzy-matched to canonical region,domain[Region]
DQ01504,APX1067877,Invalid_Region,Medium,Wsetern,Western,Correct: fuzzy-matched to canonical region,domain[Region]
DQ01505,APX1068369,Invalid_Region,Medium,Souhtern,Southern,Correct: fuzzy-matched to canonical region,domain[Region]
DQ01506,APX1068823,Invalid_Region,Medium,Estern,Western,Correct: fuzzy-matched to canonical region,domain[Region]
DQ01507,APX1069107,Invalid_Region,Medium,Estern,Western,Correct: fuzzy-matched to canonical region,domain[Region]
DQ01508,APX1072702,Invalid_Region,Medium,Centrl,Central,Correct: fuzzy-matched to canonical region,domain[Region]
DQ01509,APX1072707,Invalid_Region,Medium,Souhtern,Southern,Correct: fuzzy-matched to canonical region,domain[Region]
DQ01510,APX1072915,Invalid_Region,Medium,Norhtern,Northern,Correct: fuzzy-matched to canonical region,domain[Region]
DQ01511,APX1072891,Invalid_Region,Medium,Souhtern,Southern,Correct: fuzzy-matched to canonical region,domain[Region]
DQ01512,APX1072992,Invalid_Region,Medium,Wsetern,Western,Correct: fuzzy-matched to canonical region,domain[Region]
DQ01513,APX1073171,Invalid_Region,Medium,Wsetern,Western,Correct: fuzzy-matched to canonical region,domain[Region]
DQ01514,APX1073273,Invalid_Region,Medium,Centrl,Central,Correct: fuzzy-matched to canonical region,domain[Region]
DQ01515,APX1074018,Invalid_Region,Medium,Souhtern,Southern,Correct: fuzzy-matched to canonical region,domain[Region]
DQ01516,APX1074412,Invalid_Region,Medium,Estern,Western,Correct: fuzzy-matched to canonical region,domain[Region]
DQ01517,APX1074450,Invalid_Region,Medium,Estern,Western,Correct: fuzzy-matched to canonical region,domain[Region]
DQ01518,APX1074516,Invalid_Region,Medium,Souhtern,Southern,Correct: fuzzy-matched to canonical region,domain[Region]
DQ01519,APX1074668,Invalid_Region,Medium,Wsetern,Western,Correct: fuzzy-matched to canonical region,domain[Region]
DQ01520,APX1075182,Invalid_Region,Medium,Souhtern,Southern,Correct: fuzzy-matched to canonical region,domain[Region]
DQ01521,APX1075181,Invalid_Region,Medium,Norhtern,Northern,Correct: fuzzy-matched to canonical region,domain[Region]
DQ01522,APX1075179,Invalid_Region,Medium,Estern,Western,Correct: fuzzy-matched to canonical region,domain[Region]
DQ01523,APX1076615,Invalid_Region,Medium,Wsetern,Western,Correct: fuzzy-matched to canonical region,domain[Region]
DQ01524,APX1076899,Invalid_Region,Medium,Souhtern,Southern,Correct: fuzzy-matched to canonical region,domain[Region]
DQ01525,APX1077708,Invalid_Region,Medium,Wsetern,Western,Correct: fuzzy-matched to canonical region,domain[Region]
DQ01526,APX1077834,Invalid_Region,Medium,Norhtern,Northern,Correct: fuzzy-matched to canonical region,domain[Region]
DQ01527,APX1077933,Invalid_Region,Medium,Norhtern,Northern,Correct: fuzzy-matched to canonical region,domain[Region]
DQ01528,APX1077945,Invalid_Region,Medium,Wsetern,Western,Correct: fuzzy-matched to canonical region,domain[Region]
DQ01529,APX1078284,Invalid_Region,Medium,Estern,Western,Correct: fuzzy-matched to canonical region,domain[Region]
DQ01530,APX1078513,Invalid_Region,Medium,Centrl,Central,Correct: fuzzy-matched to canonical region,domain[Region]
DQ01531,APX1078838,Invalid_Region,Medium,Norhtern,Northern,Correct: fuzzy-matched to canonical region,domain[Region]
DQ01532,APX1079266,Invalid_Region,Medium,Souhtern,Southern,Correct: fuzzy-matched to canonical region,domain[Region]
DQ01533,APX1079372,Invalid_Region,Medium,Norhtern,Northern,Correct: fuzzy-matched to canonical region,domain[Region]
DQ01534,APX1079459,Invalid_Region,Medium,Estern,Western,Correct: fuzzy-matched to canonical region,domain[Region]
DQ01535,APX1079502,Invalid_Region,Medium,Estern,Western,Correct: fuzzy-matched to canonical region,domain[Region]
DQ01536,APX1079878,Invalid_Region,Medium,Norhtern,Northern,Correct: fuzzy-matched to canonical region,domain[Region]
DQ01537,APX1080024,Invalid_Region,Medium,Norhtern,Northern,Correct: fuzzy-matched to canonical region,domain[Region]
DQ01538,APX1080324,Invalid_Region,Medium,Norhtern,Northern,Correct: fuzzy-matched to canonical region,domain[Region]
DQ01539,APX1081217,Invalid_Region,Medium,Centrl,Central,Correct: fuzzy-matched to canonical region,domain[Region]
DQ01540,APX1081194,Invalid_Region,Medium,Centrl,Central,Correct: fuzzy-matched to canonical region,domain[Region]
DQ01541,APX1081425,Invalid_Region,Medium,Norhtern,Northern,Correct: fuzzy-matched to canonical region,domain[Region]
DQ01542,APX1081428,Invalid_Region,Medium,Souhtern,Southern,Correct: fuzzy-matched to canonical region,domain[Region]
DQ01543,APX1081907,Invalid_Region,Medium,Centrl,Central,Correct: fuzzy-matched to canonical region,domain[Region]
DQ01544,APX1081996,Invalid_Region,Medium,Norhtern,Northern,Correct: fuzzy-matched to canonical region,domain[Region]
DQ01545,APX1082147,Invalid_Region,Medium,Estern,Western,Correct: fuzzy-matched to canonical region,domain[Region]
DQ01546,APX1082352,Invalid_Region,Medium,Norhtern,Northern,Correct: fuzzy-matched to canonical region,domain[Region]
DQ01547,APX1083190,Invalid_Region,Medium,Wsetern,Western,Correct: fuzzy-matched to canonical region,domain[Region]
DQ01548,APX1083213,Invalid_Region,Medium,Centrl,Central,Correct: fuzzy-matched to canonical region,domain[Region]
DQ01549,APX1083152,Invalid_Region,Medium,Centrl,Central,Correct: fuzzy-matched to canonical region,domain[Region]
DQ01550,APX1083906,Invalid_Region,Medium,Souhtern,Southern,Correct: fuzzy-matched to canonical region,domain[Region]
DQ01551,APX1084321,Invalid_Region,Medium,Wsetern,Western,Correct: fuzzy-matched to canonical region,domain[Region]
DQ01552,APX1084705,Invalid_Region,Medium,Estern,Western,Correct: fuzzy-matched to canonical region,domain[Region]
DQ01553,APX1084824,Invalid_Region,Medium,Souhtern,Southern,Correct: fuzzy-matched to canonical region,domain[Region]
DQ01554,APX1085547,Invalid_Region,Medium,Wsetern,Western,Correct: fuzzy-matched to canonical region,domain[Region]
DQ01555,APX1085631,Invalid_Region,Medium,Centrl,Central,Correct: fuzzy-matched to canonical region,domain[Region]
DQ01556,APX1086025,Invalid_Region,Medium,Wsetern,Western,Correct: fuzzy-matched to canonical region,domain[Region]
DQ01557,APX1086166,Invalid_Region,Medium,Wsetern,Western,Correct: fuzzy-matched to canonical region,domain[Region]
DQ01558,APX1086446,Invalid_Region,Medium,Centrl,Central,Correct: fuzzy-matched to canonical region,domain[Region]
DQ01559,APX1086473,Invalid_Region,Medium,Norhtern,Northern,Correct: fuzzy-matched to canonical region,domain[Region]
DQ01560,APX1086724,Invalid_Region,Medium,Souhtern,Southern,Correct: fuzzy-matched to canonical region,domain[Region]
DQ01561,APX1087399,Invalid_Region,Medium,Estern,Western,Correct: fuzzy-matched to canonical region,domain[Region]
DQ01562,APX1088622,Invalid_Region,Medium,Souhtern,Southern,Correct: fuzzy-matched to canonical region,domain[Region]
DQ01563,APX1088714,Invalid_Region,Medium,Norhtern,Northern,Correct: fuzzy-matched to canonical region,domain[Region]
DQ01564,APX1089647,Invalid_Region,Medium,Estern,Western,Correct: fuzzy-matched to canonical region,domain[Region]
DQ01565,APX1089842,Invalid_Region,Medium,Souhtern,Southern,Correct: fuzzy-matched to canonical region,domain[Region]
DQ01566,APX1089972,Invalid_Region,Medium,Souhtern,Southern,Correct: fuzzy-matched to canonical region,domain[Region]
DQ01567,APX1090152,Invalid_Region,Medium,Wsetern,Western,Correct: fuzzy-matched to canonical region,domain[Region]
DQ01568,APX1090748,Invalid_Region,Medium,Souhtern,Southern,Correct: fuzzy-matched to canonical region,domain[Region]
DQ01569,APX1091958,Invalid_Region,Medium,Wsetern,Western,Correct: fuzzy-matched to canonical region,domain[Region]
DQ01570,APX1092435,Invalid_Region,Medium,Wsetern,Western,Correct: fuzzy-matched to canonical region,domain[Region]
DQ01571,APX1092588,Invalid_Region,Medium,Estern,Western,Correct: fuzzy-matched to canonical region,domain[Region]
DQ01572,APX1092918,Invalid_Region,Medium,Norhtern,Northern,Correct: fuzzy-matched to canonical region,domain[Region]
DQ01573,APX1092955,Invalid_Region,Medium,Centrl,Central,Correct: fuzzy-matched to canonical region,domain[Region]
DQ01574,APX1093229,Invalid_Region,Medium,Estern,Western,Correct: fuzzy-matched to canonical region,domain[Region]
DQ01575,APX1093639,Invalid_Region,Medium,Wsetern,Western,Correct: fuzzy-matched to canonical region,domain[Region]
DQ01576,APX1093692,Invalid_Region,Medium,Norhtern,Northern,Correct: fuzzy-matched to canonical region,domain[Region]
DQ01577,APX1093898,Invalid_Region,Medium,Wsetern,Western,Correct: fuzzy-matched to canonical region,domain[Region]
DQ01578,APX1094038,Invalid_Region,Medium,Souhtern,Southern,Correct: fuzzy-matched to canonical region,domain[Region]
DQ01579,APX1094009,Invalid_Region,Medium,Norhtern,Northern,Correct: fuzzy-matched to canonical region,domain[Region]
DQ01580,APX1094084,Invalid_Region,Medium,Estern,Western,Correct: fuzzy-matched to canonical region,domain[Region]
DQ01581,APX1094143,Invalid_Region,Medium,Centrl,Central,Correct: fuzzy-matched to canonical region,domain[Region]
DQ01582,APX1094192,Invalid_Region,Medium,Centrl,Central,Correct: fuzzy-matched to canonical region,domain[Region]
DQ01583,APX1094254,Invalid_Region,Medium,Wsetern,Western,Correct: fuzzy-matched to canonical region,domain[Region]
DQ01584,APX1094529,Invalid_Region,Medium,Norhtern,Northern,Correct: fuzzy-matched to canonical region,domain[Region]
DQ01585,APX1095124,Invalid_Region,Medium,Norhtern,Northern,Correct: fuzzy-matched to canonical region,domain[Region]
DQ01586,APX1095197,Invalid_Region,Medium,Centrl,Central,Correct: fuzzy-matched to canonical region,domain[Region]
DQ01587,APX1095224,Invalid_Region,Medium,Wsetern,Western,Correct: fuzzy-matched to canonical region,domain[Region]
DQ01588,APX1095294,Invalid_Region,Medium,Estern,Western,Correct: fuzzy-matched to canonical region,domain[Region]
DQ01589,APX1095358,Invalid_Region,Medium,Estern,Western,Correct: fuzzy-matched to canonical region,domain[Region]
DQ01590,APX1096110,Invalid_Region,Medium,Souhtern,Southern,Correct: fuzzy-matched to canonical region,domain[Region]
DQ01591,APX1096630,Invalid_Region,Medium,Souhtern,Southern,Correct: fuzzy-matched to canonical region,domain[Region]
DQ01592,APX1096606,Invalid_Region,Medium,Estern,Western,Correct: fuzzy-matched to canonical region,domain[Region]
DQ01593,APX1096967,Invalid_Region,Medium,Wsetern,Western,Correct: fuzzy-matched to canonical region,domain[Region]
DQ01594,APX1097285,Invalid_Region,Medium,Norhtern,Northern,Correct: fuzzy-matched to canonical region,domain[Region]
DQ01595,APX1097459,Invalid_Region,Medium,Norhtern,Northern,Correct: fuzzy-matched to canonical region,domain[Region]
DQ01596,APX1097895,Invalid_Region,Medium,Norhtern,Northern,Correct: fuzzy-matched to canonical region,domain[Region]
DQ01597,APX1099604,Invalid_Region,Medium,Norhtern,Northern,Correct: fuzzy-matched to canonical region,domain[Region]
DQ01598,APX1099587,Invalid_Region,Medium,Norhtern,Northern,Correct: fuzzy-matched to canonical region,domain[Region]
DQ01599,APX1099824,Invalid_Region,Medium,Souhtern,Southern,Correct: fuzzy-matched to canonical region,domain[Region]
DQ01600,APX1099921,Invalid_Region,Medium,Centrl,Central,Correct: fuzzy-matched to canonical region,domain[Region]
DQ01601,APX1000291,Negative_Processing_Time,Critical,-19.2,,Quarantine (duration integrity violation),range[Document_Validation_Minutes]
DQ01602,APX1000691,Negative_Processing_Time,Critical,-25.5,,Quarantine (duration integrity violation),range[Document_Validation_Minutes]
DQ01603,APX1000965,Negative_Processing_Time,Critical,-38.1,,Quarantine (duration integrity violation),range[Document_Validation_Minutes]
DQ01604,APX1001109,Negative_Processing_Time,Critical,-38.7,,Quarantine (duration integrity violation),range[Document_Validation_Minutes]
DQ01605,APX1001187,Negative_Processing_Time,Critical,-15.5,,Quarantine (duration integrity violation),range[Document_Validation_Minutes]
DQ01606,APX1001807,Negative_Processing_Time,Critical,-40.7,,Quarantine (duration integrity violation),range[Document_Validation_Minutes]
DQ01607,APX1002065,Negative_Processing_Time,Critical,-21.6,,Quarantine (duration integrity violation),range[Document_Validation_Minutes]
DQ01608,APX1003085,Negative_Processing_Time,Critical,-31.0,,Quarantine (duration integrity violation),range[Document_Validation_Minutes]
DQ01609,APX1003624,Negative_Processing_Time,Critical,-33.0,,Quarantine (duration integrity violation),range[Document_Validation_Minutes]
DQ01610,APX1004204,Negative_Processing_Time,Critical,-24.3,,Quarantine (duration integrity violation),range[Document_Validation_Minutes]
DQ01611,APX1004421,Negative_Processing_Time,Critical,-10.6,,Quarantine (duration integrity violation),range[Document_Validation_Minutes]
DQ01612,APX1004344,Negative_Processing_Time,Critical,-33.4,,Quarantine (duration integrity violation),range[Document_Validation_Minutes]
DQ01613,APX1004787,Negative_Processing_Time,Critical,-11.2,,Quarantine (duration integrity violation),range[Document_Validation_Minutes]
DQ01614,APX1005035,Negative_Processing_Time,Critical,-11.2,,Quarantine (duration integrity violation),range[Document_Validation_Minutes]
DQ01615,APX1005468,Negative_Processing_Time,Critical,-20.8,,Quarantine (duration integrity violation),range[Document_Validation_Minutes]
DQ01616,APX1005588,Negative_Processing_Time,Critical,-31.5,,Quarantine (duration integrity violation),range[Document_Validation_Minutes]
DQ01617,APX1005895,Negative_Processing_Time,Critical,-15.7,,Quarantine (duration integrity violation),range[Document_Validation_Minutes]
DQ01618,APX1005878,Negative_Processing_Time,Critical,-10.4,,Quarantine (duration integrity violation),range[Document_Validation_Minutes]
DQ01619,APX1006000,Negative_Processing_Time,Critical,-19.8,,Quarantine (duration integrity violation),range[Document_Validation_Minutes]
DQ01620,APX1006030,Negative_Processing_Time,Critical,-23.3,,Quarantine (duration integrity violation),range[Document_Validation_Minutes]
DQ01621,APX1006331,Negative_Processing_Time,Critical,-8.4,,Quarantine (duration integrity violation),range[Document_Validation_Minutes]
DQ01622,APX1006403,Negative_Processing_Time,Critical,-34.6,,Quarantine (duration integrity violation),range[Document_Validation_Minutes]
DQ01623,APX1006584,Negative_Processing_Time,Critical,-20.1,,Quarantine (duration integrity violation),range[Document_Validation_Minutes]
DQ01624,APX1006546,Negative_Processing_Time,Critical,-46.2,,Quarantine (duration integrity violation),range[Document_Validation_Minutes]
DQ01625,APX1007205,Negative_Processing_Time,Critical,-14.5,,Quarantine (duration integrity violation),range[Document_Validation_Minutes]
DQ01626,APX1007875,Negative_Processing_Time,Critical,-44.9,,Quarantine (duration integrity violation),range[Document_Validation_Minutes]
DQ01627,APX1008363,Negative_Processing_Time,Critical,-40.5,,Quarantine (duration integrity violation),range[Document_Validation_Minutes]
DQ01628,APX1009038,Negative_Processing_Time,Critical,-39.6,,Quarantine (duration integrity violation),range[Document_Validation_Minutes]
DQ01629,APX1009357,Negative_Processing_Time,Critical,-31.8,,Quarantine (duration integrity violation),range[Document_Validation_Minutes]
DQ01630,APX1009493,Negative_Processing_Time,Critical,-50.4,,Quarantine (duration integrity violation),range[Document_Validation_Minutes]
DQ01631,APX1009677,Negative_Processing_Time,Critical,-13.6,,Quarantine (duration integrity violation),range[Document_Validation_Minutes]
DQ01632,APX1010110,Negative_Processing_Time,Critical,-24.3,,Quarantine (duration integrity violation),range[Document_Validation_Minutes]
DQ01633,APX1010309,Negative_Processing_Time,Critical,-15.6,,Quarantine (duration integrity violation),range[Document_Validation_Minutes]
DQ01634,APX1010345,Negative_Processing_Time,Critical,-18.6,,Quarantine (duration integrity violation),range[Document_Validation_Minutes]
DQ01635,APX1010573,Negative_Processing_Time,Critical,-60.0,,Quarantine (duration integrity violation),range[Document_Validation_Minutes]
DQ01636,APX1010913,Negative_Processing_Time,Critical,-13.5,,Quarantine (duration integrity violation),range[Document_Validation_Minutes]
DQ01637,APX1011496,Negative_Processing_Time,Critical,-5.0,,Quarantine (duration integrity violation),range[Document_Validation_Minutes]
DQ01638,APX1011695,Negative_Processing_Time,Critical,-40.1,,Quarantine (duration integrity violation),range[Document_Validation_Minutes]
DQ01639,APX1011984,Negative_Processing_Time,Critical,-14.8,,Quarantine (duration integrity violation),range[Document_Validation_Minutes]
DQ01640,APX1012079,Negative_Processing_Time,Critical,-14.8,,Quarantine (duration integrity violation),range[Document_Validation_Minutes]
DQ01641,APX1012215,Negative_Processing_Time,Critical,-23.8,,Quarantine (duration integrity violation),range[Document_Validation_Minutes]
DQ01642,APX1012532,Negative_Processing_Time,Critical,-27.9,,Quarantine (duration integrity violation),range[Document_Validation_Minutes]
DQ01643,APX1012697,Negative_Processing_Time,Critical,-32.9,,Quarantine (duration integrity violation),range[Document_Validation_Minutes]
DQ01644,APX1013450,Negative_Processing_Time,Critical,-13.5,,Quarantine (duration integrity violation),range[Document_Validation_Minutes]
DQ01645,APX1013873,Negative_Processing_Time,Critical,-70.5,,Quarantine (duration integrity violation),range[Document_Validation_Minutes]
DQ01646,APX1013920,Negative_Processing_Time,Critical,-14.6,,Quarantine (duration integrity violation),range[Document_Validation_Minutes]
DQ01647,APX1015459,Negative_Processing_Time,Critical,-43.1,,Quarantine (duration integrity violation),range[Document_Validation_Minutes]
DQ01648,APX1016050,Negative_Processing_Time,Critical,-105.0,,Quarantine (duration integrity violation),range[Document_Validation_Minutes]
DQ01649,APX1016216,Negative_Processing_Time,Critical,-14.7,,Quarantine (duration integrity violation),range[Document_Validation_Minutes]
DQ01650,APX1016269,Negative_Processing_Time,Critical,-16.5,,Quarantine (duration integrity violation),range[Document_Validation_Minutes]
DQ01651,APX1016785,Negative_Processing_Time,Critical,-61.9,,Quarantine (duration integrity violation),range[Document_Validation_Minutes]
DQ01652,APX1017188,Negative_Processing_Time,Critical,-27.2,,Quarantine (duration integrity violation),range[Document_Validation_Minutes]
DQ01653,APX1017967,Negative_Processing_Time,Critical,-37.3,,Quarantine (duration integrity violation),range[Document_Validation_Minutes]
DQ01654,APX1018002,Negative_Processing_Time,Critical,-22.9,,Quarantine (duration integrity violation),range[Document_Validation_Minutes]
DQ01655,APX1017991,Negative_Processing_Time,Critical,-27.3,,Quarantine (duration integrity violation),range[Document_Validation_Minutes]
DQ01656,APX1018380,Negative_Processing_Time,Critical,-23.4,,Quarantine (duration integrity violation),range[Document_Validation_Minutes]
DQ01657,APX1018291,Negative_Processing_Time,Critical,-14.4,,Quarantine (duration integrity violation),range[Document_Validation_Minutes]
DQ01658,APX1018618,Negative_Processing_Time,Critical,-60.6,,Quarantine (duration integrity violation),range[Document_Validation_Minutes]
DQ01659,APX1018755,Negative_Processing_Time,Critical,-21.5,,Quarantine (duration integrity violation),range[Document_Validation_Minutes]
DQ01660,APX1019057,Negative_Processing_Time,Critical,-18.3,,Quarantine (duration integrity violation),range[Document_Validation_Minutes]
DQ01661,APX1019058,Negative_Processing_Time,Critical,-15.8,,Quarantine (duration integrity violation),range[Document_Validation_Minutes]
DQ01662,APX1019573,Negative_Processing_Time,Critical,-30.0,,Quarantine (duration integrity violation),range[Document_Validation_Minutes]
DQ01663,APX1019878,Negative_Processing_Time,Critical,-23.7,,Quarantine (duration integrity violation),range[Document_Validation_Minutes]
DQ01664,APX1020515,Negative_Processing_Time,Critical,-32.9,,Quarantine (duration integrity violation),range[Document_Validation_Minutes]
DQ01665,APX1021089,Negative_Processing_Time,Critical,-15.7,,Quarantine (duration integrity violation),range[Document_Validation_Minutes]
DQ01666,APX1021462,Negative_Processing_Time,Critical,-31.3,,Quarantine (duration integrity violation),range[Document_Validation_Minutes]
DQ01667,APX1022429,Negative_Processing_Time,Critical,-36.0,,Quarantine (duration integrity violation),range[Document_Validation_Minutes]
DQ01668,APX1022361,Negative_Processing_Time,Critical,-14.7,,Quarantine (duration integrity violation),range[Document_Validation_Minutes]
DQ01669,APX1022537,Negative_Processing_Time,Critical,-11.6,,Quarantine (duration integrity violation),range[Document_Validation_Minutes]
DQ01670,APX1022991,Negative_Processing_Time,Critical,-16.9,,Quarantine (duration integrity violation),range[Document_Validation_Minutes]
DQ01671,APX1023486,Negative_Processing_Time,Critical,-47.3,,Quarantine (duration integrity violation),range[Document_Validation_Minutes]
DQ01672,APX1024289,Negative_Processing_Time,Critical,-15.3,,Quarantine (duration integrity violation),range[Document_Validation_Minutes]
DQ01673,APX1025397,Negative_Processing_Time,Critical,-28.7,,Quarantine (duration integrity violation),range[Document_Validation_Minutes]
DQ01674,APX1025380,Negative_Processing_Time,Critical,-19.3,,Quarantine (duration integrity violation),range[Document_Validation_Minutes]
DQ01675,APX1025495,Negative_Processing_Time,Critical,-35.4,,Quarantine (duration integrity violation),range[Document_Validation_Minutes]
DQ01676,APX1026036,Negative_Processing_Time,Critical,-14.9,,Quarantine (duration integrity violation),range[Document_Validation_Minutes]
DQ01677,APX1026311,Negative_Processing_Time,Critical,-32.7,,Quarantine (duration integrity violation),range[Document_Validation_Minutes]
DQ01678,APX1026993,Negative_Processing_Time,Critical,-34.2,,Quarantine (duration integrity violation),range[Document_Validation_Minutes]
DQ01679,APX1027376,Negative_Processing_Time,Critical,-40.8,,Quarantine (duration integrity violation),range[Document_Validation_Minutes]
DQ01680,APX1027563,Negative_Processing_Time,Critical,-73.6,,Quarantine (duration integrity violation),range[Document_Validation_Minutes]
DQ01681,APX1027903,Negative_Processing_Time,Critical,-17.0,,Quarantine (duration integrity violation),range[Document_Validation_Minutes]
DQ01682,APX1028215,Negative_Processing_Time,Critical,-22.7,,Quarantine (duration integrity violation),range[Document_Validation_Minutes]
DQ01683,APX1028711,Negative_Processing_Time,Critical,-78.1,,Quarantine (duration integrity violation),range[Document_Validation_Minutes]
DQ01684,APX1029155,Negative_Processing_Time,Critical,-19.1,,Quarantine (duration integrity violation),range[Document_Validation_Minutes]
DQ01685,APX1029853,Negative_Processing_Time,Critical,-27.6,,Quarantine (duration integrity violation),range[Document_Validation_Minutes]
DQ01686,APX1030407,Negative_Processing_Time,Critical,-41.1,,Quarantine (duration integrity violation),range[Document_Validation_Minutes]
DQ01687,APX1031180,Negative_Processing_Time,Critical,-16.5,,Quarantine (duration integrity violation),range[Document_Validation_Minutes]
DQ01688,APX1031245,Negative_Processing_Time,Critical,-13.1,,Quarantine (duration integrity violation),range[Document_Validation_Minutes]
DQ01689,APX1031549,Negative_Processing_Time,Critical,-16.1,,Quarantine (duration integrity violation),range[Document_Validation_Minutes]
DQ01690,APX1031801,Negative_Processing_Time,Critical,-26.5,,Quarantine (duration integrity violation),range[Document_Validation_Minutes]
DQ01691,APX1031886,Negative_Processing_Time,Critical,-38.0,,Quarantine (duration integrity violation),range[Document_Validation_Minutes]
DQ01692,APX1031935,Negative_Processing_Time,Critical,-30.2,,Quarantine (duration integrity violation),range[Document_Validation_Minutes]
DQ01693,APX1032529,Negative_Processing_Time,Critical,-49.9,,Quarantine (duration integrity violation),range[Document_Validation_Minutes]
DQ01694,APX1032745,Negative_Processing_Time,Critical,-48.8,,Quarantine (duration integrity violation),range[Document_Validation_Minutes]
DQ01695,APX1032863,Negative_Processing_Time,Critical,-51.1,,Quarantine (duration integrity violation),range[Document_Validation_Minutes]
DQ01696,APX1032998,Negative_Processing_Time,Critical,-17.9,,Quarantine (duration integrity violation),range[Document_Validation_Minutes]
DQ01697,APX1033099,Negative_Processing_Time,Critical,-42.5,,Quarantine (duration integrity violation),range[Document_Validation_Minutes]
DQ01698,APX1033219,Negative_Processing_Time,Critical,-35.7,,Quarantine (duration integrity violation),range[Document_Validation_Minutes]
DQ01699,APX1034094,Negative_Processing_Time,Critical,-37.7,,Quarantine (duration integrity violation),range[Document_Validation_Minutes]
DQ01700,APX1034337,Negative_Processing_Time,Critical,-43.4,,Quarantine (duration integrity violation),range[Document_Validation_Minutes]
DQ01701,APX1035013,Negative_Processing_Time,Critical,-15.9,,Quarantine (duration integrity violation),range[Document_Validation_Minutes]
DQ01702,APX1035277,Negative_Processing_Time,Critical,-27.0,,Quarantine (duration integrity violation),range[Document_Validation_Minutes]
DQ01703,APX1035799,Negative_Processing_Time,Critical,-21.8,,Quarantine (duration integrity violation),range[Document_Validation_Minutes]
DQ01704,APX1035808,Negative_Processing_Time,Critical,-32.3,,Quarantine (duration integrity violation),range[Document_Validation_Minutes]
DQ01705,APX1035747,Negative_Processing_Time,Critical,-11.3,,Quarantine (duration integrity violation),range[Document_Validation_Minutes]
DQ01706,APX1036689,Negative_Processing_Time,Critical,-14.0,,Quarantine (duration integrity violation),range[Document_Validation_Minutes]
DQ01707,APX1036746,Negative_Processing_Time,Critical,-15.7,,Quarantine (duration integrity violation),range[Document_Validation_Minutes]
DQ01708,APX1036971,Negative_Processing_Time,Critical,-15.9,,Quarantine (duration integrity violation),range[Document_Validation_Minutes]
DQ01709,APX1037086,Negative_Processing_Time,Critical,-28.4,,Quarantine (duration integrity violation),range[Document_Validation_Minutes]
DQ01710,APX1037259,Negative_Processing_Time,Critical,-30.7,,Quarantine (duration integrity violation),range[Document_Validation_Minutes]
DQ01711,APX1037743,Negative_Processing_Time,Critical,-18.7,,Quarantine (duration integrity violation),range[Document_Validation_Minutes]
DQ01712,APX1038664,Negative_Processing_Time,Critical,-9.4,,Quarantine (duration integrity violation),range[Document_Validation_Minutes]
DQ01713,APX1038702,Negative_Processing_Time,Critical,-16.1,,Quarantine (duration integrity violation),range[Document_Validation_Minutes]
DQ01714,APX1039357,Negative_Processing_Time,Critical,-36.3,,Quarantine (duration integrity violation),range[Document_Validation_Minutes]
DQ01715,APX1039308,Negative_Processing_Time,Critical,-27.2,,Quarantine (duration integrity violation),range[Document_Validation_Minutes]
DQ01716,APX1039286,Negative_Processing_Time,Critical,-73.7,,Quarantine (duration integrity violation),range[Document_Validation_Minutes]
DQ01717,APX1039410,Negative_Processing_Time,Critical,-21.2,,Quarantine (duration integrity violation),range[Document_Validation_Minutes]
DQ01718,APX1039556,Negative_Processing_Time,Critical,-9.8,,Quarantine (duration integrity violation),range[Document_Validation_Minutes]
DQ01719,APX1039749,Negative_Processing_Time,Critical,-31.8,,Quarantine (duration integrity violation),range[Document_Validation_Minutes]
DQ01720,APX1039819,Negative_Processing_Time,Critical,-12.8,,Quarantine (duration integrity violation),range[Document_Validation_Minutes]
DQ01721,APX1040077,Negative_Processing_Time,Critical,-9.1,,Quarantine (duration integrity violation),range[Document_Validation_Minutes]
DQ01722,APX1041066,Negative_Processing_Time,Critical,-21.2,,Quarantine (duration integrity violation),range[Document_Validation_Minutes]
DQ01723,APX1040970,Negative_Processing_Time,Critical,-35.2,,Quarantine (duration integrity violation),range[Document_Validation_Minutes]
DQ01724,APX1041311,Negative_Processing_Time,Critical,-20.9,,Quarantine (duration integrity violation),range[Document_Validation_Minutes]
DQ01725,APX1041983,Negative_Processing_Time,Critical,-26.8,,Quarantine (duration integrity violation),range[Document_Validation_Minutes]
DQ01726,APX1042851,Negative_Processing_Time,Critical,-16.7,,Quarantine (duration integrity violation),range[Document_Validation_Minutes]
DQ01727,APX1043371,Negative_Processing_Time,Critical,-16.1,,Quarantine (duration integrity violation),range[Document_Validation_Minutes]
DQ01728,APX1043602,Negative_Processing_Time,Critical,-39.4,,Quarantine (duration integrity violation),range[Document_Validation_Minutes]
DQ01729,APX1043887,Negative_Processing_Time,Critical,-14.9,,Quarantine (duration integrity violation),range[Document_Validation_Minutes]
DQ01730,APX1043837,Negative_Processing_Time,Critical,-26.6,,Quarantine (duration integrity violation),range[Document_Validation_Minutes]
DQ01731,APX1044241,Negative_Processing_Time,Critical,-23.2,,Quarantine (duration integrity violation),range[Document_Validation_Minutes]
DQ01732,APX1044303,Negative_Processing_Time,Critical,-12.2,,Quarantine (duration integrity violation),range[Document_Validation_Minutes]
DQ01733,APX1044711,Negative_Processing_Time,Critical,-98.2,,Quarantine (duration integrity violation),range[Document_Validation_Minutes]
DQ01734,APX1044818,Negative_Processing_Time,Critical,-16.7,,Quarantine (duration integrity violation),range[Document_Validation_Minutes]
DQ01735,APX1045021,Negative_Processing_Time,Critical,-15.5,,Quarantine (duration integrity violation),range[Document_Validation_Minutes]
DQ01736,APX1045337,Negative_Processing_Time,Critical,-26.2,,Quarantine (duration integrity violation),range[Document_Validation_Minutes]
DQ01737,APX1046185,Negative_Processing_Time,Critical,-19.7,,Quarantine (duration integrity violation),range[Document_Validation_Minutes]
DQ01738,APX1046563,Negative_Processing_Time,Critical,-24.0,,Quarantine (duration integrity violation),range[Document_Validation_Minutes]
DQ01739,APX1046869,Negative_Processing_Time,Critical,-14.2,,Quarantine (duration integrity violation),range[Document_Validation_Minutes]
DQ01740,APX1046902,Negative_Processing_Time,Critical,-22.0,,Quarantine (duration integrity violation),range[Document_Validation_Minutes]
DQ01741,APX1047312,Negative_Processing_Time,Critical,-17.1,,Quarantine (duration integrity violation),range[Document_Validation_Minutes]
DQ01742,APX1047539,Negative_Processing_Time,Critical,-25.4,,Quarantine (duration integrity violation),range[Document_Validation_Minutes]
DQ01743,APX1047922,Negative_Processing_Time,Critical,-15.1,,Quarantine (duration integrity violation),range[Document_Validation_Minutes]
DQ01744,APX1048107,Negative_Processing_Time,Critical,-19.3,,Quarantine (duration integrity violation),range[Document_Validation_Minutes]
DQ01745,APX1048802,Negative_Processing_Time,Critical,-13.0,,Quarantine (duration integrity violation),range[Document_Validation_Minutes]
DQ01746,APX1049028,Negative_Processing_Time,Critical,-10.5,,Quarantine (duration integrity violation),range[Document_Validation_Minutes]
DQ01747,APX1049118,Negative_Processing_Time,Critical,-20.3,,Quarantine (duration integrity violation),range[Document_Validation_Minutes]
DQ01748,APX1049976,Negative_Processing_Time,Critical,-24.4,,Quarantine (duration integrity violation),range[Document_Validation_Minutes]
DQ01749,APX1050213,Negative_Processing_Time,Critical,-10.6,,Quarantine (duration integrity violation),range[Document_Validation_Minutes]
DQ01750,APX1050295,Negative_Processing_Time,Critical,-18.9,,Quarantine (duration integrity violation),range[Document_Validation_Minutes]
DQ01751,APX1050332,Negative_Processing_Time,Critical,-23.4,,Quarantine (duration integrity violation),range[Document_Validation_Minutes]
DQ01752,APX1051858,Negative_Processing_Time,Critical,-26.6,,Quarantine (duration integrity violation),range[Document_Validation_Minutes]
DQ01753,APX1052039,Negative_Processing_Time,Critical,-19.1,,Quarantine (duration integrity violation),range[Document_Validation_Minutes]
DQ01754,APX1052555,Negative_Processing_Time,Critical,-13.5,,Quarantine (duration integrity violation),range[Document_Validation_Minutes]
DQ01755,APX1052877,Negative_Processing_Time,Critical,-35.6,,Quarantine (duration integrity violation),range[Document_Validation_Minutes]
DQ01756,APX1053426,Negative_Processing_Time,Critical,-23.9,,Quarantine (duration integrity violation),range[Document_Validation_Minutes]
DQ01757,APX1053761,Negative_Processing_Time,Critical,-16.6,,Quarantine (duration integrity violation),range[Document_Validation_Minutes]
DQ01758,APX1054122,Negative_Processing_Time,Critical,-13.3,,Quarantine (duration integrity violation),range[Document_Validation_Minutes]
DQ01759,APX1054576,Negative_Processing_Time,Critical,-11.6,,Quarantine (duration integrity violation),range[Document_Validation_Minutes]
DQ01760,APX1054937,Negative_Processing_Time,Critical,-9.9,,Quarantine (duration integrity violation),range[Document_Validation_Minutes]
DQ01761,APX1054976,Negative_Processing_Time,Critical,-10.7,,Quarantine (duration integrity violation),range[Document_Validation_Minutes]
DQ01762,APX1055264,Negative_Processing_Time,Critical,-9.0,,Quarantine (duration integrity violation),range[Document_Validation_Minutes]
DQ01763,APX1055844,Negative_Processing_Time,Critical,-31.2,,Quarantine (duration integrity violation),range[Document_Validation_Minutes]
DQ01764,APX1056052,Negative_Processing_Time,Critical,-30.7,,Quarantine (duration integrity violation),range[Document_Validation_Minutes]
DQ01765,APX1056181,Negative_Processing_Time,Critical,-13.7,,Quarantine (duration integrity violation),range[Document_Validation_Minutes]
DQ01766,APX1056285,Negative_Processing_Time,Critical,-31.6,,Quarantine (duration integrity violation),range[Document_Validation_Minutes]
DQ01767,APX1056523,Negative_Processing_Time,Critical,-24.1,,Quarantine (duration integrity violation),range[Document_Validation_Minutes]
DQ01768,APX1056483,Negative_Processing_Time,Critical,-24.0,,Quarantine (duration integrity violation),range[Document_Validation_Minutes]
DQ01769,APX1057098,Negative_Processing_Time,Critical,-17.6,,Quarantine (duration integrity violation),range[Document_Validation_Minutes]
DQ01770,APX1057730,Negative_Processing_Time,Critical,-22.2,,Quarantine (duration integrity violation),range[Document_Validation_Minutes]
DQ01771,APX1058596,Negative_Processing_Time,Critical,-10.4,,Quarantine (duration integrity violation),range[Document_Validation_Minutes]
DQ01772,APX1058602,Negative_Processing_Time,Critical,-35.1,,Quarantine (duration integrity violation),range[Document_Validation_Minutes]
DQ01773,APX1059293,Negative_Processing_Time,Critical,-14.9,,Quarantine (duration integrity violation),range[Document_Validation_Minutes]
DQ01774,APX1059575,Negative_Processing_Time,Critical,-47.4,,Quarantine (duration integrity violation),range[Document_Validation_Minutes]
DQ01775,APX1060227,Negative_Processing_Time,Critical,-18.8,,Quarantine (duration integrity violation),range[Document_Validation_Minutes]
DQ01776,APX1060279,Negative_Processing_Time,Critical,-18.5,,Quarantine (duration integrity violation),range[Document_Validation_Minutes]
DQ01777,APX1060336,Negative_Processing_Time,Critical,-16.8,,Quarantine (duration integrity violation),range[Document_Validation_Minutes]
DQ01778,APX1060834,Negative_Processing_Time,Critical,-21.2,,Quarantine (duration integrity violation),range[Document_Validation_Minutes]
DQ01779,APX1060941,Negative_Processing_Time,Critical,-25.2,,Quarantine (duration integrity violation),range[Document_Validation_Minutes]
DQ01780,APX1061080,Negative_Processing_Time,Critical,-20.6,,Quarantine (duration integrity violation),range[Document_Validation_Minutes]
DQ01781,APX1060997,Negative_Processing_Time,Critical,-51.3,,Quarantine (duration integrity violation),range[Document_Validation_Minutes]
DQ01782,APX1061248,Negative_Processing_Time,Critical,-17.8,,Quarantine (duration integrity violation),range[Document_Validation_Minutes]
DQ01783,APX1061326,Negative_Processing_Time,Critical,-35.9,,Quarantine (duration integrity violation),range[Document_Validation_Minutes]
DQ01784,APX1061666,Negative_Processing_Time,Critical,-16.4,,Quarantine (duration integrity violation),range[Document_Validation_Minutes]
DQ01785,APX1061995,Negative_Processing_Time,Critical,-25.3,,Quarantine (duration integrity violation),range[Document_Validation_Minutes]
DQ01786,APX1061975,Negative_Processing_Time,Critical,-20.5,,Quarantine (duration integrity violation),range[Document_Validation_Minutes]
DQ01787,APX1062083,Negative_Processing_Time,Critical,-73.9,,Quarantine (duration integrity violation),range[Document_Validation_Minutes]
DQ01788,APX1062305,Negative_Processing_Time,Critical,-30.3,,Quarantine (duration integrity violation),range[Document_Validation_Minutes]
DQ01789,APX1062479,Negative_Processing_Time,Critical,-14.5,,Quarantine (duration integrity violation),range[Document_Validation_Minutes]
DQ01790,APX1063374,Negative_Processing_Time,Critical,-30.7,,Quarantine (duration integrity violation),range[Document_Validation_Minutes]
DQ01791,APX1063460,Negative_Processing_Time,Critical,-27.4,,Quarantine (duration integrity violation),range[Document_Validation_Minutes]
DQ01792,APX1064005,Negative_Processing_Time,Critical,-22.7,,Quarantine (duration integrity violation),range[Document_Validation_Minutes]
DQ01793,APX1064036,Negative_Processing_Time,Critical,-37.6,,Quarantine (duration integrity violation),range[Document_Validation_Minutes]
DQ01794,APX1064673,Negative_Processing_Time,Critical,-35.3,,Quarantine (duration integrity violation),range[Document_Validation_Minutes]
DQ01795,APX1064931,Negative_Processing_Time,Critical,-11.9,,Quarantine (duration integrity violation),range[Document_Validation_Minutes]
DQ01796,APX1065075,Negative_Processing_Time,Critical,-19.4,,Quarantine (duration integrity violation),range[Document_Validation_Minutes]
DQ01797,APX1065155,Negative_Processing_Time,Critical,-18.7,,Quarantine (duration integrity violation),range[Document_Validation_Minutes]
DQ01798,APX1065228,Negative_Processing_Time,Critical,-13.8,,Quarantine (duration integrity violation),range[Document_Validation_Minutes]
DQ01799,APX1065203,Negative_Processing_Time,Critical,-26.6,,Quarantine (duration integrity violation),range[Document_Validation_Minutes]
DQ01800,APX1065723,Negative_Processing_Time,Critical,-13.5,,Quarantine (duration integrity violation),range[Document_Validation_Minutes]
DQ01801,APX1066262,Negative_Processing_Time,Critical,-16.5,,Quarantine (duration integrity violation),range[Document_Validation_Minutes]
DQ01802,APX1066308,Negative_Processing_Time,Critical,-26.5,,Quarantine (duration integrity violation),range[Document_Validation_Minutes]
DQ01803,APX1067368,Negative_Processing_Time,Critical,-61.1,,Quarantine (duration integrity violation),range[Document_Validation_Minutes]
DQ01804,APX1067464,Negative_Processing_Time,Critical,-33.4,,Quarantine (duration integrity violation),range[Document_Validation_Minutes]
DQ01805,APX1067543,Negative_Processing_Time,Critical,-17.0,,Quarantine (duration integrity violation),range[Document_Validation_Minutes]
DQ01806,APX1067878,Negative_Processing_Time,Critical,-12.6,,Quarantine (duration integrity violation),range[Document_Validation_Minutes]
DQ01807,APX1068562,Negative_Processing_Time,Critical,-9.3,,Quarantine (duration integrity violation),range[Document_Validation_Minutes]
DQ01808,APX1069502,Negative_Processing_Time,Critical,-63.2,,Quarantine (duration integrity violation),range[Document_Validation_Minutes]
DQ01809,APX1070159,Negative_Processing_Time,Critical,-34.2,,Quarantine (duration integrity violation),range[Document_Validation_Minutes]
DQ01810,APX1070663,Negative_Processing_Time,Critical,-25.9,,Quarantine (duration integrity violation),range[Document_Validation_Minutes]
DQ01811,APX1070865,Negative_Processing_Time,Critical,-15.4,,Quarantine (duration integrity violation),range[Document_Validation_Minutes]
DQ01812,APX1071011,Negative_Processing_Time,Critical,-13.5,,Quarantine (duration integrity violation),range[Document_Validation_Minutes]
DQ01813,APX1070957,Negative_Processing_Time,Critical,-14.3,,Quarantine (duration integrity violation),range[Document_Validation_Minutes]
DQ01814,APX1071078,Negative_Processing_Time,Critical,-29.4,,Quarantine (duration integrity violation),range[Document_Validation_Minutes]
DQ01815,APX1071395,Negative_Processing_Time,Critical,-16.1,,Quarantine (duration integrity violation),range[Document_Validation_Minutes]
DQ01816,APX1071556,Negative_Processing_Time,Critical,-36.7,,Quarantine (duration integrity violation),range[Document_Validation_Minutes]
DQ01817,APX1071583,Negative_Processing_Time,Critical,-10.9,,Quarantine (duration integrity violation),range[Document_Validation_Minutes]
DQ01818,APX1071566,Negative_Processing_Time,Critical,-62.4,,Quarantine (duration integrity violation),range[Document_Validation_Minutes]
DQ01819,APX1072034,Negative_Processing_Time,Critical,-21.7,,Quarantine (duration integrity violation),range[Document_Validation_Minutes]
DQ01820,APX1072087,Negative_Processing_Time,Critical,-20.9,,Quarantine (duration integrity violation),range[Document_Validation_Minutes]
DQ01821,APX1072055,Negative_Processing_Time,Critical,-24.9,,Quarantine (duration integrity violation),range[Document_Validation_Minutes]
DQ01822,APX1072020,Negative_Processing_Time,Critical,-18.5,,Quarantine (duration integrity violation),range[Document_Validation_Minutes]
DQ01823,APX1072703,Negative_Processing_Time,Critical,-94.1,,Quarantine (duration integrity violation),range[Document_Validation_Minutes]
DQ01824,APX1072670,Negative_Processing_Time,Critical,-12.6,,Quarantine (duration integrity violation),range[Document_Validation_Minutes]
DQ01825,APX1072979,Negative_Processing_Time,Critical,-19.9,,Quarantine (duration integrity violation),range[Document_Validation_Minutes]
DQ01826,APX1073100,Negative_Processing_Time,Critical,-15.6,,Quarantine (duration integrity violation),range[Document_Validation_Minutes]
DQ01827,APX1073479,Negative_Processing_Time,Critical,-20.8,,Quarantine (duration integrity violation),range[Document_Validation_Minutes]
DQ01828,APX1074081,Negative_Processing_Time,Critical,-26.1,,Quarantine (duration integrity violation),range[Document_Validation_Minutes]
DQ01829,APX1074152,Negative_Processing_Time,Critical,-37.0,,Quarantine (duration integrity violation),range[Document_Validation_Minutes]
DQ01830,APX1074268,Negative_Processing_Time,Critical,-18.7,,Quarantine (duration integrity violation),range[Document_Validation_Minutes]
DQ01831,APX1074446,Negative_Processing_Time,Critical,-27.3,,Quarantine (duration integrity violation),range[Document_Validation_Minutes]
DQ01832,APX1074761,Negative_Processing_Time,Critical,-22.6,,Quarantine (duration integrity violation),range[Document_Validation_Minutes]
DQ01833,APX1075879,Negative_Processing_Time,Critical,-12.3,,Quarantine (duration integrity violation),range[Document_Validation_Minutes]
DQ01834,APX1076078,Negative_Processing_Time,Critical,-21.9,,Quarantine (duration integrity violation),range[Document_Validation_Minutes]
DQ01835,APX1076540,Negative_Processing_Time,Critical,-16.4,,Quarantine (duration integrity violation),range[Document_Validation_Minutes]
DQ01836,APX1076975,Negative_Processing_Time,Critical,-53.2,,Quarantine (duration integrity violation),range[Document_Validation_Minutes]
DQ01837,APX1077066,Negative_Processing_Time,Critical,-21.2,,Quarantine (duration integrity violation),range[Document_Validation_Minutes]
DQ01838,APX1077363,Negative_Processing_Time,Critical,-13.2,,Quarantine (duration integrity violation),range[Document_Validation_Minutes]
DQ01839,APX1077297,Negative_Processing_Time,Critical,-37.8,,Quarantine (duration integrity violation),range[Document_Validation_Minutes]
DQ01840,APX1077385,Negative_Processing_Time,Critical,-20.4,,Quarantine (duration integrity violation),range[Document_Validation_Minutes]
DQ01841,APX1077472,Negative_Processing_Time,Critical,-32.3,,Quarantine (duration integrity violation),range[Document_Validation_Minutes]
DQ01842,APX1078930,Negative_Processing_Time,Critical,-31.1,,Quarantine (duration integrity violation),range[Document_Validation_Minutes]
DQ01843,APX1079310,Negative_Processing_Time,Critical,-28.9,,Quarantine (duration integrity violation),range[Document_Validation_Minutes]
DQ01844,APX1079259,Negative_Processing_Time,Critical,-55.0,,Quarantine (duration integrity violation),range[Document_Validation_Minutes]
DQ01845,APX1079814,Negative_Processing_Time,Critical,-18.7,,Quarantine (duration integrity violation),range[Document_Validation_Minutes]
DQ01846,APX1080317,Negative_Processing_Time,Critical,-37.8,,Quarantine (duration integrity violation),range[Document_Validation_Minutes]
DQ01847,APX1080560,Negative_Processing_Time,Critical,-35.4,,Quarantine (duration integrity violation),range[Document_Validation_Minutes]
DQ01848,APX1080922,Negative_Processing_Time,Critical,-20.5,,Quarantine (duration integrity violation),range[Document_Validation_Minutes]
DQ01849,APX1081307,Negative_Processing_Time,Critical,-23.1,,Quarantine (duration integrity violation),range[Document_Validation_Minutes]
DQ01850,APX1081411,Negative_Processing_Time,Critical,-11.1,,Quarantine (duration integrity violation),range[Document_Validation_Minutes]
DQ01851,APX1081696,Negative_Processing_Time,Critical,-19.2,,Quarantine (duration integrity violation),range[Document_Validation_Minutes]
DQ01852,APX1082039,Negative_Processing_Time,Critical,-12.9,,Quarantine (duration integrity violation),range[Document_Validation_Minutes]
DQ01853,APX1082067,Negative_Processing_Time,Critical,-29.3,,Quarantine (duration integrity violation),range[Document_Validation_Minutes]
DQ01854,APX1083388,Negative_Processing_Time,Critical,-15.8,,Quarantine (duration integrity violation),range[Document_Validation_Minutes]
DQ01855,APX1084600,Negative_Processing_Time,Critical,-11.4,,Quarantine (duration integrity violation),range[Document_Validation_Minutes]
DQ01856,APX1086111,Negative_Processing_Time,Critical,-16.7,,Quarantine (duration integrity violation),range[Document_Validation_Minutes]
DQ01857,APX1086538,Negative_Processing_Time,Critical,-25.5,,Quarantine (duration integrity violation),range[Document_Validation_Minutes]
DQ01858,APX1086604,Negative_Processing_Time,Critical,-16.8,,Quarantine (duration integrity violation),range[Document_Validation_Minutes]
DQ01859,APX1086728,Negative_Processing_Time,Critical,-22.7,,Quarantine (duration integrity violation),range[Document_Validation_Minutes]
DQ01860,APX1086997,Negative_Processing_Time,Critical,-15.3,,Quarantine (duration integrity violation),range[Document_Validation_Minutes]
DQ01861,APX1086894,Negative_Processing_Time,Critical,-31.3,,Quarantine (duration integrity violation),range[Document_Validation_Minutes]
DQ01862,APX1087222,Negative_Processing_Time,Critical,-19.5,,Quarantine (duration integrity violation),range[Document_Validation_Minutes]
DQ01863,APX1087954,Negative_Processing_Time,Critical,-36.4,,Quarantine (duration integrity violation),range[Document_Validation_Minutes]
DQ01864,APX1088382,Negative_Processing_Time,Critical,-22.3,,Quarantine (duration integrity violation),range[Document_Validation_Minutes]
DQ01865,APX1088490,Negative_Processing_Time,Critical,-11.4,,Quarantine (duration integrity violation),range[Document_Validation_Minutes]
DQ01866,APX1088422,Negative_Processing_Time,Critical,-69.2,,Quarantine (duration integrity violation),range[Document_Validation_Minutes]
DQ01867,APX1089636,Negative_Processing_Time,Critical,-43.8,,Quarantine (duration integrity violation),range[Document_Validation_Minutes]
DQ01868,APX1089676,Negative_Processing_Time,Critical,-33.4,,Quarantine (duration integrity violation),range[Document_Validation_Minutes]
DQ01869,APX1089835,Negative_Processing_Time,Critical,-50.6,,Quarantine (duration integrity violation),range[Document_Validation_Minutes]
DQ01870,APX1090348,Negative_Processing_Time,Critical,-36.6,,Quarantine (duration integrity violation),range[Document_Validation_Minutes]
DQ01871,APX1090487,Negative_Processing_Time,Critical,-16.5,,Quarantine (duration integrity violation),range[Document_Validation_Minutes]
DQ01872,APX1090668,Negative_Processing_Time,Critical,-17.2,,Quarantine (duration integrity violation),range[Document_Validation_Minutes]
DQ01873,APX1090904,Negative_Processing_Time,Critical,-14.3,,Quarantine (duration integrity violation),range[Document_Validation_Minutes]
DQ01874,APX1091378,Negative_Processing_Time,Critical,-23.8,,Quarantine (duration integrity violation),range[Document_Validation_Minutes]
DQ01875,APX1091641,Negative_Processing_Time,Critical,-13.6,,Quarantine (duration integrity violation),range[Document_Validation_Minutes]
DQ01876,APX1091933,Negative_Processing_Time,Critical,-26.8,,Quarantine (duration integrity violation),range[Document_Validation_Minutes]
DQ01877,APX1092443,Negative_Processing_Time,Critical,-34.8,,Quarantine (duration integrity violation),range[Document_Validation_Minutes]
DQ01878,APX1092881,Negative_Processing_Time,Critical,-51.0,,Quarantine (duration integrity violation),range[Document_Validation_Minutes]
DQ01879,APX1094129,Negative_Processing_Time,Critical,-50.6,,Quarantine (duration integrity violation),range[Document_Validation_Minutes]
DQ01880,APX1094343,Negative_Processing_Time,Critical,-15.9,,Quarantine (duration integrity violation),range[Document_Validation_Minutes]
DQ01881,APX1094524,Negative_Processing_Time,Critical,-48.0,,Quarantine (duration integrity violation),range[Document_Validation_Minutes]
DQ01882,APX1094789,Negative_Processing_Time,Critical,-26.2,,Quarantine (duration integrity violation),range[Document_Validation_Minutes]
DQ01883,APX1094811,Negative_Processing_Time,Critical,-21.7,,Quarantine (duration integrity violation),range[Document_Validation_Minutes]
DQ01884,APX1095157,Negative_Processing_Time,Critical,-19.7,,Quarantine (duration integrity violation),range[Document_Validation_Minutes]
DQ01885,APX1096264,Negative_Processing_Time,Critical,-22.8,,Quarantine (duration integrity violation),range[Document_Validation_Minutes]
DQ01886,APX1096239,Negative_Processing_Time,Critical,-11.1,,Quarantine (duration integrity violation),range[Document_Validation_Minutes]
DQ01887,APX1096594,Negative_Processing_Time,Critical,-17.1,,Quarantine (duration integrity violation),range[Document_Validation_Minutes]
DQ01888,APX1096662,Negative_Processing_Time,Critical,-18.6,,Quarantine (duration integrity violation),range[Document_Validation_Minutes]
DQ01889,APX1096744,Negative_Processing_Time,Critical,-17.6,,Quarantine (duration integrity violation),range[Document_Validation_Minutes]
DQ01890,APX1097163,Negative_Processing_Time,Critical,-20.7,,Quarantine (duration integrity violation),range[Document_Validation_Minutes]
DQ01891,APX1097331,Negative_Processing_Time,Critical,-36.7,,Quarantine (duration integrity violation),range[Document_Validation_Minutes]
DQ01892,APX1097491,Negative_Processing_Time,Critical,-10.7,,Quarantine (duration integrity violation),range[Document_Validation_Minutes]
DQ01893,APX1097750,Negative_Processing_Time,Critical,-23.1,,Quarantine (duration integrity violation),range[Document_Validation_Minutes]
DQ01894,APX1097991,Negative_Processing_Time,Critical,-7.3,,Quarantine (duration integrity violation),range[Document_Validation_Minutes]
DQ01895,APX1098462,Negative_Processing_Time,Critical,-15.7,,Quarantine (duration integrity violation),range[Document_Validation_Minutes]
DQ01896,APX1099467,Negative_Processing_Time,Critical,-12.7,,Quarantine (duration integrity violation),range[Document_Validation_Minutes]
DQ01897,APX1099609,Negative_Processing_Time,Critical,-20.8,,Quarantine (duration integrity violation),range[Document_Validation_Minutes]
DQ01898,APX1099695,Negative_Processing_Time,Critical,-22.3,,Quarantine (duration integrity violation),range[Document_Validation_Minutes]
DQ01899,APX1099811,Negative_Processing_Time,Critical,-16.3,,Quarantine (duration integrity violation),range[Document_Validation_Minutes]
DQ01900,APX1099881,Negative_Processing_Time,Critical,-15.8,,Quarantine (duration integrity violation),range[Document_Validation_Minutes]
DQ01901,APX1000216,Timestamp_Sequencing_Error,Critical,end before start,,Quarantine (cannot safely infer true order),sequence[Identity_Verification]
DQ01902,APX1000242,Timestamp_Sequencing_Error,Critical,end before start,,Quarantine (cannot safely infer true order),sequence[Identity_Verification]
DQ01903,APX1000473,Timestamp_Sequencing_Error,Critical,end before start,,Quarantine (cannot safely infer true order),sequence[Identity_Verification]
DQ01904,APX1001106,Timestamp_Sequencing_Error,Critical,end before start,,Quarantine (cannot safely infer true order),sequence[Identity_Verification]
DQ01905,APX1001236,Timestamp_Sequencing_Error,Critical,end before start,,Quarantine (cannot safely infer true order),sequence[Identity_Verification]
DQ01906,APX1001565,Timestamp_Sequencing_Error,Critical,end before start,,Quarantine (cannot safely infer true order),sequence[Identity_Verification]
DQ01907,APX1002357,Timestamp_Sequencing_Error,Critical,end before start,,Quarantine (cannot safely infer true order),sequence[Identity_Verification]
DQ01908,APX1002668,Timestamp_Sequencing_Error,Critical,end before start,,Quarantine (cannot safely infer true order),sequence[Identity_Verification]
DQ01909,APX1002769,Timestamp_Sequencing_Error,Critical,end before start,,Quarantine (cannot safely infer true order),sequence[Identity_Verification]
DQ01910,APX1002736,Timestamp_Sequencing_Error,Critical,end before start,,Quarantine (cannot safely infer true order),sequence[Identity_Verification]
DQ01911,APX1003094,Timestamp_Sequencing_Error,Critical,end before start,,Quarantine (cannot safely infer true order),sequence[Identity_Verification]
DQ01912,APX1003373,Timestamp_Sequencing_Error,Critical,end before start,,Quarantine (cannot safely infer true order),sequence[Identity_Verification]
DQ01913,APX1003705,Timestamp_Sequencing_Error,Critical,end before start,,Quarantine (cannot safely infer true order),sequence[Identity_Verification]
DQ01914,APX1003958,Timestamp_Sequencing_Error,Critical,end before start,,Quarantine (cannot safely infer true order),sequence[Identity_Verification]
DQ01915,APX1004178,Timestamp_Sequencing_Error,Critical,end before start,,Quarantine (cannot safely infer true order),sequence[Identity_Verification]
DQ01916,APX1004776,Timestamp_Sequencing_Error,Critical,end before start,,Quarantine (cannot safely infer true order),sequence[Identity_Verification]
DQ01917,APX1005076,Timestamp_Sequencing_Error,Critical,end before start,,Quarantine (cannot safely infer true order),sequence[Identity_Verification]
DQ01918,APX1005296,Timestamp_Sequencing_Error,Critical,end before start,,Quarantine (cannot safely infer true order),sequence[Identity_Verification]
DQ01919,APX1005383,Timestamp_Sequencing_Error,Critical,end before start,,Quarantine (cannot safely infer true order),sequence[Identity_Verification]
DQ01920,APX1005603,Timestamp_Sequencing_Error,Critical,end before start,,Quarantine (cannot safely infer true order),sequence[Identity_Verification]
DQ01921,APX1008624,Timestamp_Sequencing_Error,Critical,end before start,,Quarantine (cannot safely infer true order),sequence[Identity_Verification]
DQ01922,APX1008969,Timestamp_Sequencing_Error,Critical,end before start,,Quarantine (cannot safely infer true order),sequence[Identity_Verification]
DQ01923,APX1009719,Timestamp_Sequencing_Error,Critical,end before start,,Quarantine (cannot safely infer true order),sequence[Identity_Verification]
DQ01924,APX1009585,Timestamp_Sequencing_Error,Critical,end before start,,Quarantine (cannot safely infer true order),sequence[Identity_Verification]
DQ01925,APX1009804,Timestamp_Sequencing_Error,Critical,end before start,,Quarantine (cannot safely infer true order),sequence[Identity_Verification]
DQ01926,APX1010083,Timestamp_Sequencing_Error,Critical,end before start,,Quarantine (cannot safely infer true order),sequence[Identity_Verification]
DQ01927,APX1010461,Timestamp_Sequencing_Error,Critical,end before start,,Quarantine (cannot safely infer true order),sequence[Identity_Verification]
DQ01928,APX1010581,Timestamp_Sequencing_Error,Critical,end before start,,Quarantine (cannot safely infer true order),sequence[Identity_Verification]
DQ01929,APX1010809,Timestamp_Sequencing_Error,Critical,end before start,,Quarantine (cannot safely infer true order),sequence[Identity_Verification]
DQ01930,APX1011038,Timestamp_Sequencing_Error,Critical,end before start,,Quarantine (cannot safely infer true order),sequence[Identity_Verification]
DQ01931,APX1011353,Timestamp_Sequencing_Error,Critical,end before start,,Quarantine (cannot safely infer true order),sequence[Identity_Verification]
DQ01932,APX1011612,Timestamp_Sequencing_Error,Critical,end before start,,Quarantine (cannot safely infer true order),sequence[Identity_Verification]
DQ01933,APX1012294,Timestamp_Sequencing_Error,Critical,end before start,,Quarantine (cannot safely infer true order),sequence[Identity_Verification]
DQ01934,APX1012507,Timestamp_Sequencing_Error,Critical,end before start,,Quarantine (cannot safely infer true order),sequence[Identity_Verification]
DQ01935,APX1012932,Timestamp_Sequencing_Error,Critical,end before start,,Quarantine (cannot safely infer true order),sequence[Identity_Verification]
DQ01936,APX1013119,Timestamp_Sequencing_Error,Critical,end before start,,Quarantine (cannot safely infer true order),sequence[Identity_Verification]
DQ01937,APX1013377,Timestamp_Sequencing_Error,Critical,end before start,,Quarantine (cannot safely infer true order),sequence[Identity_Verification]
DQ01938,APX1013529,Timestamp_Sequencing_Error,Critical,end before start,,Quarantine (cannot safely infer true order),sequence[Identity_Verification]
DQ01939,APX1013739,Timestamp_Sequencing_Error,Critical,end before start,,Quarantine (cannot safely infer true order),sequence[Identity_Verification]
DQ01940,APX1013992,Timestamp_Sequencing_Error,Critical,end before start,,Quarantine (cannot safely infer true order),sequence[Identity_Verification]
DQ01941,APX1014268,Timestamp_Sequencing_Error,Critical,end before start,,Quarantine (cannot safely infer true order),sequence[Identity_Verification]
DQ01942,APX1015042,Timestamp_Sequencing_Error,Critical,end before start,,Quarantine (cannot safely infer true order),sequence[Identity_Verification]
DQ01943,APX1015306,Timestamp_Sequencing_Error,Critical,end before start,,Quarantine (cannot safely infer true order),sequence[Identity_Verification]
DQ01944,APX1015543,Timestamp_Sequencing_Error,Critical,end before start,,Quarantine (cannot safely infer true order),sequence[Identity_Verification]
DQ01945,APX1015968,Timestamp_Sequencing_Error,Critical,end before start,,Quarantine (cannot safely infer true order),sequence[Identity_Verification]
DQ01946,APX1015987,Timestamp_Sequencing_Error,Critical,end before start,,Quarantine (cannot safely infer true order),sequence[Identity_Verification]
DQ01947,APX1016023,Timestamp_Sequencing_Error,Critical,end before start,,Quarantine (cannot safely infer true order),sequence[Identity_Verification]
DQ01948,APX1016144,Timestamp_Sequencing_Error,Critical,end before start,,Quarantine (cannot safely infer true order),sequence[Identity_Verification]
DQ01949,APX1016312,Timestamp_Sequencing_Error,Critical,end before start,,Quarantine (cannot safely infer true order),sequence[Identity_Verification]
DQ01950,APX1017779,Timestamp_Sequencing_Error,Critical,end before start,,Quarantine (cannot safely infer true order),sequence[Identity_Verification]
DQ01951,APX1018134,Timestamp_Sequencing_Error,Critical,end before start,,Quarantine (cannot safely infer true order),sequence[Identity_Verification]
DQ01952,APX1018216,Timestamp_Sequencing_Error,Critical,end before start,,Quarantine (cannot safely infer true order),sequence[Identity_Verification]
DQ01953,APX1018516,Timestamp_Sequencing_Error,Critical,end before start,,Quarantine (cannot safely infer true order),sequence[Identity_Verification]
DQ01954,APX1018513,Timestamp_Sequencing_Error,Critical,end before start,,Quarantine (cannot safely infer true order),sequence[Identity_Verification]
DQ01955,APX1018551,Timestamp_Sequencing_Error,Critical,end before start,,Quarantine (cannot safely infer true order),sequence[Identity_Verification]
DQ01956,APX1019106,Timestamp_Sequencing_Error,Critical,end before start,,Quarantine (cannot safely infer true order),sequence[Identity_Verification]
DQ01957,APX1019234,Timestamp_Sequencing_Error,Critical,end before start,,Quarantine (cannot safely infer true order),sequence[Identity_Verification]
DQ01958,APX1019276,Timestamp_Sequencing_Error,Critical,end before start,,Quarantine (cannot safely infer true order),sequence[Identity_Verification]
DQ01959,APX1019607,Timestamp_Sequencing_Error,Critical,end before start,,Quarantine (cannot safely infer true order),sequence[Identity_Verification]
DQ01960,APX1019750,Timestamp_Sequencing_Error,Critical,end before start,,Quarantine (cannot safely infer true order),sequence[Identity_Verification]
DQ01961,APX1020455,Timestamp_Sequencing_Error,Critical,end before start,,Quarantine (cannot safely infer true order),sequence[Identity_Verification]
DQ01962,APX1020660,Timestamp_Sequencing_Error,Critical,end before start,,Quarantine (cannot safely infer true order),sequence[Identity_Verification]
DQ01963,APX1020950,Timestamp_Sequencing_Error,Critical,end before start,,Quarantine (cannot safely infer true order),sequence[Identity_Verification]
DQ01964,APX1021041,Timestamp_Sequencing_Error,Critical,end before start,,Quarantine (cannot safely infer true order),sequence[Identity_Verification]
DQ01965,APX1021653,Timestamp_Sequencing_Error,Critical,end before start,,Quarantine (cannot safely infer true order),sequence[Identity_Verification]
DQ01966,APX1022905,Timestamp_Sequencing_Error,Critical,end before start,,Quarantine (cannot safely infer true order),sequence[Identity_Verification]
DQ01967,APX1023944,Timestamp_Sequencing_Error,Critical,end before start,,Quarantine (cannot safely infer true order),sequence[Identity_Verification]
DQ01968,APX1023957,Timestamp_Sequencing_Error,Critical,end before start,,Quarantine (cannot safely infer true order),sequence[Identity_Verification]
DQ01969,APX1024001,Timestamp_Sequencing_Error,Critical,end before start,,Quarantine (cannot safely infer true order),sequence[Identity_Verification]
DQ01970,APX1024351,Timestamp_Sequencing_Error,Critical,end before start,,Quarantine (cannot safely infer true order),sequence[Identity_Verification]
DQ01971,APX1025459,Timestamp_Sequencing_Error,Critical,end before start,,Quarantine (cannot safely infer true order),sequence[Identity_Verification]
DQ01972,APX1025572,Timestamp_Sequencing_Error,Critical,end before start,,Quarantine (cannot safely infer true order),sequence[Identity_Verification]
DQ01973,APX1025597,Timestamp_Sequencing_Error,Critical,end before start,,Quarantine (cannot safely infer true order),sequence[Identity_Verification]
DQ01974,APX1025715,Timestamp_Sequencing_Error,Critical,end before start,,Quarantine (cannot safely infer true order),sequence[Identity_Verification]
DQ01975,APX1026362,Timestamp_Sequencing_Error,Critical,end before start,,Quarantine (cannot safely infer true order),sequence[Identity_Verification]
DQ01976,APX1027032,Timestamp_Sequencing_Error,Critical,end before start,,Quarantine (cannot safely infer true order),sequence[Identity_Verification]
DQ01977,APX1027520,Timestamp_Sequencing_Error,Critical,end before start,,Quarantine (cannot safely infer true order),sequence[Identity_Verification]
DQ01978,APX1027599,Timestamp_Sequencing_Error,Critical,end before start,,Quarantine (cannot safely infer true order),sequence[Identity_Verification]
DQ01979,APX1027825,Timestamp_Sequencing_Error,Critical,end before start,,Quarantine (cannot safely infer true order),sequence[Identity_Verification]
DQ01980,APX1027841,Timestamp_Sequencing_Error,Critical,end before start,,Quarantine (cannot safely infer true order),sequence[Identity_Verification]
DQ01981,APX1027966,Timestamp_Sequencing_Error,Critical,end before start,,Quarantine (cannot safely infer true order),sequence[Identity_Verification]
DQ01982,APX1028631,Timestamp_Sequencing_Error,Critical,end before start,,Quarantine (cannot safely infer true order),sequence[Identity_Verification]
DQ01983,APX1028768,Timestamp_Sequencing_Error,Critical,end before start,,Quarantine (cannot safely infer true order),sequence[Identity_Verification]
DQ01984,APX1028813,Timestamp_Sequencing_Error,Critical,end before start,,Quarantine (cannot safely infer true order),sequence[Identity_Verification]
DQ01985,APX1029128,Timestamp_Sequencing_Error,Critical,end before start,,Quarantine (cannot safely infer true order),sequence[Identity_Verification]
DQ01986,APX1031656,Timestamp_Sequencing_Error,Critical,end before start,,Quarantine (cannot safely infer true order),sequence[Identity_Verification]
DQ01987,APX1032520,Timestamp_Sequencing_Error,Critical,end before start,,Quarantine (cannot safely infer true order),sequence[Identity_Verification]
DQ01988,APX1033117,Timestamp_Sequencing_Error,Critical,end before start,,Quarantine (cannot safely infer true order),sequence[Identity_Verification]
DQ01989,APX1033120,Timestamp_Sequencing_Error,Critical,end before start,,Quarantine (cannot safely infer true order),sequence[Identity_Verification]
DQ01990,APX1033227,Timestamp_Sequencing_Error,Critical,end before start,,Quarantine (cannot safely infer true order),sequence[Identity_Verification]
DQ01991,APX1033452,Timestamp_Sequencing_Error,Critical,end before start,,Quarantine (cannot safely infer true order),sequence[Identity_Verification]
DQ01992,APX1034556,Timestamp_Sequencing_Error,Critical,end before start,,Quarantine (cannot safely infer true order),sequence[Identity_Verification]
DQ01993,APX1034647,Timestamp_Sequencing_Error,Critical,end before start,,Quarantine (cannot safely infer true order),sequence[Identity_Verification]
DQ01994,APX1034811,Timestamp_Sequencing_Error,Critical,end before start,,Quarantine (cannot safely infer true order),sequence[Identity_Verification]
DQ01995,APX1034994,Timestamp_Sequencing_Error,Critical,end before start,,Quarantine (cannot safely infer true order),sequence[Identity_Verification]
DQ01996,APX1035309,Timestamp_Sequencing_Error,Critical,end before start,,Quarantine (cannot safely infer true order),sequence[Identity_Verification]
DQ01997,APX1036617,Timestamp_Sequencing_Error,Critical,end before start,,Quarantine (cannot safely infer true order),sequence[Identity_Verification]
DQ01998,APX1036797,Timestamp_Sequencing_Error,Critical,end before start,,Quarantine (cannot safely infer true order),sequence[Identity_Verification]
DQ01999,APX1038457,Timestamp_Sequencing_Error,Critical,end before start,,Quarantine (cannot safely infer true order),sequence[Identity_Verification]
DQ02000,APX1038972,Timestamp_Sequencing_Error,Critical,end before start,,Quarantine (cannot safely infer true order),sequence[Identity_Verification]
DQ02001,APX1039213,Timestamp_Sequencing_Error,Critical,end before start,,Quarantine (cannot safely infer true order),sequence[Identity_Verification]
DQ02002,APX1039119,Timestamp_Sequencing_Error,Critical,end before start,,Quarantine (cannot safely infer true order),sequence[Identity_Verification]
DQ02003,APX1039352,Timestamp_Sequencing_Error,Critical,end before start,,Quarantine (cannot safely infer true order),sequence[Identity_Verification]
DQ02004,APX1039310,Timestamp_Sequencing_Error,Critical,end before start,,Quarantine (cannot safely infer true order),sequence[Identity_Verification]
DQ02005,APX1039515,Timestamp_Sequencing_Error,Critical,end before start,,Quarantine (cannot safely infer true order),sequence[Identity_Verification]
DQ02006,APX1039413,Timestamp_Sequencing_Error,Critical,end before start,,Quarantine (cannot safely infer true order),sequence[Identity_Verification]
DQ02007,APX1039623,Timestamp_Sequencing_Error,Critical,end before start,,Quarantine (cannot safely infer true order),sequence[Identity_Verification]
DQ02008,APX1039544,Timestamp_Sequencing_Error,Critical,end before start,,Quarantine (cannot safely infer true order),sequence[Identity_Verification]
DQ02009,APX1039849,Timestamp_Sequencing_Error,Critical,end before start,,Quarantine (cannot safely infer true order),sequence[Identity_Verification]
DQ02010,APX1039854,Timestamp_Sequencing_Error,Critical,end before start,,Quarantine (cannot safely infer true order),sequence[Identity_Verification]
DQ02011,APX1040244,Timestamp_Sequencing_Error,Critical,end before start,,Quarantine (cannot safely infer true order),sequence[Identity_Verification]
DQ02012,APX1040448,Timestamp_Sequencing_Error,Critical,end before start,,Quarantine (cannot safely infer true order),sequence[Identity_Verification]
DQ02013,APX1040488,Timestamp_Sequencing_Error,Critical,end before start,,Quarantine (cannot safely infer true order),sequence[Identity_Verification]
DQ02014,APX1040892,Timestamp_Sequencing_Error,Critical,end before start,,Quarantine (cannot safely infer true order),sequence[Identity_Verification]
DQ02015,APX1041141,Timestamp_Sequencing_Error,Critical,end before start,,Quarantine (cannot safely infer true order),sequence[Identity_Verification]
DQ02016,APX1041265,Timestamp_Sequencing_Error,Critical,end before start,,Quarantine (cannot safely infer true order),sequence[Identity_Verification]
DQ02017,APX1041352,Timestamp_Sequencing_Error,Critical,end before start,,Quarantine (cannot safely infer true order),sequence[Identity_Verification]
DQ02018,APX1041857,Timestamp_Sequencing_Error,Critical,end before start,,Quarantine (cannot safely infer true order),sequence[Identity_Verification]
DQ02019,APX1041996,Timestamp_Sequencing_Error,Critical,end before start,,Quarantine (cannot safely infer true order),sequence[Identity_Verification]
DQ02020,APX1042159,Timestamp_Sequencing_Error,Critical,end before start,,Quarantine (cannot safely infer true order),sequence[Identity_Verification]
DQ02021,APX1042388,Timestamp_Sequencing_Error,Critical,end before start,,Quarantine (cannot safely infer true order),sequence[Identity_Verification]
DQ02022,APX1042506,Timestamp_Sequencing_Error,Critical,end before start,,Quarantine (cannot safely infer true order),sequence[Identity_Verification]
DQ02023,APX1042879,Timestamp_Sequencing_Error,Critical,end before start,,Quarantine (cannot safely infer true order),sequence[Identity_Verification]
DQ02024,APX1043226,Timestamp_Sequencing_Error,Critical,end before start,,Quarantine (cannot safely infer true order),sequence[Identity_Verification]
DQ02025,APX1043255,Timestamp_Sequencing_Error,Critical,end before start,,Quarantine (cannot safely infer true order),sequence[Identity_Verification]
DQ02026,APX1043948,Timestamp_Sequencing_Error,Critical,end before start,,Quarantine (cannot safely infer true order),sequence[Identity_Verification]
DQ02027,APX1044038,Timestamp_Sequencing_Error,Critical,end before start,,Quarantine (cannot safely infer true order),sequence[Identity_Verification]
DQ02028,APX1044496,Timestamp_Sequencing_Error,Critical,end before start,,Quarantine (cannot safely infer true order),sequence[Identity_Verification]
DQ02029,APX1045396,Timestamp_Sequencing_Error,Critical,end before start,,Quarantine (cannot safely infer true order),sequence[Identity_Verification]
DQ02030,APX1045975,Timestamp_Sequencing_Error,Critical,end before start,,Quarantine (cannot safely infer true order),sequence[Identity_Verification]
DQ02031,APX1046074,Timestamp_Sequencing_Error,Critical,end before start,,Quarantine (cannot safely infer true order),sequence[Identity_Verification]
DQ02032,APX1046091,Timestamp_Sequencing_Error,Critical,end before start,,Quarantine (cannot safely infer true order),sequence[Identity_Verification]
DQ02033,APX1046324,Timestamp_Sequencing_Error,Critical,end before start,,Quarantine (cannot safely infer true order),sequence[Identity_Verification]
DQ02034,APX1046611,Timestamp_Sequencing_Error,Critical,end before start,,Quarantine (cannot safely infer true order),sequence[Identity_Verification]
DQ02035,APX1046805,Timestamp_Sequencing_Error,Critical,end before start,,Quarantine (cannot safely infer true order),sequence[Identity_Verification]
DQ02036,APX1047017,Timestamp_Sequencing_Error,Critical,end before start,,Quarantine (cannot safely infer true order),sequence[Identity_Verification]
DQ02037,APX1047251,Timestamp_Sequencing_Error,Critical,end before start,,Quarantine (cannot safely infer true order),sequence[Identity_Verification]
DQ02038,APX1047220,Timestamp_Sequencing_Error,Critical,end before start,,Quarantine (cannot safely infer true order),sequence[Identity_Verification]
DQ02039,APX1047545,Timestamp_Sequencing_Error,Critical,end before start,,Quarantine (cannot safely infer true order),sequence[Identity_Verification]
DQ02040,APX1047621,Timestamp_Sequencing_Error,Critical,end before start,,Quarantine (cannot safely infer true order),sequence[Identity_Verification]
DQ02041,APX1048361,Timestamp_Sequencing_Error,Critical,end before start,,Quarantine (cannot safely infer true order),sequence[Identity_Verification]
DQ02042,APX1048999,Timestamp_Sequencing_Error,Critical,end before start,,Quarantine (cannot safely infer true order),sequence[Identity_Verification]
DQ02043,APX1049257,Timestamp_Sequencing_Error,Critical,end before start,,Quarantine (cannot safely infer true order),sequence[Identity_Verification]
DQ02044,APX1049381,Timestamp_Sequencing_Error,Critical,end before start,,Quarantine (cannot safely infer true order),sequence[Identity_Verification]
DQ02045,APX1049269,Timestamp_Sequencing_Error,Critical,end before start,,Quarantine (cannot safely infer true order),sequence[Identity_Verification]
DQ02046,APX1049373,Timestamp_Sequencing_Error,Critical,end before start,,Quarantine (cannot safely infer true order),sequence[Identity_Verification]
DQ02047,APX1049676,Timestamp_Sequencing_Error,Critical,end before start,,Quarantine (cannot safely infer true order),sequence[Identity_Verification]
DQ02048,APX1050706,Timestamp_Sequencing_Error,Critical,end before start,,Quarantine (cannot safely infer true order),sequence[Identity_Verification]
DQ02049,APX1051164,Timestamp_Sequencing_Error,Critical,end before start,,Quarantine (cannot safely infer true order),sequence[Identity_Verification]
DQ02050,APX1051614,Timestamp_Sequencing_Error,Critical,end before start,,Quarantine (cannot safely infer true order),sequence[Identity_Verification]
DQ02051,APX1051907,Timestamp_Sequencing_Error,Critical,end before start,,Quarantine (cannot safely infer true order),sequence[Identity_Verification]
DQ02052,APX1051937,Timestamp_Sequencing_Error,Critical,end before start,,Quarantine (cannot safely infer true order),sequence[Identity_Verification]
DQ02053,APX1053046,Timestamp_Sequencing_Error,Critical,end before start,,Quarantine (cannot safely infer true order),sequence[Identity_Verification]
DQ02054,APX1053217,Timestamp_Sequencing_Error,Critical,end before start,,Quarantine (cannot safely infer true order),sequence[Identity_Verification]
DQ02055,APX1053291,Timestamp_Sequencing_Error,Critical,end before start,,Quarantine (cannot safely infer true order),sequence[Identity_Verification]
DQ02056,APX1053523,Timestamp_Sequencing_Error,Critical,end before start,,Quarantine (cannot safely infer true order),sequence[Identity_Verification]
DQ02057,APX1053731,Timestamp_Sequencing_Error,Critical,end before start,,Quarantine (cannot safely infer true order),sequence[Identity_Verification]
DQ02058,APX1053862,Timestamp_Sequencing_Error,Critical,end before start,,Quarantine (cannot safely infer true order),sequence[Identity_Verification]
DQ02059,APX1054434,Timestamp_Sequencing_Error,Critical,end before start,,Quarantine (cannot safely infer true order),sequence[Identity_Verification]
DQ02060,APX1054516,Timestamp_Sequencing_Error,Critical,end before start,,Quarantine (cannot safely infer true order),sequence[Identity_Verification]
DQ02061,APX1054669,Timestamp_Sequencing_Error,Critical,end before start,,Quarantine (cannot safely infer true order),sequence[Identity_Verification]
DQ02062,APX1055077,Timestamp_Sequencing_Error,Critical,end before start,,Quarantine (cannot safely infer true order),sequence[Identity_Verification]
DQ02063,APX1055275,Timestamp_Sequencing_Error,Critical,end before start,,Quarantine (cannot safely infer true order),sequence[Identity_Verification]
DQ02064,APX1055906,Timestamp_Sequencing_Error,Critical,end before start,,Quarantine (cannot safely infer true order),sequence[Identity_Verification]
DQ02065,APX1056394,Timestamp_Sequencing_Error,Critical,end before start,,Quarantine (cannot safely infer true order),sequence[Identity_Verification]
DQ02066,APX1056624,Timestamp_Sequencing_Error,Critical,end before start,,Quarantine (cannot safely infer true order),sequence[Identity_Verification]
DQ02067,APX1056803,Timestamp_Sequencing_Error,Critical,end before start,,Quarantine (cannot safely infer true order),sequence[Identity_Verification]
DQ02068,APX1057044,Timestamp_Sequencing_Error,Critical,end before start,,Quarantine (cannot safely infer true order),sequence[Identity_Verification]
DQ02069,APX1058088,Timestamp_Sequencing_Error,Critical,end before start,,Quarantine (cannot safely infer true order),sequence[Identity_Verification]
DQ02070,APX1058262,Timestamp_Sequencing_Error,Critical,end before start,,Quarantine (cannot safely infer true order),sequence[Identity_Verification]
DQ02071,APX1059165,Timestamp_Sequencing_Error,Critical,end before start,,Quarantine (cannot safely infer true order),sequence[Identity_Verification]
DQ02072,APX1059203,Timestamp_Sequencing_Error,Critical,end before start,,Quarantine (cannot safely infer true order),sequence[Identity_Verification]
DQ02073,APX1059847,Timestamp_Sequencing_Error,Critical,end before start,,Quarantine (cannot safely infer true order),sequence[Identity_Verification]
DQ02074,APX1060177,Timestamp_Sequencing_Error,Critical,end before start,,Quarantine (cannot safely infer true order),sequence[Identity_Verification]
DQ02075,APX1060365,Timestamp_Sequencing_Error,Critical,end before start,,Quarantine (cannot safely infer true order),sequence[Identity_Verification]
DQ02076,APX1060709,Timestamp_Sequencing_Error,Critical,end before start,,Quarantine (cannot safely infer true order),sequence[Identity_Verification]
DQ02077,APX1061296,Timestamp_Sequencing_Error,Critical,end before start,,Quarantine (cannot safely infer true order),sequence[Identity_Verification]
DQ02078,APX1061406,Timestamp_Sequencing_Error,Critical,end before start,,Quarantine (cannot safely infer true order),sequence[Identity_Verification]
DQ02079,APX1061594,Timestamp_Sequencing_Error,Critical,end before start,,Quarantine (cannot safely infer true order),sequence[Identity_Verification]
DQ02080,APX1062364,Timestamp_Sequencing_Error,Critical,end before start,,Quarantine (cannot safely infer true order),sequence[Identity_Verification]
DQ02081,APX1062368,Timestamp_Sequencing_Error,Critical,end before start,,Quarantine (cannot safely infer true order),sequence[Identity_Verification]
DQ02082,APX1062591,Timestamp_Sequencing_Error,Critical,end before start,,Quarantine (cannot safely infer true order),sequence[Identity_Verification]
DQ02083,APX1062901,Timestamp_Sequencing_Error,Critical,end before start,,Quarantine (cannot safely infer true order),sequence[Identity_Verification]
DQ02084,APX1063065,Timestamp_Sequencing_Error,Critical,end before start,,Quarantine (cannot safely infer true order),sequence[Identity_Verification]
DQ02085,APX1063381,Timestamp_Sequencing_Error,Critical,end before start,,Quarantine (cannot safely infer true order),sequence[Identity_Verification]
DQ02086,APX1064013,Timestamp_Sequencing_Error,Critical,end before start,,Quarantine (cannot safely infer true order),sequence[Identity_Verification]
DQ02087,APX1064234,Timestamp_Sequencing_Error,Critical,end before start,,Quarantine (cannot safely infer true order),sequence[Identity_Verification]
DQ02088,APX1064225,Timestamp_Sequencing_Error,Critical,end before start,,Quarantine (cannot safely infer true order),sequence[Identity_Verification]
DQ02089,APX1064396,Timestamp_Sequencing_Error,Critical,end before start,,Quarantine (cannot safely infer true order),sequence[Identity_Verification]
DQ02090,APX1064936,Timestamp_Sequencing_Error,Critical,end before start,,Quarantine (cannot safely infer true order),sequence[Identity_Verification]
DQ02091,APX1065081,Timestamp_Sequencing_Error,Critical,end before start,,Quarantine (cannot safely infer true order),sequence[Identity_Verification]
DQ02092,APX1065480,Timestamp_Sequencing_Error,Critical,end before start,,Quarantine (cannot safely infer true order),sequence[Identity_Verification]
DQ02093,APX1065584,Timestamp_Sequencing_Error,Critical,end before start,,Quarantine (cannot safely infer true order),sequence[Identity_Verification]
DQ02094,APX1066459,Timestamp_Sequencing_Error,Critical,end before start,,Quarantine (cannot safely infer true order),sequence[Identity_Verification]
DQ02095,APX1066525,Timestamp_Sequencing_Error,Critical,end before start,,Quarantine (cannot safely infer true order),sequence[Identity_Verification]
DQ02096,APX1066442,Timestamp_Sequencing_Error,Critical,end before start,,Quarantine (cannot safely infer true order),sequence[Identity_Verification]
DQ02097,APX1066778,Timestamp_Sequencing_Error,Critical,end before start,,Quarantine (cannot safely infer true order),sequence[Identity_Verification]
DQ02098,APX1067100,Timestamp_Sequencing_Error,Critical,end before start,,Quarantine (cannot safely infer true order),sequence[Identity_Verification]
DQ02099,APX1067961,Timestamp_Sequencing_Error,Critical,end before start,,Quarantine (cannot safely infer true order),sequence[Identity_Verification]
DQ02100,APX1068460,Timestamp_Sequencing_Error,Critical,end before start,,Quarantine (cannot safely infer true order),sequence[Identity_Verification]
DQ02101,APX1068552,Timestamp_Sequencing_Error,Critical,end before start,,Quarantine (cannot safely infer true order),sequence[Identity_Verification]
DQ02102,APX1068900,Timestamp_Sequencing_Error,Critical,end before start,,Quarantine (cannot safely infer true order),sequence[Identity_Verification]
DQ02103,APX1069670,Timestamp_Sequencing_Error,Critical,end before start,,Quarantine (cannot safely infer true order),sequence[Identity_Verification]
DQ02104,APX1069797,Timestamp_Sequencing_Error,Critical,end before start,,Quarantine (cannot safely infer true order),sequence[Identity_Verification]
DQ02105,APX1070158,Timestamp_Sequencing_Error,Critical,end before start,,Quarantine (cannot safely infer true order),sequence[Identity_Verification]
DQ02106,APX1070170,Timestamp_Sequencing_Error,Critical,end before start,,Quarantine (cannot safely infer true order),sequence[Identity_Verification]
DQ02107,APX1070276,Timestamp_Sequencing_Error,Critical,end before start,,Quarantine (cannot safely infer true order),sequence[Identity_Verification]
DQ02108,APX1070370,Timestamp_Sequencing_Error,Critical,end before start,,Quarantine (cannot safely infer true order),sequence[Identity_Verification]
DQ02109,APX1070460,Timestamp_Sequencing_Error,Critical,end before start,,Quarantine (cannot safely infer true order),sequence[Identity_Verification]
DQ02110,APX1070676,Timestamp_Sequencing_Error,Critical,end before start,,Quarantine (cannot safely infer true order),sequence[Identity_Verification]
DQ02111,APX1070882,Timestamp_Sequencing_Error,Critical,end before start,,Quarantine (cannot safely infer true order),sequence[Identity_Verification]
DQ02112,APX1070843,Timestamp_Sequencing_Error,Critical,end before start,,Quarantine (cannot safely infer true order),sequence[Identity_Verification]
DQ02113,APX1071641,Timestamp_Sequencing_Error,Critical,end before start,,Quarantine (cannot safely infer true order),sequence[Identity_Verification]
DQ02114,APX1072052,Timestamp_Sequencing_Error,Critical,end before start,,Quarantine (cannot safely infer true order),sequence[Identity_Verification]
DQ02115,APX1072529,Timestamp_Sequencing_Error,Critical,end before start,,Quarantine (cannot safely infer true order),sequence[Identity_Verification]
DQ02116,APX1072642,Timestamp_Sequencing_Error,Critical,end before start,,Quarantine (cannot safely infer true order),sequence[Identity_Verification]
DQ02117,APX1072669,Timestamp_Sequencing_Error,Critical,end before start,,Quarantine (cannot safely infer true order),sequence[Identity_Verification]
DQ02118,APX1072733,Timestamp_Sequencing_Error,Critical,end before start,,Quarantine (cannot safely infer true order),sequence[Identity_Verification]
DQ02119,APX1072802,Timestamp_Sequencing_Error,Critical,end before start,,Quarantine (cannot safely infer true order),sequence[Identity_Verification]
DQ02120,APX1072881,Timestamp_Sequencing_Error,Critical,end before start,,Quarantine (cannot safely infer true order),sequence[Identity_Verification]
DQ02121,APX1073137,Timestamp_Sequencing_Error,Critical,end before start,,Quarantine (cannot safely infer true order),sequence[Identity_Verification]
DQ02122,APX1073260,Timestamp_Sequencing_Error,Critical,end before start,,Quarantine (cannot safely infer true order),sequence[Identity_Verification]
DQ02123,APX1073783,Timestamp_Sequencing_Error,Critical,end before start,,Quarantine (cannot safely infer true order),sequence[Identity_Verification]
DQ02124,APX1073874,Timestamp_Sequencing_Error,Critical,end before start,,Quarantine (cannot safely infer true order),sequence[Identity_Verification]
DQ02125,APX1074344,Timestamp_Sequencing_Error,Critical,end before start,,Quarantine (cannot safely infer true order),sequence[Identity_Verification]
DQ02126,APX1074748,Timestamp_Sequencing_Error,Critical,end before start,,Quarantine (cannot safely infer true order),sequence[Identity_Verification]
DQ02127,APX1074803,Timestamp_Sequencing_Error,Critical,end before start,,Quarantine (cannot safely infer true order),sequence[Identity_Verification]
DQ02128,APX1075056,Timestamp_Sequencing_Error,Critical,end before start,,Quarantine (cannot safely infer true order),sequence[Identity_Verification]
DQ02129,APX1075454,Timestamp_Sequencing_Error,Critical,end before start,,Quarantine (cannot safely infer true order),sequence[Identity_Verification]
DQ02130,APX1075452,Timestamp_Sequencing_Error,Critical,end before start,,Quarantine (cannot safely infer true order),sequence[Identity_Verification]
DQ02131,APX1075667,Timestamp_Sequencing_Error,Critical,end before start,,Quarantine (cannot safely infer true order),sequence[Identity_Verification]
DQ02132,APX1075948,Timestamp_Sequencing_Error,Critical,end before start,,Quarantine (cannot safely infer true order),sequence[Identity_Verification]
DQ02133,APX1076886,Timestamp_Sequencing_Error,Critical,end before start,,Quarantine (cannot safely infer true order),sequence[Identity_Verification]
DQ02134,APX1077386,Timestamp_Sequencing_Error,Critical,end before start,,Quarantine (cannot safely infer true order),sequence[Identity_Verification]
DQ02135,APX1077848,Timestamp_Sequencing_Error,Critical,end before start,,Quarantine (cannot safely infer true order),sequence[Identity_Verification]
DQ02136,APX1078144,Timestamp_Sequencing_Error,Critical,end before start,,Quarantine (cannot safely infer true order),sequence[Identity_Verification]
DQ02137,APX1078149,Timestamp_Sequencing_Error,Critical,end before start,,Quarantine (cannot safely infer true order),sequence[Identity_Verification]
DQ02138,APX1078006,Timestamp_Sequencing_Error,Critical,end before start,,Quarantine (cannot safely infer true order),sequence[Identity_Verification]
DQ02139,APX1078472,Timestamp_Sequencing_Error,Critical,end before start,,Quarantine (cannot safely infer true order),sequence[Identity_Verification]
DQ02140,APX1078449,Timestamp_Sequencing_Error,Critical,end before start,,Quarantine (cannot safely infer true order),sequence[Identity_Verification]
DQ02141,APX1078782,Timestamp_Sequencing_Error,Critical,end before start,,Quarantine (cannot safely infer true order),sequence[Identity_Verification]
DQ02142,APX1078923,Timestamp_Sequencing_Error,Critical,end before start,,Quarantine (cannot safely infer true order),sequence[Identity_Verification]
DQ02143,APX1079472,Timestamp_Sequencing_Error,Critical,end before start,,Quarantine (cannot safely infer true order),sequence[Identity_Verification]
DQ02144,APX1079555,Timestamp_Sequencing_Error,Critical,end before start,,Quarantine (cannot safely infer true order),sequence[Identity_Verification]
DQ02145,APX1079879,Timestamp_Sequencing_Error,Critical,end before start,,Quarantine (cannot safely infer true order),sequence[Identity_Verification]
DQ02146,APX1080200,Timestamp_Sequencing_Error,Critical,end before start,,Quarantine (cannot safely infer true order),sequence[Identity_Verification]
DQ02147,APX1080156,Timestamp_Sequencing_Error,Critical,end before start,,Quarantine (cannot safely infer true order),sequence[Identity_Verification]
DQ02148,APX1080278,Timestamp_Sequencing_Error,Critical,end before start,,Quarantine (cannot safely infer true order),sequence[Identity_Verification]
DQ02149,APX1080690,Timestamp_Sequencing_Error,Critical,end before start,,Quarantine (cannot safely infer true order),sequence[Identity_Verification]
DQ02150,APX1081042,Timestamp_Sequencing_Error,Critical,end before start,,Quarantine (cannot safely infer true order),sequence[Identity_Verification]
DQ02151,APX1082313,Timestamp_Sequencing_Error,Critical,end before start,,Quarantine (cannot safely infer true order),sequence[Identity_Verification]
DQ02152,APX1083740,Timestamp_Sequencing_Error,Critical,end before start,,Quarantine (cannot safely infer true order),sequence[Identity_Verification]
DQ02153,APX1084050,Timestamp_Sequencing_Error,Critical,end before start,,Quarantine (cannot safely infer true order),sequence[Identity_Verification]
DQ02154,APX1085076,Timestamp_Sequencing_Error,Critical,end before start,,Quarantine (cannot safely infer true order),sequence[Identity_Verification]
DQ02155,APX1085112,Timestamp_Sequencing_Error,Critical,end before start,,Quarantine (cannot safely infer true order),sequence[Identity_Verification]
DQ02156,APX1085271,Timestamp_Sequencing_Error,Critical,end before start,,Quarantine (cannot safely infer true order),sequence[Identity_Verification]
DQ02157,APX1085637,Timestamp_Sequencing_Error,Critical,end before start,,Quarantine (cannot safely infer true order),sequence[Identity_Verification]
DQ02158,APX1085703,Timestamp_Sequencing_Error,Critical,end before start,,Quarantine (cannot safely infer true order),sequence[Identity_Verification]
DQ02159,APX1086141,Timestamp_Sequencing_Error,Critical,end before start,,Quarantine (cannot safely infer true order),sequence[Identity_Verification]
DQ02160,APX1086491,Timestamp_Sequencing_Error,Critical,end before start,,Quarantine (cannot safely infer true order),sequence[Identity_Verification]
DQ02161,APX1086423,Timestamp_Sequencing_Error,Critical,end before start,,Quarantine (cannot safely infer true order),sequence[Identity_Verification]
DQ02162,APX1086690,Timestamp_Sequencing_Error,Critical,end before start,,Quarantine (cannot safely infer true order),sequence[Identity_Verification]
DQ02163,APX1086629,Timestamp_Sequencing_Error,Critical,end before start,,Quarantine (cannot safely infer true order),sequence[Identity_Verification]
DQ02164,APX1087631,Timestamp_Sequencing_Error,Critical,end before start,,Quarantine (cannot safely infer true order),sequence[Identity_Verification]
DQ02165,APX1088253,Timestamp_Sequencing_Error,Critical,end before start,,Quarantine (cannot safely infer true order),sequence[Identity_Verification]
DQ02166,APX1088368,Timestamp_Sequencing_Error,Critical,end before start,,Quarantine (cannot safely infer true order),sequence[Identity_Verification]
DQ02167,APX1088513,Timestamp_Sequencing_Error,Critical,end before start,,Quarantine (cannot safely infer true order),sequence[Identity_Verification]
DQ02168,APX1089456,Timestamp_Sequencing_Error,Critical,end before start,,Quarantine (cannot safely infer true order),sequence[Identity_Verification]
DQ02169,APX1089435,Timestamp_Sequencing_Error,Critical,end before start,,Quarantine (cannot safely infer true order),sequence[Identity_Verification]
DQ02170,APX1090029,Timestamp_Sequencing_Error,Critical,end before start,,Quarantine (cannot safely infer true order),sequence[Identity_Verification]
DQ02171,APX1090096,Timestamp_Sequencing_Error,Critical,end before start,,Quarantine (cannot safely infer true order),sequence[Identity_Verification]
DQ02172,APX1090248,Timestamp_Sequencing_Error,Critical,end before start,,Quarantine (cannot safely infer true order),sequence[Identity_Verification]
DQ02173,APX1090484,Timestamp_Sequencing_Error,Critical,end before start,,Quarantine (cannot safely infer true order),sequence[Identity_Verification]
DQ02174,APX1090683,Timestamp_Sequencing_Error,Critical,end before start,,Quarantine (cannot safely infer true order),sequence[Identity_Verification]
DQ02175,APX1090718,Timestamp_Sequencing_Error,Critical,end before start,,Quarantine (cannot safely infer true order),sequence[Identity_Verification]
DQ02176,APX1091379,Timestamp_Sequencing_Error,Critical,end before start,,Quarantine (cannot safely infer true order),sequence[Identity_Verification]
DQ02177,APX1091743,Timestamp_Sequencing_Error,Critical,end before start,,Quarantine (cannot safely infer true order),sequence[Identity_Verification]
DQ02178,APX1092154,Timestamp_Sequencing_Error,Critical,end before start,,Quarantine (cannot safely infer true order),sequence[Identity_Verification]
DQ02179,APX1092401,Timestamp_Sequencing_Error,Critical,end before start,,Quarantine (cannot safely infer true order),sequence[Identity_Verification]
DQ02180,APX1092398,Timestamp_Sequencing_Error,Critical,end before start,,Quarantine (cannot safely infer true order),sequence[Identity_Verification]
DQ02181,APX1092645,Timestamp_Sequencing_Error,Critical,end before start,,Quarantine (cannot safely infer true order),sequence[Identity_Verification]
DQ02182,APX1093097,Timestamp_Sequencing_Error,Critical,end before start,,Quarantine (cannot safely infer true order),sequence[Identity_Verification]
DQ02183,APX1093118,Timestamp_Sequencing_Error,Critical,end before start,,Quarantine (cannot safely infer true order),sequence[Identity_Verification]
DQ02184,APX1093323,Timestamp_Sequencing_Error,Critical,end before start,,Quarantine (cannot safely infer true order),sequence[Identity_Verification]
DQ02185,APX1093874,Timestamp_Sequencing_Error,Critical,end before start,,Quarantine (cannot safely infer true order),sequence[Identity_Verification]
DQ02186,APX1095328,Timestamp_Sequencing_Error,Critical,end before start,,Quarantine (cannot safely infer true order),sequence[Identity_Verification]
DQ02187,APX1095886,Timestamp_Sequencing_Error,Critical,end before start,,Quarantine (cannot safely infer true order),sequence[Identity_Verification]
DQ02188,APX1095831,Timestamp_Sequencing_Error,Critical,end before start,,Quarantine (cannot safely infer true order),sequence[Identity_Verification]
DQ02189,APX1096411,Timestamp_Sequencing_Error,Critical,end before start,,Quarantine (cannot safely infer true order),sequence[Identity_Verification]
DQ02190,APX1096694,Timestamp_Sequencing_Error,Critical,end before start,,Quarantine (cannot safely infer true order),sequence[Identity_Verification]
DQ02191,APX1097050,Timestamp_Sequencing_Error,Critical,end before start,,Quarantine (cannot safely infer true order),sequence[Identity_Verification]
DQ02192,APX1097225,Timestamp_Sequencing_Error,Critical,end before start,,Quarantine (cannot safely infer true order),sequence[Identity_Verification]
DQ02193,APX1097648,Timestamp_Sequencing_Error,Critical,end before start,,Quarantine (cannot safely infer true order),sequence[Identity_Verification]
DQ02194,APX1097959,Timestamp_Sequencing_Error,Critical,end before start,,Quarantine (cannot safely infer true order),sequence[Identity_Verification]
DQ02195,APX1098508,Timestamp_Sequencing_Error,Critical,end before start,,Quarantine (cannot safely infer true order),sequence[Identity_Verification]
DQ02196,APX1098863,Timestamp_Sequencing_Error,Critical,end before start,,Quarantine (cannot safely infer true order),sequence[Identity_Verification]
DQ02197,APX1098888,Timestamp_Sequencing_Error,Critical,end before start,,Quarantine (cannot safely infer true order),sequence[Identity_Verification]
DQ02198,APX1099445,Timestamp_Sequencing_Error,Critical,end before start,,Quarantine (cannot safely infer true order),sequence[Identity_Verification]
DQ02199,APX1099415,Timestamp_Sequencing_Error,Critical,end before start,,Quarantine (cannot safely infer true order),sequence[Identity_Verification]
DQ02200,APX1099468,Timestamp_Sequencing_Error,Critical,end before start,,Quarantine (cannot safely infer true order),sequence[Identity_Verification]
DQ02201,APX1000307,Incorrect_Capitalization,Low,BRANCH,Branch,Correct: canonical casing,format[Channel]
DQ02202,APX1001114,Incorrect_Capitalization,Low,CALL CENTRE,Call Centre,Correct: canonical casing,format[Channel]
DQ02203,APX1001982,Incorrect_Capitalization,Low,DIGITAL APP,Digital App,Correct: canonical casing,format[Channel]
DQ02204,APX1002614,Incorrect_Capitalization,Low,DIGITAL APP,Digital App,Correct: canonical casing,format[Channel]
DQ02205,APX1003957,Incorrect_Capitalization,Low,DIGITAL APP,Digital App,Correct: canonical casing,format[Channel]
DQ02206,APX1004604,Incorrect_Capitalization,Low,DIGITAL APP,Digital App,Correct: canonical casing,format[Channel]
DQ02207,APX1005436,Incorrect_Capitalization,Low,BROKER REFERRAL,Broker Referral,Correct: canonical casing,format[Channel]
DQ02208,APX1006025,Incorrect_Capitalization,Low,DIGITAL APP,Digital App,Correct: canonical casing,format[Channel]
DQ02209,APX1006795,Incorrect_Capitalization,Low,BRANCH,Branch,Correct: canonical casing,format[Channel]
DQ02210,APX1007341,Incorrect_Capitalization,Low,BRANCH,Branch,Correct: canonical casing,format[Channel]
DQ02211,APX1010005,Incorrect_Capitalization,Low,BRANCH,Branch,Correct: canonical casing,format[Channel]
DQ02212,APX1012069,Incorrect_Capitalization,Low,CALL CENTRE,Call Centre,Correct: canonical casing,format[Channel]
DQ02213,APX1013915,Incorrect_Capitalization,Low,DIGITAL APP,Digital App,Correct: canonical casing,format[Channel]
DQ02214,APX1014208,Incorrect_Capitalization,Low,DIGITAL APP,Digital App,Correct: canonical casing,format[Channel]
DQ02215,APX1017120,Incorrect_Capitalization,Low,BRANCH,Branch,Correct: canonical casing,format[Channel]
DQ02216,APX1019150,Incorrect_Capitalization,Low,BRANCH,Branch,Correct: canonical casing,format[Channel]
DQ02217,APX1020355,Incorrect_Capitalization,Low,BRANCH,Branch,Correct: canonical casing,format[Channel]
DQ02218,APX1020332,Incorrect_Capitalization,Low,CALL CENTRE,Call Centre,Correct: canonical casing,format[Channel]
DQ02219,APX1020521,Incorrect_Capitalization,Low,DIGITAL APP,Digital App,Correct: canonical casing,format[Channel]
DQ02220,APX1022078,Incorrect_Capitalization,Low,DIGITAL APP,Digital App,Correct: canonical casing,format[Channel]
DQ02221,APX1022242,Incorrect_Capitalization,Low,BRANCH,Branch,Correct: canonical casing,format[Channel]
DQ02222,APX1023297,Incorrect_Capitalization,Low,DIGITAL APP,Digital App,Correct: canonical casing,format[Channel]
DQ02223,APX1026265,Incorrect_Capitalization,Low,DIGITAL APP,Digital App,Correct: canonical casing,format[Channel]
DQ02224,APX1028936,Incorrect_Capitalization,Low,BRANCH,Branch,Correct: canonical casing,format[Channel]
DQ02225,APX1029979,Incorrect_Capitalization,Low,DIGITAL APP,Digital App,Correct: canonical casing,format[Channel]
DQ02226,APX1032012,Incorrect_Capitalization,Low,DIGITAL APP,Digital App,Correct: canonical casing,format[Channel]
DQ02227,APX1032242,Incorrect_Capitalization,Low,BRANCH,Branch,Correct: canonical casing,format[Channel]
DQ02228,APX1033074,Incorrect_Capitalization,Low,BRANCH,Branch,Correct: canonical casing,format[Channel]
DQ02229,APX1040006,Incorrect_Capitalization,Low,DIGITAL APP,Digital App,Correct: canonical casing,format[Channel]
DQ02230,APX1040137,Incorrect_Capitalization,Low,DIGITAL APP,Digital App,Correct: canonical casing,format[Channel]
DQ02231,APX1041098,Incorrect_Capitalization,Low,BRANCH,Branch,Correct: canonical casing,format[Channel]
DQ02232,APX1041813,Incorrect_Capitalization,Low,CALL CENTRE,Call Centre,Correct: canonical casing,format[Channel]
DQ02233,APX1044443,Incorrect_Capitalization,Low,BRANCH,Branch,Correct: canonical casing,format[Channel]
DQ02234,APX1044976,Incorrect_Capitalization,Low,BRANCH,Branch,Correct: canonical casing,format[Channel]
DQ02235,APX1045641,Incorrect_Capitalization,Low,CALL CENTRE,Call Centre,Correct: canonical casing,format[Channel]
DQ02236,APX1047042,Incorrect_Capitalization,Low,CALL CENTRE,Call Centre,Correct: canonical casing,format[Channel]
DQ02237,APX1048050,Incorrect_Capitalization,Low,CALL CENTRE,Call Centre,Correct: canonical casing,format[Channel]
DQ02238,APX1051976,Incorrect_Capitalization,Low,DIGITAL APP,Digital App,Correct: canonical casing,format[Channel]
DQ02239,APX1053259,Incorrect_Capitalization,Low,DIGITAL APP,Digital App,Correct: canonical casing,format[Channel]
DQ02240,APX1054456,Incorrect_Capitalization,Low,DIGITAL APP,Digital App,Correct: canonical casing,format[Channel]
DQ02241,APX1054468,Incorrect_Capitalization,Low,DIGITAL APP,Digital App,Correct: canonical casing,format[Channel]
DQ02242,APX1054811,Incorrect_Capitalization,Low,DIGITAL APP,Digital App,Correct: canonical casing,format[Channel]
DQ02243,APX1059281,Incorrect_Capitalization,Low,BROKER REFERRAL,Broker Referral,Correct: canonical casing,format[Channel]
DQ02244,APX1059628,Incorrect_Capitalization,Low,BRANCH,Branch,Correct: canonical casing,format[Channel]
DQ02245,APX1060758,Incorrect_Capitalization,Low,DIGITAL APP,Digital App,Correct: canonical casing,format[Channel]
DQ02246,APX1062130,Incorrect_Capitalization,Low,DIGITAL APP,Digital App,Correct: canonical casing,format[Channel]
DQ02247,APX1062217,Incorrect_Capitalization,Low,DIGITAL APP,Digital App,Correct: canonical casing,format[Channel]
DQ02248,APX1063670,Incorrect_Capitalization,Low,DIGITAL APP,Digital App,Correct: canonical casing,format[Channel]
DQ02249,APX1064079,Incorrect_Capitalization,Low,BRANCH,Branch,Correct: canonical casing,format[Channel]
DQ02250,APX1065067,Incorrect_Capitalization,Low,DIGITAL APP,Digital App,Correct: canonical casing,format[Channel]
DQ02251,APX1068165,Incorrect_Capitalization,Low,BRANCH,Branch,Correct: canonical casing,format[Channel]
DQ02252,APX1068693,Incorrect_Capitalization,Low,DIGITAL APP,Digital App,Correct: canonical casing,format[Channel]
DQ02253,APX1069422,Incorrect_Capitalization,Low,BRANCH,Branch,Correct: canonical casing,format[Channel]
DQ02254,APX1070167,Incorrect_Capitalization,Low,DIGITAL APP,Digital App,Correct: canonical casing,format[Channel]
DQ02255,APX1070435,Incorrect_Capitalization,Low,BRANCH,Branch,Correct: canonical casing,format[Channel]
DQ02256,APX1072019,Incorrect_Capitalization,Low,DIGITAL APP,Digital App,Correct: canonical casing,format[Channel]
DQ02257,APX1073099,Incorrect_Capitalization,Low,DIGITAL APP,Digital App,Correct: canonical casing,format[Channel]
DQ02258,APX1074708,Incorrect_Capitalization,Low,DIGITAL APP,Digital App,Correct: canonical casing,format[Channel]
DQ02259,APX1079252,Incorrect_Capitalization,Low,DIGITAL APP,Digital App,Correct: canonical casing,format[Channel]
DQ02260,APX1080126,Incorrect_Capitalization,Low,DIGITAL APP,Digital App,Correct: canonical casing,format[Channel]
DQ02261,APX1080397,Incorrect_Capitalization,Low,DIGITAL APP,Digital App,Correct: canonical casing,format[Channel]
DQ02262,APX1080620,Incorrect_Capitalization,Low,BRANCH,Branch,Correct: canonical casing,format[Channel]
DQ02263,APX1081195,Incorrect_Capitalization,Low,DIGITAL APP,Digital App,Correct: canonical casing,format[Channel]
DQ02264,APX1083711,Incorrect_Capitalization,Low,DIGITAL APP,Digital App,Correct: canonical casing,format[Channel]
DQ02265,APX1088342,Incorrect_Capitalization,Low,DIGITAL APP,Digital App,Correct: canonical casing,format[Channel]
DQ02266,APX1089189,Incorrect_Capitalization,Low,CALL CENTRE,Call Centre,Correct: canonical casing,format[Channel]
DQ02267,APX1090734,Incorrect_Capitalization,Low,DIGITAL APP,Digital App,Correct: canonical casing,format[Channel]
DQ02268,APX1092188,Incorrect_Capitalization,Low,DIGITAL APP,Digital App,Correct: canonical casing,format[Channel]
DQ02269,APX1093305,Incorrect_Capitalization,Low,DIGITAL APP,Digital App,Correct: canonical casing,format[Channel]
DQ02270,APX1000192,Incorrect_Capitalization,Low,CENTRAL,Central,Correct: canonical casing,format[Region]
DQ02271,APX1001089,Incorrect_Capitalization,Low,NORTHERN,Northern,Correct: canonical casing,format[Region]
DQ02272,APX1003333,Incorrect_Capitalization,Low,CENTRAL,Central,Correct: canonical casing,format[Region]
DQ02273,APX1003305,Incorrect_Capitalization,Low,CENTRAL,Central,Correct: canonical casing,format[Region]
DQ02274,APX1007979,Incorrect_Capitalization,Low,WESTERN,Western,Correct: canonical casing,format[Region]
DQ02275,APX1008559,Incorrect_Capitalization,Low,EASTERN,Eastern,Correct: canonical casing,format[Region]
DQ02276,APX1011901,Incorrect_Capitalization,Low,NORTHERN,Northern,Correct: canonical casing,format[Region]
DQ02277,APX1012093,Incorrect_Capitalization,Low,SOUTHERN,Southern,Correct: canonical casing,format[Region]
DQ02278,APX1013175,Incorrect_Capitalization,Low,NORTHERN,Northern,Correct: canonical casing,format[Region]
DQ02279,APX1019505,Incorrect_Capitalization,Low,CENTRAL,Central,Correct: canonical casing,format[Region]
DQ02280,APX1019424,Incorrect_Capitalization,Low,CENTRAL,Central,Correct: canonical casing,format[Region]
DQ02281,APX1019399,Incorrect_Capitalization,Low,SOUTHERN,Southern,Correct: canonical casing,format[Region]
DQ02282,APX1019438,Incorrect_Capitalization,Low,SOUTHERN,Southern,Correct: canonical casing,format[Region]
DQ02283,APX1019674,Incorrect_Capitalization,Low,CENTRAL,Central,Correct: canonical casing,format[Region]
DQ02284,APX1019749,Incorrect_Capitalization,Low,WESTERN,Western,Correct: canonical casing,format[Region]
DQ02285,APX1020256,Incorrect_Capitalization,Low,CENTRAL,Central,Correct: canonical casing,format[Region]
DQ02286,APX1021973,Incorrect_Capitalization,Low,EASTERN,Eastern,Correct: canonical casing,format[Region]
DQ02287,APX1023454,Incorrect_Capitalization,Low,SOUTHERN,Southern,Correct: canonical casing,format[Region]
DQ02288,APX1024548,Incorrect_Capitalization,Low,WESTERN,Western,Correct: canonical casing,format[Region]
DQ02289,APX1026631,Incorrect_Capitalization,Low,CENTRAL,Central,Correct: canonical casing,format[Region]
DQ02290,APX1026790,Incorrect_Capitalization,Low,WESTERN,Western,Correct: canonical casing,format[Region]
DQ02291,APX1027006,Incorrect_Capitalization,Low,CENTRAL,Central,Correct: canonical casing,format[Region]
DQ02292,APX1027052,Incorrect_Capitalization,Low,EASTERN,Eastern,Correct: canonical casing,format[Region]
DQ02293,APX1027533,Incorrect_Capitalization,Low,NORTHERN,Northern,Correct: canonical casing,format[Region]
DQ02294,APX1029022,Incorrect_Capitalization,Low,SOUTHERN,Southern,Correct: canonical casing,format[Region]
DQ02295,APX1030800,Incorrect_Capitalization,Low,SOUTHERN,Southern,Correct: canonical casing,format[Region]
DQ02296,APX1031606,Incorrect_Capitalization,Low,NORTHERN,Northern,Correct: canonical casing,format[Region]
DQ02297,APX1032081,Incorrect_Capitalization,Low,CENTRAL,Central,Correct: canonical casing,format[Region]
DQ02298,APX1036184,Incorrect_Capitalization,Low,CENTRAL,Central,Correct: canonical casing,format[Region]
DQ02299,APX1036269,Incorrect_Capitalization,Low,NORTHERN,Northern,Correct: canonical casing,format[Region]
DQ02300,APX1039484,Incorrect_Capitalization,Low,CENTRAL,Central,Correct: canonical casing,format[Region]
DQ02301,APX1040114,Incorrect_Capitalization,Low,EASTERN,Eastern,Correct: canonical casing,format[Region]
DQ02302,APX1040804,Incorrect_Capitalization,Low,CENTRAL,Central,Correct: canonical casing,format[Region]
DQ02303,APX1041757,Incorrect_Capitalization,Low,CENTRAL,Central,Correct: canonical casing,format[Region]
DQ02304,APX1042092,Incorrect_Capitalization,Low,WESTERN,Western,Correct: canonical casing,format[Region]
DQ02305,APX1043349,Incorrect_Capitalization,Low,EASTERN,Eastern,Correct: canonical casing,format[Region]
DQ02306,APX1045780,Incorrect_Capitalization,Low,CENTRAL,Central,Correct: canonical casing,format[Region]
DQ02307,APX1046861,Incorrect_Capitalization,Low,NORTHERN,Northern,Correct: canonical casing,format[Region]
DQ02308,APX1047732,Incorrect_Capitalization,Low,EASTERN,Eastern,Correct: canonical casing,format[Region]
DQ02309,APX1048275,Incorrect_Capitalization,Low,NORTHERN,Northern,Correct: canonical casing,format[Region]
DQ02310,APX1050592,Incorrect_Capitalization,Low,CENTRAL,Central,Correct: canonical casing,format[Region]
DQ02311,APX1051121,Incorrect_Capitalization,Low,EASTERN,Eastern,Correct: canonical casing,format[Region]
DQ02312,APX1052351,Incorrect_Capitalization,Low,WESTERN,Western,Correct: canonical casing,format[Region]
DQ02313,APX1052497,Incorrect_Capitalization,Low,WESTERN,Western,Correct: canonical casing,format[Region]
DQ02314,APX1053188,Incorrect_Capitalization,Low,CENTRAL,Central,Correct: canonical casing,format[Region]
DQ02315,APX1054166,Incorrect_Capitalization,Low,NORTHERN,Northern,Correct: canonical casing,format[Region]
DQ02316,APX1056219,Incorrect_Capitalization,Low,SOUTHERN,Southern,Correct: canonical casing,format[Region]
DQ02317,APX1056215,Incorrect_Capitalization,Low,WESTERN,Western,Correct: canonical casing,format[Region]
DQ02318,APX1059568,Incorrect_Capitalization,Low,CENTRAL,Central,Correct: canonical casing,format[Region]
DQ02319,APX1060055,Incorrect_Capitalization,Low,WESTERN,Western,Correct: canonical casing,format[Region]
DQ02320,APX1062123,Incorrect_Capitalization,Low,SOUTHERN,Southern,Correct: canonical casing,format[Region]
DQ02321,APX1062559,Incorrect_Capitalization,Low,SOUTHERN,Southern,Correct: canonical casing,format[Region]
DQ02322,APX1065457,Incorrect_Capitalization,Low,SOUTHERN,Southern,Correct: canonical casing,format[Region]
DQ02323,APX1067330,Incorrect_Capitalization,Low,SOUTHERN,Southern,Correct: canonical casing,format[Region]
DQ02324,APX1069751,Incorrect_Capitalization,Low,EASTERN,Eastern,Correct: canonical casing,format[Region]
DQ02325,APX1070094,Incorrect_Capitalization,Low,NORTHERN,Northern,Correct: canonical casing,format[Region]
DQ02326,APX1071439,Incorrect_Capitalization,Low,SOUTHERN,Southern,Correct: canonical casing,format[Region]
DQ02327,APX1072909,Incorrect_Capitalization,Low,NORTHERN,Northern,Correct: canonical casing,format[Region]
DQ02328,APX1072907,Incorrect_Capitalization,Low,WESTERN,Western,Correct: canonical casing,format[Region]
DQ02329,APX1075488,Incorrect_Capitalization,Low,EASTERN,Eastern,Correct: canonical casing,format[Region]
DQ02330,APX1075618,Incorrect_Capitalization,Low,SOUTHERN,Southern,Correct: canonical casing,format[Region]
DQ02331,APX1076051,Incorrect_Capitalization,Low,EASTERN,Eastern,Correct: canonical casing,format[Region]
DQ02332,APX1079740,Incorrect_Capitalization,Low,WESTERN,Western,Correct: canonical casing,format[Region]
DQ02333,APX1081520,Incorrect_Capitalization,Low,WESTERN,Western,Correct: canonical casing,format[Region]
DQ02334,APX1082189,Incorrect_Capitalization,Low,CENTRAL,Central,Correct: canonical casing,format[Region]
DQ02335,APX1082204,Incorrect_Capitalization,Low,SOUTHERN,Southern,Correct: canonical casing,format[Region]
DQ02336,APX1082992,Incorrect_Capitalization,Low,CENTRAL,Central,Correct: canonical casing,format[Region]
DQ02337,APX1086024,Incorrect_Capitalization,Low,EASTERN,Eastern,Correct: canonical casing,format[Region]
DQ02338,APX1086667,Incorrect_Capitalization,Low,CENTRAL,Central,Correct: canonical casing,format[Region]
DQ02339,APX1086588,Incorrect_Capitalization,Low,WESTERN,Western,Correct: canonical casing,format[Region]
DQ02340,APX1087267,Incorrect_Capitalization,Low,SOUTHERN,Southern,Correct: canonical casing,format[Region]
DQ02341,APX1087490,Incorrect_Capitalization,Low,CENTRAL,Central,Correct: canonical casing,format[Region]
DQ02342,APX1088739,Incorrect_Capitalization,Low,EASTERN,Eastern,Correct: canonical casing,format[Region]
DQ02343,APX1092329,Incorrect_Capitalization,Low,EASTERN,Eastern,Correct: canonical casing,format[Region]
DQ02344,APX1093072,Incorrect_Capitalization,Low,NORTHERN,Northern,Correct: canonical casing,format[Region]
DQ02345,APX1094222,Incorrect_Capitalization,Low,CENTRAL,Central,Correct: canonical casing,format[Region]
DQ02346,APX1095243,Incorrect_Capitalization,Low,WESTERN,Western,Correct: canonical casing,format[Region]
DQ02347,APX1095767,Incorrect_Capitalization,Low,EASTERN,Eastern,Correct: canonical casing,format[Region]
DQ02348,APX1098809,Incorrect_Capitalization,Low,SOUTHERN,Southern,Correct: canonical casing,format[Region]
DQ02349,APX1099147,Incorrect_Capitalization,Low,NORTHERN,Northern,Correct: canonical casing,format[Region]
DQ02350,APX1099477,Incorrect_Capitalization,Low,WESTERN,Western,Correct: canonical casing,format[Region]
DQ02351,APX1000629,Incorrect_Capitalization,Low,CREDIT CARD,Credit Card,Correct: canonical casing,format[Product_Type]
DQ02352,APX1001176,Incorrect_Capitalization,Low,TRANSACTIONAL ACCOUNT,Transactional Account,Correct: canonical casing,format[Product_Type]
DQ02353,APX1005131,Incorrect_Capitalization,Low,SAVINGS ACCOUNT,Savings Account,Correct: canonical casing,format[Product_Type]
DQ02354,APX1009853,Incorrect_Capitalization,Low,PERSONAL LOAN,Personal Loan,Correct: canonical casing,format[Product_Type]
DQ02355,APX1011490,Incorrect_Capitalization,Low,BUSINESS ACCOUNT,Business Account,Correct: canonical casing,format[Product_Type]
DQ02356,APX1013932,Incorrect_Capitalization,Low,TRANSACTIONAL ACCOUNT,Transactional Account,Correct: canonical casing,format[Product_Type]
DQ02357,APX1015536,Incorrect_Capitalization,Low,TRANSACTIONAL ACCOUNT,Transactional Account,Correct: canonical casing,format[Product_Type]
DQ02358,APX1015730,Incorrect_Capitalization,Low,TRANSACTIONAL ACCOUNT,Transactional Account,Correct: canonical casing,format[Product_Type]
DQ02359,APX1017326,Incorrect_Capitalization,Low,TRANSACTIONAL ACCOUNT,Transactional Account,Correct: canonical casing,format[Product_Type]
DQ02360,APX1018764,Incorrect_Capitalization,Low,TRANSACTIONAL ACCOUNT,Transactional Account,Correct: canonical casing,format[Product_Type]
DQ02361,APX1019964,Incorrect_Capitalization,Low,PERSONAL LOAN,Personal Loan,Correct: canonical casing,format[Product_Type]
DQ02362,APX1022469,Incorrect_Capitalization,Low,BUSINESS ACCOUNT,Business Account,Correct: canonical casing,format[Product_Type]
DQ02363,APX1023003,Incorrect_Capitalization,Low,TRANSACTIONAL ACCOUNT,Transactional Account,Correct: canonical casing,format[Product_Type]
DQ02364,APX1023390,Incorrect_Capitalization,Low,CREDIT CARD,Credit Card,Correct: canonical casing,format[Product_Type]
DQ02365,APX1023980,Incorrect_Capitalization,Low,CREDIT CARD,Credit Card,Correct: canonical casing,format[Product_Type]
DQ02366,APX1025407,Incorrect_Capitalization,Low,CREDIT CARD,Credit Card,Correct: canonical casing,format[Product_Type]
DQ02367,APX1025497,Incorrect_Capitalization,Low,SAVINGS ACCOUNT,Savings Account,Correct: canonical casing,format[Product_Type]
DQ02368,APX1025711,Incorrect_Capitalization,Low,CREDIT CARD,Credit Card,Correct: canonical casing,format[Product_Type]
DQ02369,APX1025969,Incorrect_Capitalization,Low,CREDIT CARD,Credit Card,Correct: canonical casing,format[Product_Type]
DQ02370,APX1027567,Incorrect_Capitalization,Low,SAVINGS ACCOUNT,Savings Account,Correct: canonical casing,format[Product_Type]
DQ02371,APX1030701,Incorrect_Capitalization,Low,TRANSACTIONAL ACCOUNT,Transactional Account,Correct: canonical casing,format[Product_Type]
DQ02372,APX1031252,Incorrect_Capitalization,Low,SAVINGS ACCOUNT,Savings Account,Correct: canonical casing,format[Product_Type]
DQ02373,APX1031783,Incorrect_Capitalization,Low,PERSONAL LOAN,Personal Loan,Correct: canonical casing,format[Product_Type]
DQ02374,APX1033656,Incorrect_Capitalization,Low,CREDIT CARD,Credit Card,Correct: canonical casing,format[Product_Type]
DQ02375,APX1034095,Incorrect_Capitalization,Low,TRANSACTIONAL ACCOUNT,Transactional Account,Correct: canonical casing,format[Product_Type]
DQ02376,APX1041389,Incorrect_Capitalization,Low,PERSONAL LOAN,Personal Loan,Correct: canonical casing,format[Product_Type]
DQ02377,APX1043306,Incorrect_Capitalization,Low,CREDIT CARD,Credit Card,Correct: canonical casing,format[Product_Type]
DQ02378,APX1043430,Incorrect_Capitalization,Low,TRANSACTIONAL ACCOUNT,Transactional Account,Correct: canonical casing,format[Product_Type]
DQ02379,APX1043676,Incorrect_Capitalization,Low,PERSONAL LOAN,Personal Loan,Correct: canonical casing,format[Product_Type]
DQ02380,APX1045527,Incorrect_Capitalization,Low,SAVINGS ACCOUNT,Savings Account,Correct: canonical casing,format[Product_Type]
DQ02381,APX1045761,Incorrect_Capitalization,Low,BUSINESS ACCOUNT,Business Account,Correct: canonical casing,format[Product_Type]
DQ02382,APX1046904,Incorrect_Capitalization,Low,BUSINESS ACCOUNT,Business Account,Correct: canonical casing,format[Product_Type]
DQ02383,APX1048674,Incorrect_Capitalization,Low,PERSONAL LOAN,Personal Loan,Correct: canonical casing,format[Product_Type]
DQ02384,APX1048676,Incorrect_Capitalization,Low,CREDIT CARD,Credit Card,Correct: canonical casing,format[Product_Type]
DQ02385,APX1048649,Incorrect_Capitalization,Low,CREDIT CARD,Credit Card,Correct: canonical casing,format[Product_Type]
DQ02386,APX1049754,Incorrect_Capitalization,Low,TRANSACTIONAL ACCOUNT,Transactional Account,Correct: canonical casing,format[Product_Type]
DQ02387,APX1050923,Incorrect_Capitalization,Low,TRANSACTIONAL ACCOUNT,Transactional Account,Correct: canonical casing,format[Product_Type]
DQ02388,APX1051772,Incorrect_Capitalization,Low,PERSONAL LOAN,Personal Loan,Correct: canonical casing,format[Product_Type]
DQ02389,APX1056672,Incorrect_Capitalization,Low,SAVINGS ACCOUNT,Savings Account,Correct: canonical casing,format[Product_Type]
DQ02390,APX1056906,Incorrect_Capitalization,Low,TRANSACTIONAL ACCOUNT,Transactional Account,Correct: canonical casing,format[Product_Type]
DQ02391,APX1059245,Incorrect_Capitalization,Low,TRANSACTIONAL ACCOUNT,Transactional Account,Correct: canonical casing,format[Product_Type]
DQ02392,APX1059700,Incorrect_Capitalization,Low,SAVINGS ACCOUNT,Savings Account,Correct: canonical casing,format[Product_Type]
DQ02393,APX1062001,Incorrect_Capitalization,Low,CREDIT CARD,Credit Card,Correct: canonical casing,format[Product_Type]
DQ02394,APX1062094,Incorrect_Capitalization,Low,TRANSACTIONAL ACCOUNT,Transactional Account,Correct: canonical casing,format[Product_Type]
DQ02395,APX1062959,Incorrect_Capitalization,Low,SAVINGS ACCOUNT,Savings Account,Correct: canonical casing,format[Product_Type]
DQ02396,APX1062989,Incorrect_Capitalization,Low,TRANSACTIONAL ACCOUNT,Transactional Account,Correct: canonical casing,format[Product_Type]
DQ02397,APX1063349,Incorrect_Capitalization,Low,PERSONAL LOAN,Personal Loan,Correct: canonical casing,format[Product_Type]
DQ02398,APX1064267,Incorrect_Capitalization,Low,SAVINGS ACCOUNT,Savings Account,Correct: canonical casing,format[Product_Type]
DQ02399,APX1064856,Incorrect_Capitalization,Low,SAVINGS ACCOUNT,Savings Account,Correct: canonical casing,format[Product_Type]
DQ02400,APX1065588,Incorrect_Capitalization,Low,PERSONAL LOAN,Personal Loan,Correct: canonical casing,format[Product_Type]
DQ02401,APX1067218,Incorrect_Capitalization,Low,TRANSACTIONAL ACCOUNT,Transactional Account,Correct: canonical casing,format[Product_Type]
DQ02402,APX1068296,Incorrect_Capitalization,Low,PERSONAL LOAN,Personal Loan,Correct: canonical casing,format[Product_Type]
DQ02403,APX1068646,Incorrect_Capitalization,Low,SAVINGS ACCOUNT,Savings Account,Correct: canonical casing,format[Product_Type]
DQ02404,APX1069402,Incorrect_Capitalization,Low,SAVINGS ACCOUNT,Savings Account,Correct: canonical casing,format[Product_Type]
DQ02405,APX1070003,Incorrect_Capitalization,Low,PERSONAL LOAN,Personal Loan,Correct: canonical casing,format[Product_Type]
DQ02406,APX1072216,Incorrect_Capitalization,Low,CREDIT CARD,Credit Card,Correct: canonical casing,format[Product_Type]
DQ02407,APX1074722,Incorrect_Capitalization,Low,TRANSACTIONAL ACCOUNT,Transactional Account,Correct: canonical casing,format[Product_Type]
DQ02408,APX1076025,Incorrect_Capitalization,Low,TRANSACTIONAL ACCOUNT,Transactional Account,Correct: canonical casing,format[Product_Type]
DQ02409,APX1078555,Incorrect_Capitalization,Low,SAVINGS ACCOUNT,Savings Account,Correct: canonical casing,format[Product_Type]
DQ02410,APX1079915,Incorrect_Capitalization,Low,TRANSACTIONAL ACCOUNT,Transactional Account,Correct: canonical casing,format[Product_Type]
DQ02411,APX1080496,Incorrect_Capitalization,Low,CREDIT CARD,Credit Card,Correct: canonical casing,format[Product_Type]
DQ02412,APX1080736,Incorrect_Capitalization,Low,CREDIT CARD,Credit Card,Correct: canonical casing,format[Product_Type]
DQ02413,APX1082622,Incorrect_Capitalization,Low,TRANSACTIONAL ACCOUNT,Transactional Account,Correct: canonical casing,format[Product_Type]
DQ02414,APX1083109,Incorrect_Capitalization,Low,PERSONAL LOAN,Personal Loan,Correct: canonical casing,format[Product_Type]
DQ02415,APX1083370,Incorrect_Capitalization,Low,CREDIT CARD,Credit Card,Correct: canonical casing,format[Product_Type]
DQ02416,APX1086875,Incorrect_Capitalization,Low,TRANSACTIONAL ACCOUNT,Transactional Account,Correct: canonical casing,format[Product_Type]
DQ02417,APX1089141,Incorrect_Capitalization,Low,SAVINGS ACCOUNT,Savings Account,Correct: canonical casing,format[Product_Type]
DQ02418,APX1090265,Incorrect_Capitalization,Low,CREDIT CARD,Credit Card,Correct: canonical casing,format[Product_Type]
DQ02419,APX1093533,Incorrect_Capitalization,Low,TRANSACTIONAL ACCOUNT,Transactional Account,Correct: canonical casing,format[Product_Type]
DQ02420,APX1096170,Incorrect_Capitalization,Low,CREDIT CARD,Credit Card,Correct: canonical casing,format[Product_Type]
DQ02421,APX1096978,Incorrect_Capitalization,Low,TRANSACTIONAL ACCOUNT,Transactional Account,Correct: canonical casing,format[Product_Type]
DQ02422,APX1000056,Incorrect_Capitalization,Low,STUDENT,Student,Correct: canonical casing,format[Customer_Segment]
DQ02423,APX1000784,Incorrect_Capitalization,Low,PRIVATE BANKING,Private Banking,Correct: canonical casing,format[Customer_Segment]
DQ02424,APX1000898,Incorrect_Capitalization,Low,RETAIL MASS MARKET,Retail Mass Market,Correct: canonical casing,format[Customer_Segment]
DQ02425,APX1001813,Incorrect_Capitalization,Low,RETAIL MASS MARKET,Retail Mass Market,Correct: canonical casing,format[Customer_Segment]
DQ02426,APX1003576,Incorrect_Capitalization,Low,RETAIL MASS MARKET,Retail Mass Market,Correct: canonical casing,format[Customer_Segment]
DQ02427,APX1004387,Incorrect_Capitalization,Low,RETAIL MASS MARKET,Retail Mass Market,Correct: canonical casing,format[Customer_Segment]
DQ02428,APX1004460,Incorrect_Capitalization,Low,SMALL BUSINESS,Small Business,Correct: canonical casing,format[Customer_Segment]
DQ02429,APX1008814,Incorrect_Capitalization,Low,RETAIL MASS MARKET,Retail Mass Market,Correct: canonical casing,format[Customer_Segment]
DQ02430,APX1009260,Incorrect_Capitalization,Low,RETAIL AFFLUENT,Retail Affluent,Correct: canonical casing,format[Customer_Segment]
DQ02431,APX1013133,Incorrect_Capitalization,Low,STUDENT,Student,Correct: canonical casing,format[Customer_Segment]
DQ02432,APX1014251,Incorrect_Capitalization,Low,PRIVATE BANKING,Private Banking,Correct: canonical casing,format[Customer_Segment]
DQ02433,APX1014565,Incorrect_Capitalization,Low,RETAIL MASS MARKET,Retail Mass Market,Correct: canonical casing,format[Customer_Segment]
DQ02434,APX1015357,Incorrect_Capitalization,Low,STUDENT,Student,Correct: canonical casing,format[Customer_Segment]
DQ02435,APX1015532,Incorrect_Capitalization,Low,RETAIL MASS MARKET,Retail Mass Market,Correct: canonical casing,format[Customer_Segment]
DQ02436,APX1017556,Incorrect_Capitalization,Low,RETAIL AFFLUENT,Retail Affluent,Correct: canonical casing,format[Customer_Segment]
DQ02437,APX1019464,Incorrect_Capitalization,Low,RETAIL AFFLUENT,Retail Affluent,Correct: canonical casing,format[Customer_Segment]
DQ02438,APX1020339,Incorrect_Capitalization,Low,RETAIL MASS MARKET,Retail Mass Market,Correct: canonical casing,format[Customer_Segment]
DQ02439,APX1021138,Incorrect_Capitalization,Low,RETAIL MASS MARKET,Retail Mass Market,Correct: canonical casing,format[Customer_Segment]
DQ02440,APX1021300,Incorrect_Capitalization,Low,RETAIL MASS MARKET,Retail Mass Market,Correct: canonical casing,format[Customer_Segment]
DQ02441,APX1021883,Incorrect_Capitalization,Low,SMALL BUSINESS,Small Business,Correct: canonical casing,format[Customer_Segment]
DQ02442,APX1022042,Incorrect_Capitalization,Low,STUDENT,Student,Correct: canonical casing,format[Customer_Segment]
DQ02443,APX1023544,Incorrect_Capitalization,Low,RETAIL MASS MARKET,Retail Mass Market,Correct: canonical casing,format[Customer_Segment]
DQ02444,APX1026176,Incorrect_Capitalization,Low,RETAIL MASS MARKET,Retail Mass Market,Correct: canonical casing,format[Customer_Segment]
DQ02445,APX1026215,Incorrect_Capitalization,Low,RETAIL MASS MARKET,Retail Mass Market,Correct: canonical casing,format[Customer_Segment]
DQ02446,APX1027994,Incorrect_Capitalization,Low,SMALL BUSINESS,Small Business,Correct: canonical casing,format[Customer_Segment]
DQ02447,APX1028912,Incorrect_Capitalization,Low,SMALL BUSINESS,Small Business,Correct: canonical casing,format[Customer_Segment]
DQ02448,APX1029050,Incorrect_Capitalization,Low,RETAIL MASS MARKET,Retail Mass Market,Correct: canonical casing,format[Customer_Segment]
DQ02449,APX1029094,Incorrect_Capitalization,Low,RETAIL MASS MARKET,Retail Mass Market,Correct: canonical casing,format[Customer_Segment]
DQ02450,APX1030746,Incorrect_Capitalization,Low,RETAIL MASS MARKET,Retail Mass Market,Correct: canonical casing,format[Customer_Segment]
DQ02451,APX1032442,Incorrect_Capitalization,Low,RETAIL MASS MARKET,Retail Mass Market,Correct: canonical casing,format[Customer_Segment]
DQ02452,APX1033464,Incorrect_Capitalization,Low,RETAIL AFFLUENT,Retail Affluent,Correct: canonical casing,format[Customer_Segment]
DQ02453,APX1033865,Incorrect_Capitalization,Low,SMALL BUSINESS,Small Business,Correct: canonical casing,format[Customer_Segment]
DQ02454,APX1035222,Incorrect_Capitalization,Low,SMALL BUSINESS,Small Business,Correct: canonical casing,format[Customer_Segment]
DQ02455,APX1036791,Incorrect_Capitalization,Low,SMALL BUSINESS,Small Business,Correct: canonical casing,format[Customer_Segment]
DQ02456,APX1038857,Incorrect_Capitalization,Low,RETAIL MASS MARKET,Retail Mass Market,Correct: canonical casing,format[Customer_Segment]
DQ02457,APX1039487,Incorrect_Capitalization,Low,RETAIL MASS MARKET,Retail Mass Market,Correct: canonical casing,format[Customer_Segment]
DQ02458,APX1040353,Incorrect_Capitalization,Low,SMALL BUSINESS,Small Business,Correct: canonical casing,format[Customer_Segment]
DQ02459,APX1040286,Incorrect_Capitalization,Low,SMALL BUSINESS,Small Business,Correct: canonical casing,format[Customer_Segment]
DQ02460,APX1041156,Incorrect_Capitalization,Low,SMALL BUSINESS,Small Business,Correct: canonical casing,format[Customer_Segment]
DQ02461,APX1041322,Incorrect_Capitalization,Low,RETAIL MASS MARKET,Retail Mass Market,Correct: canonical casing,format[Customer_Segment]
DQ02462,APX1044111,Incorrect_Capitalization,Low,RETAIL MASS MARKET,Retail Mass Market,Correct: canonical casing,format[Customer_Segment]
DQ02463,APX1044522,Incorrect_Capitalization,Low,RETAIL MASS MARKET,Retail Mass Market,Correct: canonical casing,format[Customer_Segment]
DQ02464,APX1045449,Incorrect_Capitalization,Low,RETAIL MASS MARKET,Retail Mass Market,Correct: canonical casing,format[Customer_Segment]
DQ02465,APX1046007,Incorrect_Capitalization,Low,RETAIL MASS MARKET,Retail Mass Market,Correct: canonical casing,format[Customer_Segment]
DQ02466,APX1046594,Incorrect_Capitalization,Low,RETAIL MASS MARKET,Retail Mass Market,Correct: canonical casing,format[Customer_Segment]
DQ02467,APX1048504,Incorrect_Capitalization,Low,RETAIL MASS MARKET,Retail Mass Market,Correct: canonical casing,format[Customer_Segment]
DQ02468,APX1050291,Incorrect_Capitalization,Low,RETAIL MASS MARKET,Retail Mass Market,Correct: canonical casing,format[Customer_Segment]
DQ02469,APX1053683,Incorrect_Capitalization,Low,SMALL BUSINESS,Small Business,Correct: canonical casing,format[Customer_Segment]
DQ02470,APX1054590,Incorrect_Capitalization,Low,RETAIL AFFLUENT,Retail Affluent,Correct: canonical casing,format[Customer_Segment]
DQ02471,APX1055066,Incorrect_Capitalization,Low,STUDENT,Student,Correct: canonical casing,format[Customer_Segment]
DQ02472,APX1056781,Incorrect_Capitalization,Low,RETAIL AFFLUENT,Retail Affluent,Correct: canonical casing,format[Customer_Segment]
DQ02473,APX1058882,Incorrect_Capitalization,Low,RETAIL MASS MARKET,Retail Mass Market,Correct: canonical casing,format[Customer_Segment]
DQ02474,APX1060192,Incorrect_Capitalization,Low,RETAIL MASS MARKET,Retail Mass Market,Correct: canonical casing,format[Customer_Segment]
DQ02475,APX1061307,Incorrect_Capitalization,Low,RETAIL MASS MARKET,Retail Mass Market,Correct: canonical casing,format[Customer_Segment]
DQ02476,APX1063090,Incorrect_Capitalization,Low,SMALL BUSINESS,Small Business,Correct: canonical casing,format[Customer_Segment]
DQ02477,APX1066365,Incorrect_Capitalization,Low,RETAIL MASS MARKET,Retail Mass Market,Correct: canonical casing,format[Customer_Segment]
DQ02478,APX1067167,Incorrect_Capitalization,Low,RETAIL MASS MARKET,Retail Mass Market,Correct: canonical casing,format[Customer_Segment]
DQ02479,APX1068714,Incorrect_Capitalization,Low,SMALL BUSINESS,Small Business,Correct: canonical casing,format[Customer_Segment]
DQ02480,APX1070758,Incorrect_Capitalization,Low,RETAIL AFFLUENT,Retail Affluent,Correct: canonical casing,format[Customer_Segment]
DQ02481,APX1071499,Incorrect_Capitalization,Low,RETAIL MASS MARKET,Retail Mass Market,Correct: canonical casing,format[Customer_Segment]
DQ02482,APX1072063,Incorrect_Capitalization,Low,RETAIL MASS MARKET,Retail Mass Market,Correct: canonical casing,format[Customer_Segment]
DQ02483,APX1072700,Incorrect_Capitalization,Low,STUDENT,Student,Correct: canonical casing,format[Customer_Segment]
DQ02484,APX1074981,Incorrect_Capitalization,Low,RETAIL MASS MARKET,Retail Mass Market,Correct: canonical casing,format[Customer_Segment]
DQ02485,APX1076226,Incorrect_Capitalization,Low,RETAIL MASS MARKET,Retail Mass Market,Correct: canonical casing,format[Customer_Segment]
DQ02486,APX1076396,Incorrect_Capitalization,Low,RETAIL AFFLUENT,Retail Affluent,Correct: canonical casing,format[Customer_Segment]
DQ02487,APX1076594,Incorrect_Capitalization,Low,STUDENT,Student,Correct: canonical casing,format[Customer_Segment]
DQ02488,APX1079233,Incorrect_Capitalization,Low,SMALL BUSINESS,Small Business,Correct: canonical casing,format[Customer_Segment]
DQ02489,APX1084591,Incorrect_Capitalization,Low,SMALL BUSINESS,Small Business,Correct: canonical casing,format[Customer_Segment]
DQ02490,APX1086456,Incorrect_Capitalization,Low,RETAIL MASS MARKET,Retail Mass Market,Correct: canonical casing,format[Customer_Segment]
DQ02491,APX1086978,Incorrect_Capitalization,Low,RETAIL AFFLUENT,Retail Affluent,Correct: canonical casing,format[Customer_Segment]
DQ02492,APX1087812,Incorrect_Capitalization,Low,RETAIL MASS MARKET,Retail Mass Market,Correct: canonical casing,format[Customer_Segment]
DQ02493,APX1088330,Incorrect_Capitalization,Low,PRIVATE BANKING,Private Banking,Correct: canonical casing,format[Customer_Segment]
DQ02494,APX1091792,Incorrect_Capitalization,Low,RETAIL MASS MARKET,Retail Mass Market,Correct: canonical casing,format[Customer_Segment]
DQ02495,APX1092381,Incorrect_Capitalization,Low,SMALL BUSINESS,Small Business,Correct: canonical casing,format[Customer_Segment]
DQ02496,APX1092414,Incorrect_Capitalization,Low,RETAIL MASS MARKET,Retail Mass Market,Correct: canonical casing,format[Customer_Segment]
DQ02497,APX1092794,Incorrect_Capitalization,Low,RETAIL MASS MARKET,Retail Mass Market,Correct: canonical casing,format[Customer_Segment]
DQ02498,APX1093716,Incorrect_Capitalization,Low,RETAIL MASS MARKET,Retail Mass Market,Correct: canonical casing,format[Customer_Segment]
DQ02499,APX1094526,Incorrect_Capitalization,Low,RETAIL MASS MARKET,Retail Mass Market,Correct: canonical casing,format[Customer_Segment]
DQ02500,APX1096558,Incorrect_Capitalization,Low,RETAIL AFFLUENT,Retail Affluent,Correct: canonical casing,format[Customer_Segment]
DQ02501,APX1000383,Whitespace_Contamination,Low,'  Branch  ',Branch,Correct: strip whitespace,format[Channel]
DQ02502,APX1001131,Whitespace_Contamination,Low,'  Digital App  ',Digital App,Correct: strip whitespace,format[Channel]
DQ02503,APX1001484,Whitespace_Contamination,Low,'  Digital App  ',Digital App,Correct: strip whitespace,format[Channel]
DQ02504,APX1002369,Whitespace_Contamination,Low,'  Call Centre  ',Call Centre,Correct: strip whitespace,format[Channel]
DQ02505,APX1003116,Whitespace_Contamination,Low,'  Digital App  ',Digital App,Correct: strip whitespace,format[Channel]
DQ02506,APX1004011,Whitespace_Contamination,Low,'  Broker Referral  ',Broker Referral,Correct: strip whitespace,format[Channel]
DQ02507,APX1005260,Whitespace_Contamination,Low,'  Broker Referral  ',Broker Referral,Correct: strip whitespace,format[Channel]
DQ02508,APX1009013,Whitespace_Contamination,Low,'  Digital App  ',Digital App,Correct: strip whitespace,format[Channel]
DQ02509,APX1010048,Whitespace_Contamination,Low,'  Call Centre  ',Call Centre,Correct: strip whitespace,format[Channel]
DQ02510,APX1010832,Whitespace_Contamination,Low,'  Digital App  ',Digital App,Correct: strip whitespace,format[Channel]
DQ02511,APX1011605,Whitespace_Contamination,Low,'  Digital App  ',Digital App,Correct: strip whitespace,format[Channel]
DQ02512,APX1011773,Whitespace_Contamination,Low,'  Branch  ',Branch,Correct: strip whitespace,format[Channel]
DQ02513,APX1013421,Whitespace_Contamination,Low,'  Digital App  ',Digital App,Correct: strip whitespace,format[Channel]
DQ02514,APX1015413,Whitespace_Contamination,Low,'  Call Centre  ',Call Centre,Correct: strip whitespace,format[Channel]
DQ02515,APX1016355,Whitespace_Contamination,Low,'  Digital App  ',Digital App,Correct: strip whitespace,format[Channel]
DQ02516,APX1016481,Whitespace_Contamination,Low,'  Call Centre  ',Call Centre,Correct: strip whitespace,format[Channel]
DQ02517,APX1017142,Whitespace_Contamination,Low,'  Branch  ',Branch,Correct: strip whitespace,format[Channel]
DQ02518,APX1018997,Whitespace_Contamination,Low,'  Call Centre  ',Call Centre,Correct: strip whitespace,format[Channel]
DQ02519,APX1019977,Whitespace_Contamination,Low,'  Digital App  ',Digital App,Correct: strip whitespace,format[Channel]
DQ02520,APX1020774,Whitespace_Contamination,Low,'  Digital App  ',Digital App,Correct: strip whitespace,format[Channel]
DQ02521,APX1021761,Whitespace_Contamination,Low,'  Call Centre  ',Call Centre,Correct: strip whitespace,format[Channel]
DQ02522,APX1022136,Whitespace_Contamination,Low,'  Broker Referral  ',Broker Referral,Correct: strip whitespace,format[Channel]
DQ02523,APX1022391,Whitespace_Contamination,Low,'  Digital App  ',Digital App,Correct: strip whitespace,format[Channel]
DQ02524,APX1022536,Whitespace_Contamination,Low,'  Branch  ',Branch,Correct: strip whitespace,format[Channel]
DQ02525,APX1022564,Whitespace_Contamination,Low,'  Branch  ',Branch,Correct: strip whitespace,format[Channel]
DQ02526,APX1025351,Whitespace_Contamination,Low,'  Branch  ',Branch,Correct: strip whitespace,format[Channel]
DQ02527,APX1026819,Whitespace_Contamination,Low,'  Digital App  ',Digital App,Correct: strip whitespace,format[Channel]
DQ02528,APX1026950,Whitespace_Contamination,Low,'  Branch  ',Branch,Correct: strip whitespace,format[Channel]
DQ02529,APX1027194,Whitespace_Contamination,Low,'  Broker Referral  ',Broker Referral,Correct: strip whitespace,format[Channel]
DQ02530,APX1030808,Whitespace_Contamination,Low,'  Digital App  ',Digital App,Correct: strip whitespace,format[Channel]
DQ02531,APX1034154,Whitespace_Contamination,Low,'  Digital App  ',Digital App,Correct: strip whitespace,format[Channel]
DQ02532,APX1034133,Whitespace_Contamination,Low,'  Branch  ',Branch,Correct: strip whitespace,format[Channel]
DQ02533,APX1034693,Whitespace_Contamination,Low,'  Branch  ',Branch,Correct: strip whitespace,format[Channel]
DQ02534,APX1035989,Whitespace_Contamination,Low,'  Branch  ',Branch,Correct: strip whitespace,format[Channel]
DQ02535,APX1036416,Whitespace_Contamination,Low,'  Call Centre  ',Call Centre,Correct: strip whitespace,format[Channel]
DQ02536,APX1037913,Whitespace_Contamination,Low,'  Call Centre  ',Call Centre,Correct: strip whitespace,format[Channel]
DQ02537,APX1040308,Whitespace_Contamination,Low,'  Digital App  ',Digital App,Correct: strip whitespace,format[Channel]
DQ02538,APX1041491,Whitespace_Contamination,Low,'  Call Centre  ',Call Centre,Correct: strip whitespace,format[Channel]
DQ02539,APX1042239,Whitespace_Contamination,Low,'  Digital App  ',Digital App,Correct: strip whitespace,format[Channel]
DQ02540,APX1042524,Whitespace_Contamination,Low,'  Call Centre  ',Call Centre,Correct: strip whitespace,format[Channel]
DQ02541,APX1043179,Whitespace_Contamination,Low,'  Call Centre  ',Call Centre,Correct: strip whitespace,format[Channel]
DQ02542,APX1045237,Whitespace_Contamination,Low,'  Branch  ',Branch,Correct: strip whitespace,format[Channel]
DQ02543,APX1046070,Whitespace_Contamination,Low,'  Branch  ',Branch,Correct: strip whitespace,format[Channel]
DQ02544,APX1046316,Whitespace_Contamination,Low,'  Branch  ',Branch,Correct: strip whitespace,format[Channel]
DQ02545,APX1046632,Whitespace_Contamination,Low,'  Digital App  ',Digital App,Correct: strip whitespace,format[Channel]
DQ02546,APX1046759,Whitespace_Contamination,Low,'  Digital App  ',Digital App,Correct: strip whitespace,format[Channel]
DQ02547,APX1048126,Whitespace_Contamination,Low,'  Call Centre  ',Call Centre,Correct: strip whitespace,format[Channel]
DQ02548,APX1049171,Whitespace_Contamination,Low,'  Branch  ',Branch,Correct: strip whitespace,format[Channel]
DQ02549,APX1049823,Whitespace_Contamination,Low,'  Digital App  ',Digital App,Correct: strip whitespace,format[Channel]
DQ02550,APX1050023,Whitespace_Contamination,Low,'  Digital App  ',Digital App,Correct: strip whitespace,format[Channel]
DQ02551,APX1050709,Whitespace_Contamination,Low,'  Branch  ',Branch,Correct: strip whitespace,format[Channel]
DQ02552,APX1052224,Whitespace_Contamination,Low,'  Digital App  ',Digital App,Correct: strip whitespace,format[Channel]
DQ02553,APX1053983,Whitespace_Contamination,Low,'  Digital App  ',Digital App,Correct: strip whitespace,format[Channel]
DQ02554,APX1054641,Whitespace_Contamination,Low,'  Digital App  ',Digital App,Correct: strip whitespace,format[Channel]
DQ02555,APX1055090,Whitespace_Contamination,Low,'  Broker Referral  ',Broker Referral,Correct: strip whitespace,format[Channel]
DQ02556,APX1056887,Whitespace_Contamination,Low,'  Branch  ',Branch,Correct: strip whitespace,format[Channel]
DQ02557,APX1057683,Whitespace_Contamination,Low,'  Branch  ',Branch,Correct: strip whitespace,format[Channel]
DQ02558,APX1059337,Whitespace_Contamination,Low,'  Digital App  ',Digital App,Correct: strip whitespace,format[Channel]
DQ02559,APX1059714,Whitespace_Contamination,Low,'  Broker Referral  ',Broker Referral,Correct: strip whitespace,format[Channel]
DQ02560,APX1060112,Whitespace_Contamination,Low,'  Digital App  ',Digital App,Correct: strip whitespace,format[Channel]
DQ02561,APX1060340,Whitespace_Contamination,Low,'  Branch  ',Branch,Correct: strip whitespace,format[Channel]
DQ02562,APX1060558,Whitespace_Contamination,Low,'  Call Centre  ',Call Centre,Correct: strip whitespace,format[Channel]
DQ02563,APX1060487,Whitespace_Contamination,Low,'  Branch  ',Branch,Correct: strip whitespace,format[Channel]
DQ02564,APX1061918,Whitespace_Contamination,Low,'  Call Centre  ',Call Centre,Correct: strip whitespace,format[Channel]
DQ02565,APX1062543,Whitespace_Contamination,Low,'  Broker Referral  ',Broker Referral,Correct: strip whitespace,format[Channel]
DQ02566,APX1066968,Whitespace_Contamination,Low,'  Branch  ',Branch,Correct: strip whitespace,format[Channel]
DQ02567,APX1067319,Whitespace_Contamination,Low,'  Digital App  ',Digital App,Correct: strip whitespace,format[Channel]
DQ02568,APX1069736,Whitespace_Contamination,Low,'  Broker Referral  ',Broker Referral,Correct: strip whitespace,format[Channel]
DQ02569,APX1071782,Whitespace_Contamination,Low,'  Branch  ',Branch,Correct: strip whitespace,format[Channel]
DQ02570,APX1072437,Whitespace_Contamination,Low,'  Digital App  ',Digital App,Correct: strip whitespace,format[Channel]
DQ02571,APX1073322,Whitespace_Contamination,Low,'  Digital App  ',Digital App,Correct: strip whitespace,format[Channel]
DQ02572,APX1074602,Whitespace_Contamination,Low,'  Digital App  ',Digital App,Correct: strip whitespace,format[Channel]
DQ02573,APX1075373,Whitespace_Contamination,Low,'  Broker Referral  ',Broker Referral,Correct: strip whitespace,format[Channel]
DQ02574,APX1075673,Whitespace_Contamination,Low,'  Digital App  ',Digital App,Correct: strip whitespace,format[Channel]
DQ02575,APX1076848,Whitespace_Contamination,Low,'  Branch  ',Branch,Correct: strip whitespace,format[Channel]
DQ02576,APX1079907,Whitespace_Contamination,Low,'  Call Centre  ',Call Centre,Correct: strip whitespace,format[Channel]
DQ02577,APX1081458,Whitespace_Contamination,Low,'  Broker Referral  ',Broker Referral,Correct: strip whitespace,format[Channel]
DQ02578,APX1081567,Whitespace_Contamination,Low,'  Digital App  ',Digital App,Correct: strip whitespace,format[Channel]
DQ02579,APX1081579,Whitespace_Contamination,Low,'  Digital App  ',Digital App,Correct: strip whitespace,format[Channel]
DQ02580,APX1081896,Whitespace_Contamination,Low,'  Call Centre  ',Call Centre,Correct: strip whitespace,format[Channel]
DQ02581,APX1082993,Whitespace_Contamination,Low,'  Broker Referral  ',Broker Referral,Correct: strip whitespace,format[Channel]
DQ02582,APX1083572,Whitespace_Contamination,Low,'  Call Centre  ',Call Centre,Correct: strip whitespace,format[Channel]
DQ02583,APX1085952,Whitespace_Contamination,Low,'  Branch  ',Branch,Correct: strip whitespace,format[Channel]
DQ02584,APX1085963,Whitespace_Contamination,Low,'  Call Centre  ',Call Centre,Correct: strip whitespace,format[Channel]
DQ02585,APX1088391,Whitespace_Contamination,Low,'  Branch  ',Branch,Correct: strip whitespace,format[Channel]
DQ02586,APX1088962,Whitespace_Contamination,Low,'  Digital App  ',Digital App,Correct: strip whitespace,format[Channel]
DQ02587,APX1090028,Whitespace_Contamination,Low,'  Call Centre  ',Call Centre,Correct: strip whitespace,format[Channel]
DQ02588,APX1090324,Whitespace_Contamination,Low,'  Broker Referral  ',Broker Referral,Correct: strip whitespace,format[Channel]
DQ02589,APX1093546,Whitespace_Contamination,Low,'  Branch  ',Branch,Correct: strip whitespace,format[Channel]
DQ02590,APX1094113,Whitespace_Contamination,Low,'  Digital App  ',Digital App,Correct: strip whitespace,format[Channel]
DQ02591,APX1093991,Whitespace_Contamination,Low,'  Digital App  ',Digital App,Correct: strip whitespace,format[Channel]
DQ02592,APX1095096,Whitespace_Contamination,Low,'  Digital App  ',Digital App,Correct: strip whitespace,format[Channel]
DQ02593,APX1095409,Whitespace_Contamination,Low,'  Branch  ',Branch,Correct: strip whitespace,format[Channel]
DQ02594,APX1096380,Whitespace_Contamination,Low,'  Broker Referral  ',Broker Referral,Correct: strip whitespace,format[Channel]
DQ02595,APX1098795,Whitespace_Contamination,Low,'  Branch  ',Branch,Correct: strip whitespace,format[Channel]
DQ02596,APX1098777,Whitespace_Contamination,Low,'  Branch  ',Branch,Correct: strip whitespace,format[Channel]
DQ02597,APX1098978,Whitespace_Contamination,Low,'  Branch  ',Branch,Correct: strip whitespace,format[Channel]
DQ02598,APX1099475,Whitespace_Contamination,Low,'  Digital App  ',Digital App,Correct: strip whitespace,format[Channel]
DQ02599,APX1099994,Whitespace_Contamination,Low,'  Digital App  ',Digital App,Correct: strip whitespace,format[Channel]
DQ02600,APX1001701,Whitespace_Contamination,Low,'  Eastern  ',Eastern,Correct: strip whitespace,format[Region]
DQ02601,APX1004618,Whitespace_Contamination,Low,'  Eastern  ',Eastern,Correct: strip whitespace,format[Region]
DQ02602,APX1004877,Whitespace_Contamination,Low,'  Central  ',Central,Correct: strip whitespace,format[Region]
DQ02603,APX1005553,Whitespace_Contamination,Low,'  Eastern  ',Eastern,Correct: strip whitespace,format[Region]
DQ02604,APX1006348,Whitespace_Contamination,Low,'  Southern  ',Southern,Correct: strip whitespace,format[Region]
DQ02605,APX1006830,Whitespace_Contamination,Low,'  Northern  ',Northern,Correct: strip whitespace,format[Region]
DQ02606,APX1007282,Whitespace_Contamination,Low,'  Western  ',Western,Correct: strip whitespace,format[Region]
DQ02607,APX1007520,Whitespace_Contamination,Low,'  Central  ',Central,Correct: strip whitespace,format[Region]
DQ02608,APX1007570,Whitespace_Contamination,Low,'  Eastern  ',Eastern,Correct: strip whitespace,format[Region]
DQ02609,APX1007868,Whitespace_Contamination,Low,'  Northern  ',Northern,Correct: strip whitespace,format[Region]
DQ02610,APX1008214,Whitespace_Contamination,Low,'  Northern  ',Northern,Correct: strip whitespace,format[Region]
DQ02611,APX1008360,Whitespace_Contamination,Low,'  Northern  ',Northern,Correct: strip whitespace,format[Region]
DQ02612,APX1008704,Whitespace_Contamination,Low,'  Southern  ',Southern,Correct: strip whitespace,format[Region]
DQ02613,APX1009176,Whitespace_Contamination,Low,'  Western  ',Western,Correct: strip whitespace,format[Region]
DQ02614,APX1009210,Whitespace_Contamination,Low,'  Western  ',Western,Correct: strip whitespace,format[Region]
DQ02615,APX1012702,Whitespace_Contamination,Low,'  Eastern  ',Eastern,Correct: strip whitespace,format[Region]
DQ02616,APX1012797,Whitespace_Contamination,Low,'  Central  ',Central,Correct: strip whitespace,format[Region]
DQ02617,APX1013859,Whitespace_Contamination,Low,'  Western  ',Western,Correct: strip whitespace,format[Region]
DQ02618,APX1015407,Whitespace_Contamination,Low,'  Southern  ',Southern,Correct: strip whitespace,format[Region]
DQ02619,APX1015620,Whitespace_Contamination,Low,'  Southern  ',Southern,Correct: strip whitespace,format[Region]
DQ02620,APX1016886,Whitespace_Contamination,Low,'  Southern  ',Southern,Correct: strip whitespace,format[Region]
DQ02621,APX1017243,Whitespace_Contamination,Low,'  Western  ',Western,Correct: strip whitespace,format[Region]
DQ02622,APX1018040,Whitespace_Contamination,Low,'  Southern  ',Southern,Correct: strip whitespace,format[Region]
DQ02623,APX1020984,Whitespace_Contamination,Low,'  Western  ',Western,Correct: strip whitespace,format[Region]
DQ02624,APX1021386,Whitespace_Contamination,Low,'  Central  ',Central,Correct: strip whitespace,format[Region]
DQ02625,APX1021733,Whitespace_Contamination,Low,'  Western  ',Western,Correct: strip whitespace,format[Region]
DQ02626,APX1022082,Whitespace_Contamination,Low,'  Western  ',Western,Correct: strip whitespace,format[Region]
DQ02627,APX1022336,Whitespace_Contamination,Low,'  Northern  ',Northern,Correct: strip whitespace,format[Region]
DQ02628,APX1022639,Whitespace_Contamination,Low,'  Western  ',Western,Correct: strip whitespace,format[Region]
DQ02629,APX1026332,Whitespace_Contamination,Low,'  Southern  ',Southern,Correct: strip whitespace,format[Region]
DQ02630,APX1026559,Whitespace_Contamination,Low,'  Northern  ',Northern,Correct: strip whitespace,format[Region]
DQ02631,APX1027207,Whitespace_Contamination,Low,'  Southern  ',Southern,Correct: strip whitespace,format[Region]
DQ02632,APX1029568,Whitespace_Contamination,Low,'  Northern  ',Northern,Correct: strip whitespace,format[Region]
DQ02633,APX1029749,Whitespace_Contamination,Low,'  Central  ',Central,Correct: strip whitespace,format[Region]
DQ02634,APX1029834,Whitespace_Contamination,Low,'  Central  ',Central,Correct: strip whitespace,format[Region]
DQ02635,APX1031040,Whitespace_Contamination,Low,'  Central  ',Central,Correct: strip whitespace,format[Region]
DQ02636,APX1032058,Whitespace_Contamination,Low,'  Eastern  ',Eastern,Correct: strip whitespace,format[Region]
DQ02637,APX1032691,Whitespace_Contamination,Low,'  Central  ',Central,Correct: strip whitespace,format[Region]
DQ02638,APX1033139,Whitespace_Contamination,Low,'  Eastern  ',Eastern,Correct: strip whitespace,format[Region]
DQ02639,APX1033267,Whitespace_Contamination,Low,'  Western  ',Western,Correct: strip whitespace,format[Region]
DQ02640,APX1033436,Whitespace_Contamination,Low,'  Southern  ',Southern,Correct: strip whitespace,format[Region]
DQ02641,APX1033522,Whitespace_Contamination,Low,'  Western  ',Western,Correct: strip whitespace,format[Region]
DQ02642,APX1034526,Whitespace_Contamination,Low,'  Western  ',Western,Correct: strip whitespace,format[Region]
DQ02643,APX1036588,Whitespace_Contamination,Low,'  Central  ',Central,Correct: strip whitespace,format[Region]
DQ02644,APX1039421,Whitespace_Contamination,Low,'  Central  ',Central,Correct: strip whitespace,format[Region]
DQ02645,APX1040140,Whitespace_Contamination,Low,'  Eastern  ',Eastern,Correct: strip whitespace,format[Region]
DQ02646,APX1040912,Whitespace_Contamination,Low,'  Western  ',Western,Correct: strip whitespace,format[Region]
DQ02647,APX1040966,Whitespace_Contamination,Low,'  Northern  ',Northern,Correct: strip whitespace,format[Region]
DQ02648,APX1041602,Whitespace_Contamination,Low,'  Northern  ',Northern,Correct: strip whitespace,format[Region]
DQ02649,APX1042766,Whitespace_Contamination,Low,'  Eastern  ',Eastern,Correct: strip whitespace,format[Region]
DQ02650,APX1044010,Whitespace_Contamination,Low,'  Southern  ',Southern,Correct: strip whitespace,format[Region]
DQ02651,APX1044155,Whitespace_Contamination,Low,'  Southern  ',Southern,Correct: strip whitespace,format[Region]
DQ02652,APX1045636,Whitespace_Contamination,Low,'  Eastern  ',Eastern,Correct: strip whitespace,format[Region]
DQ02653,APX1046294,Whitespace_Contamination,Low,'  Western  ',Western,Correct: strip whitespace,format[Region]
DQ02654,APX1046504,Whitespace_Contamination,Low,'  Western  ',Western,Correct: strip whitespace,format[Region]
DQ02655,APX1047276,Whitespace_Contamination,Low,'  Southern  ',Southern,Correct: strip whitespace,format[Region]
DQ02656,APX1048869,Whitespace_Contamination,Low,'  Western  ',Western,Correct: strip whitespace,format[Region]
DQ02657,APX1049221,Whitespace_Contamination,Low,'  Northern  ',Northern,Correct: strip whitespace,format[Region]
DQ02658,APX1049815,Whitespace_Contamination,Low,'  Eastern  ',Eastern,Correct: strip whitespace,format[Region]
DQ02659,APX1050609,Whitespace_Contamination,Low,'  Eastern  ',Eastern,Correct: strip whitespace,format[Region]
DQ02660,APX1051093,Whitespace_Contamination,Low,'  Northern  ',Northern,Correct: strip whitespace,format[Region]
DQ02661,APX1051524,Whitespace_Contamination,Low,'  Central  ',Central,Correct: strip whitespace,format[Region]
DQ02662,APX1051527,Whitespace_Contamination,Low,'  Central  ',Central,Correct: strip whitespace,format[Region]
DQ02663,APX1052040,Whitespace_Contamination,Low,'  Central  ',Central,Correct: strip whitespace,format[Region]
DQ02664,APX1053580,Whitespace_Contamination,Low,'  Western  ',Western,Correct: strip whitespace,format[Region]
DQ02665,APX1054498,Whitespace_Contamination,Low,'  Western  ',Western,Correct: strip whitespace,format[Region]
DQ02666,APX1055684,Whitespace_Contamination,Low,'  Southern  ',Southern,Correct: strip whitespace,format[Region]
DQ02667,APX1057333,Whitespace_Contamination,Low,'  Western  ',Western,Correct: strip whitespace,format[Region]
DQ02668,APX1057721,Whitespace_Contamination,Low,'  Northern  ',Northern,Correct: strip whitespace,format[Region]
DQ02669,APX1058058,Whitespace_Contamination,Low,'  Central  ',Central,Correct: strip whitespace,format[Region]
DQ02670,APX1058878,Whitespace_Contamination,Low,'  Eastern  ',Eastern,Correct: strip whitespace,format[Region]
DQ02671,APX1059445,Whitespace_Contamination,Low,'  Northern  ',Northern,Correct: strip whitespace,format[Region]
DQ02672,APX1059431,Whitespace_Contamination,Low,'  Southern  ',Southern,Correct: strip whitespace,format[Region]
DQ02673,APX1059774,Whitespace_Contamination,Low,'  Northern  ',Northern,Correct: strip whitespace,format[Region]
DQ02674,APX1062557,Whitespace_Contamination,Low,'  Southern  ',Southern,Correct: strip whitespace,format[Region]
DQ02675,APX1063833,Whitespace_Contamination,Low,'  Southern  ',Southern,Correct: strip whitespace,format[Region]
DQ02676,APX1066145,Whitespace_Contamination,Low,'  Western  ',Western,Correct: strip whitespace,format[Region]
DQ02677,APX1066901,Whitespace_Contamination,Low,'  Western  ',Western,Correct: strip whitespace,format[Region]
DQ02678,APX1068065,Whitespace_Contamination,Low,'  Western  ',Western,Correct: strip whitespace,format[Region]
DQ02679,APX1068441,Whitespace_Contamination,Low,'  Central  ',Central,Correct: strip whitespace,format[Region]
DQ02680,APX1068725,Whitespace_Contamination,Low,'  Northern  ',Northern,Correct: strip whitespace,format[Region]
DQ02681,APX1068855,Whitespace_Contamination,Low,'  Eastern  ',Eastern,Correct: strip whitespace,format[Region]
DQ02682,APX1068962,Whitespace_Contamination,Low,'  Northern  ',Northern,Correct: strip whitespace,format[Region]
DQ02683,APX1069329,Whitespace_Contamination,Low,'  Southern  ',Southern,Correct: strip whitespace,format[Region]
DQ02684,APX1070108,Whitespace_Contamination,Low,'  Eastern  ',Eastern,Correct: strip whitespace,format[Region]
DQ02685,APX1071288,Whitespace_Contamination,Low,'  Northern  ',Northern,Correct: strip whitespace,format[Region]
DQ02686,APX1072088,Whitespace_Contamination,Low,'  Southern  ',Southern,Correct: strip whitespace,format[Region]
DQ02687,APX1073583,Whitespace_Contamination,Low,'  Western  ',Western,Correct: strip whitespace,format[Region]
DQ02688,APX1074073,Whitespace_Contamination,Low,'  Central  ',Central,Correct: strip whitespace,format[Region]
DQ02689,APX1074606,Whitespace_Contamination,Low,'  Western  ',Western,Correct: strip whitespace,format[Region]
DQ02690,APX1076356,Whitespace_Contamination,Low,'  Northern  ',Northern,Correct: strip whitespace,format[Region]
DQ02691,APX1078121,Whitespace_Contamination,Low,'  Northern  ',Northern,Correct: strip whitespace,format[Region]
DQ02692,APX1080725,Whitespace_Contamination,Low,'  Central  ',Central,Correct: strip whitespace,format[Region]
DQ02693,APX1080906,Whitespace_Contamination,Low,'  Eastern  ',Eastern,Correct: strip whitespace,format[Region]
DQ02694,APX1081122,Whitespace_Contamination,Low,'  Central  ',Central,Correct: strip whitespace,format[Region]
DQ02695,APX1082367,Whitespace_Contamination,Low,'  Northern  ',Northern,Correct: strip whitespace,format[Region]
DQ02696,APX1083286,Whitespace_Contamination,Low,'  Eastern  ',Eastern,Correct: strip whitespace,format[Region]
DQ02697,APX1083690,Whitespace_Contamination,Low,'  Central  ',Central,Correct: strip whitespace,format[Region]
DQ02698,APX1084604,Whitespace_Contamination,Low,'  Northern  ',Northern,Correct: strip whitespace,format[Region]
DQ02699,APX1086685,Whitespace_Contamination,Low,'  Northern  ',Northern,Correct: strip whitespace,format[Region]
DQ02700,APX1087270,Whitespace_Contamination,Low,'  Western  ',Western,Correct: strip whitespace,format[Region]
DQ02701,APX1088349,Whitespace_Contamination,Low,'  Eastern  ',Eastern,Correct: strip whitespace,format[Region]
DQ02702,APX1088893,Whitespace_Contamination,Low,'  Western  ',Western,Correct: strip whitespace,format[Region]
DQ02703,APX1089591,Whitespace_Contamination,Low,'  Southern  ',Southern,Correct: strip whitespace,format[Region]
DQ02704,APX1090080,Whitespace_Contamination,Low,'  Central  ',Central,Correct: strip whitespace,format[Region]
DQ02705,APX1091518,Whitespace_Contamination,Low,'  Northern  ',Northern,Correct: strip whitespace,format[Region]
DQ02706,APX1092717,Whitespace_Contamination,Low,'  Northern  ',Northern,Correct: strip whitespace,format[Region]
DQ02707,APX1092939,Whitespace_Contamination,Low,'  Northern  ',Northern,Correct: strip whitespace,format[Region]
DQ02708,APX1095488,Whitespace_Contamination,Low,'  Eastern  ',Eastern,Correct: strip whitespace,format[Region]
DQ02709,APX1096592,Whitespace_Contamination,Low,'  Southern  ',Southern,Correct: strip whitespace,format[Region]
DQ02710,APX1098037,Whitespace_Contamination,Low,'  Northern  ',Northern,Correct: strip whitespace,format[Region]
DQ02711,APX1098222,Whitespace_Contamination,Low,'  Western  ',Western,Correct: strip whitespace,format[Region]
DQ02712,APX1000200,Whitespace_Contamination,Low,'  Savings Account  ',Savings Account,Correct: strip whitespace,format[Product_Type]
DQ02713,APX1001613,Whitespace_Contamination,Low,'  Savings Account  ',Savings Account,Correct: strip whitespace,format[Product_Type]
DQ02714,APX1004248,Whitespace_Contamination,Low,'  Savings Account  ',Savings Account,Correct: strip whitespace,format[Product_Type]
DQ02715,APX1005557,Whitespace_Contamination,Low,'  Business Account  ',Business Account,Correct: strip whitespace,format[Product_Type]
DQ02716,APX1005731,Whitespace_Contamination,Low,'  Savings Account  ',Savings Account,Correct: strip whitespace,format[Product_Type]
DQ02717,APX1006799,Whitespace_Contamination,Low,'  Personal Loan  ',Personal Loan,Correct: strip whitespace,format[Product_Type]
DQ02718,APX1007585,Whitespace_Contamination,Low,'  Savings Account  ',Savings Account,Correct: strip whitespace,format[Product_Type]
DQ02719,APX1008563,Whitespace_Contamination,Low,'  Savings Account  ',Savings Account,Correct: strip whitespace,format[Product_Type]
DQ02720,APX1010041,Whitespace_Contamination,Low,'  Business Account  ',Business Account,Correct: strip whitespace,format[Product_Type]
DQ02721,APX1010831,Whitespace_Contamination,Low,'  Credit Card  ',Credit Card,Correct: strip whitespace,format[Product_Type]
DQ02722,APX1014645,Whitespace_Contamination,Low,'  Credit Card  ',Credit Card,Correct: strip whitespace,format[Product_Type]
DQ02723,APX1015542,Whitespace_Contamination,Low,'  Personal Loan  ',Personal Loan,Correct: strip whitespace,format[Product_Type]
DQ02724,APX1016553,Whitespace_Contamination,Low,'  Credit Card  ',Credit Card,Correct: strip whitespace,format[Product_Type]
DQ02725,APX1016854,Whitespace_Contamination,Low,'  Personal Loan  ',Personal Loan,Correct: strip whitespace,format[Product_Type]
DQ02726,APX1017181,Whitespace_Contamination,Low,'  Savings Account  ',Savings Account,Correct: strip whitespace,format[Product_Type]
DQ02727,APX1017255,Whitespace_Contamination,Low,'  Savings Account  ',Savings Account,Correct: strip whitespace,format[Product_Type]
DQ02728,APX1017269,Whitespace_Contamination,Low,'  Savings Account  ',Savings Account,Correct: strip whitespace,format[Product_Type]
DQ02729,APX1021366,Whitespace_Contamination,Low,'  Credit Card  ',Credit Card,Correct: strip whitespace,format[Product_Type]
DQ02730,APX1021609,Whitespace_Contamination,Low,'  Savings Account  ',Savings Account,Correct: strip whitespace,format[Product_Type]
DQ02731,APX1022911,Whitespace_Contamination,Low,'  Transactional Account  ',Transactional Account,Correct: strip whitespace,format[Product_Type]
DQ02732,APX1024506,Whitespace_Contamination,Low,'  Savings Account  ',Savings Account,Correct: strip whitespace,format[Product_Type]
DQ02733,APX1028644,Whitespace_Contamination,Low,'  Transactional Account  ',Transactional Account,Correct: strip whitespace,format[Product_Type]
DQ02734,APX1033716,Whitespace_Contamination,Low,'  Savings Account  ',Savings Account,Correct: strip whitespace,format[Product_Type]
DQ02735,APX1035535,Whitespace_Contamination,Low,'  Personal Loan  ',Personal Loan,Correct: strip whitespace,format[Product_Type]
DQ02736,APX1037558,Whitespace_Contamination,Low,'  Transactional Account  ',Transactional Account,Correct: strip whitespace,format[Product_Type]
DQ02737,APX1038036,Whitespace_Contamination,Low,'  Credit Card  ',Credit Card,Correct: strip whitespace,format[Product_Type]
DQ02738,APX1038225,Whitespace_Contamination,Low,'  Savings Account  ',Savings Account,Correct: strip whitespace,format[Product_Type]
DQ02739,APX1038402,Whitespace_Contamination,Low,'  Credit Card  ',Credit Card,Correct: strip whitespace,format[Product_Type]
DQ02740,APX1039561,Whitespace_Contamination,Low,'  Transactional Account  ',Transactional Account,Correct: strip whitespace,format[Product_Type]
DQ02741,APX1039973,Whitespace_Contamination,Low,'  Credit Card  ',Credit Card,Correct: strip whitespace,format[Product_Type]
DQ02742,APX1041810,Whitespace_Contamination,Low,'  Transactional Account  ',Transactional Account,Correct: strip whitespace,format[Product_Type]
DQ02743,APX1042138,Whitespace_Contamination,Low,'  Savings Account  ',Savings Account,Correct: strip whitespace,format[Product_Type]
DQ02744,APX1042551,Whitespace_Contamination,Low,'  Personal Loan  ',Personal Loan,Correct: strip whitespace,format[Product_Type]
DQ02745,APX1042942,Whitespace_Contamination,Low,'  Credit Card  ',Credit Card,Correct: strip whitespace,format[Product_Type]
DQ02746,APX1043518,Whitespace_Contamination,Low,'  Transactional Account  ',Transactional Account,Correct: strip whitespace,format[Product_Type]
DQ02747,APX1043661,Whitespace_Contamination,Low,'  Credit Card  ',Credit Card,Correct: strip whitespace,format[Product_Type]
DQ02748,APX1044596,Whitespace_Contamination,Low,'  Transactional Account  ',Transactional Account,Correct: strip whitespace,format[Product_Type]
DQ02749,APX1045346,Whitespace_Contamination,Low,'  Business Account  ',Business Account,Correct: strip whitespace,format[Product_Type]
DQ02750,APX1045867,Whitespace_Contamination,Low,'  Credit Card  ',Credit Card,Correct: strip whitespace,format[Product_Type]
DQ02751,APX1047242,Whitespace_Contamination,Low,'  Credit Card  ',Credit Card,Correct: strip whitespace,format[Product_Type]
DQ02752,APX1048131,Whitespace_Contamination,Low,'  Savings Account  ',Savings Account,Correct: strip whitespace,format[Product_Type]
DQ02753,APX1048620,Whitespace_Contamination,Low,'  Transactional Account  ',Transactional Account,Correct: strip whitespace,format[Product_Type]
DQ02754,APX1052705,Whitespace_Contamination,Low,'  Credit Card  ',Credit Card,Correct: strip whitespace,format[Product_Type]
DQ02755,APX1053868,Whitespace_Contamination,Low,'  Business Account  ',Business Account,Correct: strip whitespace,format[Product_Type]
DQ02756,APX1054286,Whitespace_Contamination,Low,'  Credit Card  ',Credit Card,Correct: strip whitespace,format[Product_Type]
DQ02757,APX1054400,Whitespace_Contamination,Low,'  Savings Account  ',Savings Account,Correct: strip whitespace,format[Product_Type]
DQ02758,APX1054534,Whitespace_Contamination,Low,'  Savings Account  ',Savings Account,Correct: strip whitespace,format[Product_Type]
DQ02759,APX1055796,Whitespace_Contamination,Low,'  Business Account  ',Business Account,Correct: strip whitespace,format[Product_Type]
DQ02760,APX1055909,Whitespace_Contamination,Low,'  Transactional Account  ',Transactional Account,Correct: strip whitespace,format[Product_Type]
DQ02761,APX1057508,Whitespace_Contamination,Low,'  Transactional Account  ',Transactional Account,Correct: strip whitespace,format[Product_Type]
DQ02762,APX1057723,Whitespace_Contamination,Low,'  Savings Account  ',Savings Account,Correct: strip whitespace,format[Product_Type]
DQ02763,APX1058202,Whitespace_Contamination,Low,'  Transactional Account  ',Transactional Account,Correct: strip whitespace,format[Product_Type]
DQ02764,APX1058633,Whitespace_Contamination,Low,'  Savings Account  ',Savings Account,Correct: strip whitespace,format[Product_Type]
DQ02765,APX1062093,Whitespace_Contamination,Low,'  Transactional Account  ',Transactional Account,Correct: strip whitespace,format[Product_Type]
DQ02766,APX1062238,Whitespace_Contamination,Low,'  Business Account  ',Business Account,Correct: strip whitespace,format[Product_Type]
DQ02767,APX1067578,Whitespace_Contamination,Low,'  Transactional Account  ',Transactional Account,Correct: strip whitespace,format[Product_Type]
DQ02768,APX1068346,Whitespace_Contamination,Low,'  Business Account  ',Business Account,Correct: strip whitespace,format[Product_Type]
DQ02769,APX1070082,Whitespace_Contamination,Low,'  Credit Card  ',Credit Card,Correct: strip whitespace,format[Product_Type]
DQ02770,APX1072470,Whitespace_Contamination,Low,'  Savings Account  ',Savings Account,Correct: strip whitespace,format[Product_Type]
DQ02771,APX1073637,Whitespace_Contamination,Low,'  Business Account  ',Business Account,Correct: strip whitespace,format[Product_Type]
DQ02772,APX1075944,Whitespace_Contamination,Low,'  Transactional Account  ',Transactional Account,Correct: strip whitespace,format[Product_Type]
DQ02773,APX1076522,Whitespace_Contamination,Low,'  Savings Account  ',Savings Account,Correct: strip whitespace,format[Product_Type]
DQ02774,APX1077768,Whitespace_Contamination,Low,'  Transactional Account  ',Transactional Account,Correct: strip whitespace,format[Product_Type]
DQ02775,APX1080359,Whitespace_Contamination,Low,'  Savings Account  ',Savings Account,Correct: strip whitespace,format[Product_Type]
DQ02776,APX1080618,Whitespace_Contamination,Low,'  Credit Card  ',Credit Card,Correct: strip whitespace,format[Product_Type]
DQ02777,APX1081521,Whitespace_Contamination,Low,'  Transactional Account  ',Transactional Account,Correct: strip whitespace,format[Product_Type]
DQ02778,APX1083052,Whitespace_Contamination,Low,'  Transactional Account  ',Transactional Account,Correct: strip whitespace,format[Product_Type]
DQ02779,APX1083345,Whitespace_Contamination,Low,'  Personal Loan  ',Personal Loan,Correct: strip whitespace,format[Product_Type]
DQ02780,APX1084230,Whitespace_Contamination,Low,'  Credit Card  ',Credit Card,Correct: strip whitespace,format[Product_Type]
DQ02781,APX1085173,Whitespace_Contamination,Low,'  Credit Card  ',Credit Card,Correct: strip whitespace,format[Product_Type]
DQ02782,APX1087625,Whitespace_Contamination,Low,'  Savings Account  ',Savings Account,Correct: strip whitespace,format[Product_Type]
DQ02783,APX1088961,Whitespace_Contamination,Low,'  Transactional Account  ',Transactional Account,Correct: strip whitespace,format[Product_Type]
DQ02784,APX1090799,Whitespace_Contamination,Low,'  Savings Account  ',Savings Account,Correct: strip whitespace,format[Product_Type]
DQ02785,APX1091333,Whitespace_Contamination,Low,'  Business Account  ',Business Account,Correct: strip whitespace,format[Product_Type]
DQ02786,APX1091884,Whitespace_Contamination,Low,'  Transactional Account  ',Transactional Account,Correct: strip whitespace,format[Product_Type]
DQ02787,APX1092198,Whitespace_Contamination,Low,'  Credit Card  ',Credit Card,Correct: strip whitespace,format[Product_Type]
DQ02788,APX1093103,Whitespace_Contamination,Low,'  Transactional Account  ',Transactional Account,Correct: strip whitespace,format[Product_Type]
DQ02789,APX1093147,Whitespace_Contamination,Low,'  Personal Loan  ',Personal Loan,Correct: strip whitespace,format[Product_Type]
DQ02790,APX1093368,Whitespace_Contamination,Low,'  Savings Account  ',Savings Account,Correct: strip whitespace,format[Product_Type]
DQ02791,APX1093590,Whitespace_Contamination,Low,'  Transactional Account  ',Transactional Account,Correct: strip whitespace,format[Product_Type]
DQ02792,APX1094717,Whitespace_Contamination,Low,'  Personal Loan  ',Personal Loan,Correct: strip whitespace,format[Product_Type]
DQ02793,APX1095087,Whitespace_Contamination,Low,'  Transactional Account  ',Transactional Account,Correct: strip whitespace,format[Product_Type]
DQ02794,APX1096281,Whitespace_Contamination,Low,'  Transactional Account  ',Transactional Account,Correct: strip whitespace,format[Product_Type]
DQ02795,APX1096586,Whitespace_Contamination,Low,'  Business Account  ',Business Account,Correct: strip whitespace,format[Product_Type]
DQ02796,APX1096828,Whitespace_Contamination,Low,'  Credit Card  ',Credit Card,Correct: strip whitespace,format[Product_Type]
DQ02797,APX1098646,Whitespace_Contamination,Low,'  Personal Loan  ',Personal Loan,Correct: strip whitespace,format[Product_Type]
DQ02798,APX1098687,Whitespace_Contamination,Low,'  Personal Loan  ',Personal Loan,Correct: strip whitespace,format[Product_Type]
DQ02799,APX1098772,Whitespace_Contamination,Low,'  Transactional Account  ',Transactional Account,Correct: strip whitespace,format[Product_Type]
DQ02800,APX1099072,Whitespace_Contamination,Low,'  Transactional Account  ',Transactional Account,Correct: strip whitespace,format[Product_Type]
DQ02801,APX1000144,Future_Application_Date,Critical,2026-10-05 00:00:00,,Quarantine (date beyond extraction date),temporal[Application_Date]
DQ02802,APX1000347,Future_Application_Date,Critical,2026-10-24 00:00:00,,Quarantine (date beyond extraction date),temporal[Application_Date]
DQ02803,APX1000408,Future_Application_Date,Critical,2026-10-09 00:00:00,,Quarantine (date beyond extraction date),temporal[Application_Date]
DQ02804,APX1000866,Future_Application_Date,Critical,2026-09-21 00:00:00,,Quarantine (date beyond extraction date),temporal[Application_Date]
DQ02805,APX1001586,Future_Application_Date,Critical,2026-09-11 00:00:00,,Quarantine (date beyond extraction date),temporal[Application_Date]
DQ02806,APX1002588,Future_Application_Date,Critical,2026-11-08 00:00:00,,Quarantine (date beyond extraction date),temporal[Application_Date]
DQ02807,APX1002676,Future_Application_Date,Critical,2026-10-23 00:00:00,,Quarantine (date beyond extraction date),temporal[Application_Date]
DQ02808,APX1003287,Future_Application_Date,Critical,2026-09-08 00:00:00,,Quarantine (date beyond extraction date),temporal[Application_Date]
DQ02809,APX1004280,Future_Application_Date,Critical,2026-09-04 00:00:00,,Quarantine (date beyond extraction date),temporal[Application_Date]
DQ02810,APX1004427,Future_Application_Date,Critical,2026-09-19 00:00:00,,Quarantine (date beyond extraction date),temporal[Application_Date]
DQ02811,APX1005321,Future_Application_Date,Critical,2026-09-27 00:00:00,,Quarantine (date beyond extraction date),temporal[Application_Date]
DQ02812,APX1005428,Future_Application_Date,Critical,2026-11-22 00:00:00,,Quarantine (date beyond extraction date),temporal[Application_Date]
DQ02813,APX1005941,Future_Application_Date,Critical,2026-09-19 00:00:00,,Quarantine (date beyond extraction date),temporal[Application_Date]
DQ02814,APX1006318,Future_Application_Date,Critical,2026-11-16 00:00:00,,Quarantine (date beyond extraction date),temporal[Application_Date]
DQ02815,APX1007417,Future_Application_Date,Critical,2026-11-01 00:00:00,,Quarantine (date beyond extraction date),temporal[Application_Date]
DQ02816,APX1007571,Future_Application_Date,Critical,2026-09-29 00:00:00,,Quarantine (date beyond extraction date),temporal[Application_Date]
DQ02817,APX1007650,Future_Application_Date,Critical,2026-10-21 00:00:00,,Quarantine (date beyond extraction date),temporal[Application_Date]
DQ02818,APX1007976,Future_Application_Date,Critical,2026-11-26 00:00:00,,Quarantine (date beyond extraction date),temporal[Application_Date]
DQ02819,APX1009424,Future_Application_Date,Critical,2026-11-26 00:00:00,,Quarantine (date beyond extraction date),temporal[Application_Date]
DQ02820,APX1010202,Future_Application_Date,Critical,2026-10-21 00:00:00,,Quarantine (date beyond extraction date),temporal[Application_Date]
DQ02821,APX1010489,Future_Application_Date,Critical,2026-11-10 00:00:00,,Quarantine (date beyond extraction date),temporal[Application_Date]
DQ02822,APX1010719,Future_Application_Date,Critical,2026-09-25 00:00:00,,Quarantine (date beyond extraction date),temporal[Application_Date]
DQ02823,APX1011075,Future_Application_Date,Critical,2026-10-08 00:00:00,,Quarantine (date beyond extraction date),temporal[Application_Date]
DQ02824,APX1011197,Future_Application_Date,Critical,2026-11-22 00:00:00,,Quarantine (date beyond extraction date),temporal[Application_Date]
DQ02825,APX1011399,Future_Application_Date,Critical,2026-09-26 00:00:00,,Quarantine (date beyond extraction date),temporal[Application_Date]
DQ02826,APX1011677,Future_Application_Date,Critical,2026-11-17 00:00:00,,Quarantine (date beyond extraction date),temporal[Application_Date]
DQ02827,APX1012105,Future_Application_Date,Critical,2026-10-23 00:00:00,,Quarantine (date beyond extraction date),temporal[Application_Date]
DQ02828,APX1012232,Future_Application_Date,Critical,2026-10-08 00:00:00,,Quarantine (date beyond extraction date),temporal[Application_Date]
DQ02829,APX1013072,Future_Application_Date,Critical,2026-09-17 00:00:00,,Quarantine (date beyond extraction date),temporal[Application_Date]
DQ02830,APX1013525,Future_Application_Date,Critical,2026-10-25 00:00:00,,Quarantine (date beyond extraction date),temporal[Application_Date]
DQ02831,APX1013716,Future_Application_Date,Critical,2026-11-10 00:00:00,,Quarantine (date beyond extraction date),temporal[Application_Date]
DQ02832,APX1016537,Future_Application_Date,Critical,2026-11-02 00:00:00,,Quarantine (date beyond extraction date),temporal[Application_Date]
DQ02833,APX1017623,Future_Application_Date,Critical,2026-09-29 00:00:00,,Quarantine (date beyond extraction date),temporal[Application_Date]
DQ02834,APX1017666,Future_Application_Date,Critical,2026-09-13 00:00:00,,Quarantine (date beyond extraction date),temporal[Application_Date]
DQ02835,APX1018534,Future_Application_Date,Critical,2026-10-09 00:00:00,,Quarantine (date beyond extraction date),temporal[Application_Date]
DQ02836,APX1019306,Future_Application_Date,Critical,2026-11-20 00:00:00,,Quarantine (date beyond extraction date),temporal[Application_Date]
DQ02837,APX1019378,Future_Application_Date,Critical,2026-09-24 00:00:00,,Quarantine (date beyond extraction date),temporal[Application_Date]
DQ02838,APX1019714,Future_Application_Date,Critical,2026-09-29 00:00:00,,Quarantine (date beyond extraction date),temporal[Application_Date]
DQ02839,APX1020010,Future_Application_Date,Critical,2026-09-18 00:00:00,,Quarantine (date beyond extraction date),temporal[Application_Date]
DQ02840,APX1020270,Future_Application_Date,Critical,2026-10-29 00:00:00,,Quarantine (date beyond extraction date),temporal[Application_Date]
DQ02841,APX1020648,Future_Application_Date,Critical,2026-11-03 00:00:00,,Quarantine (date beyond extraction date),temporal[Application_Date]
DQ02842,APX1020752,Future_Application_Date,Critical,2026-11-09 00:00:00,,Quarantine (date beyond extraction date),temporal[Application_Date]
DQ02843,APX1020970,Future_Application_Date,Critical,2026-09-27 00:00:00,,Quarantine (date beyond extraction date),temporal[Application_Date]
DQ02844,APX1021950,Future_Application_Date,Critical,2026-09-29 00:00:00,,Quarantine (date beyond extraction date),temporal[Application_Date]
DQ02845,APX1022174,Future_Application_Date,Critical,2026-10-02 00:00:00,,Quarantine (date beyond extraction date),temporal[Application_Date]
DQ02846,APX1022365,Future_Application_Date,Critical,2026-11-22 00:00:00,,Quarantine (date beyond extraction date),temporal[Application_Date]
DQ02847,APX1022442,Future_Application_Date,Critical,2026-11-23 00:00:00,,Quarantine (date beyond extraction date),temporal[Application_Date]
DQ02848,APX1022480,Future_Application_Date,Critical,2026-11-02 00:00:00,,Quarantine (date beyond extraction date),temporal[Application_Date]
DQ02849,APX1023210,Future_Application_Date,Critical,2026-09-24 00:00:00,,Quarantine (date beyond extraction date),temporal[Application_Date]
DQ02850,APX1025297,Future_Application_Date,Critical,2026-09-23 00:00:00,,Quarantine (date beyond extraction date),temporal[Application_Date]
DQ02851,APX1026107,Future_Application_Date,Critical,2026-10-30 00:00:00,,Quarantine (date beyond extraction date),temporal[Application_Date]
DQ02852,APX1026598,Future_Application_Date,Critical,2026-11-16 00:00:00,,Quarantine (date beyond extraction date),temporal[Application_Date]
DQ02853,APX1026856,Future_Application_Date,Critical,2026-11-28 00:00:00,,Quarantine (date beyond extraction date),temporal[Application_Date]
DQ02854,APX1027437,Future_Application_Date,Critical,2026-10-27 00:00:00,,Quarantine (date beyond extraction date),temporal[Application_Date]
DQ02855,APX1028077,Future_Application_Date,Critical,2026-09-29 00:00:00,,Quarantine (date beyond extraction date),temporal[Application_Date]
DQ02856,APX1028031,Future_Application_Date,Critical,2026-10-29 00:00:00,,Quarantine (date beyond extraction date),temporal[Application_Date]
DQ02857,APX1028042,Future_Application_Date,Critical,2026-09-30 00:00:00,,Quarantine (date beyond extraction date),temporal[Application_Date]
DQ02858,APX1028258,Future_Application_Date,Critical,2026-09-28 00:00:00,,Quarantine (date beyond extraction date),temporal[Application_Date]
DQ02859,APX1028382,Future_Application_Date,Critical,2026-10-30 00:00:00,,Quarantine (date beyond extraction date),temporal[Application_Date]
DQ02860,APX1028615,Future_Application_Date,Critical,2026-09-15 00:00:00,,Quarantine (date beyond extraction date),temporal[Application_Date]
DQ02861,APX1028617,Future_Application_Date,Critical,2026-11-17 00:00:00,,Quarantine (date beyond extraction date),temporal[Application_Date]
DQ02862,APX1029292,Future_Application_Date,Critical,2026-10-28 00:00:00,,Quarantine (date beyond extraction date),temporal[Application_Date]
DQ02863,APX1029365,Future_Application_Date,Critical,2026-10-25 00:00:00,,Quarantine (date beyond extraction date),temporal[Application_Date]
DQ02864,APX1029495,Future_Application_Date,Critical,2026-11-29 00:00:00,,Quarantine (date beyond extraction date),temporal[Application_Date]
DQ02865,APX1029454,Future_Application_Date,Critical,2026-09-18 00:00:00,,Quarantine (date beyond extraction date),temporal[Application_Date]
DQ02866,APX1030018,Future_Application_Date,Critical,2026-10-30 00:00:00,,Quarantine (date beyond extraction date),temporal[Application_Date]
DQ02867,APX1030129,Future_Application_Date,Critical,2026-11-15 00:00:00,,Quarantine (date beyond extraction date),temporal[Application_Date]
DQ02868,APX1030145,Future_Application_Date,Critical,2026-09-02 00:00:00,,Quarantine (date beyond extraction date),temporal[Application_Date]
DQ02869,APX1030427,Future_Application_Date,Critical,2026-11-25 00:00:00,,Quarantine (date beyond extraction date),temporal[Application_Date]
DQ02870,APX1031015,Future_Application_Date,Critical,2026-10-13 00:00:00,,Quarantine (date beyond extraction date),temporal[Application_Date]
DQ02871,APX1031612,Future_Application_Date,Critical,2026-10-14 00:00:00,,Quarantine (date beyond extraction date),temporal[Application_Date]
DQ02872,APX1031913,Future_Application_Date,Critical,2026-10-09 00:00:00,,Quarantine (date beyond extraction date),temporal[Application_Date]
DQ02873,APX1032045,Future_Application_Date,Critical,2026-10-24 00:00:00,,Quarantine (date beyond extraction date),temporal[Application_Date]
DQ02874,APX1032869,Future_Application_Date,Critical,2026-10-23 00:00:00,,Quarantine (date beyond extraction date),temporal[Application_Date]
DQ02875,APX1033243,Future_Application_Date,Critical,2026-10-29 00:00:00,,Quarantine (date beyond extraction date),temporal[Application_Date]
DQ02876,APX1033986,Future_Application_Date,Critical,2026-11-27 00:00:00,,Quarantine (date beyond extraction date),temporal[Application_Date]
DQ02877,APX1034991,Future_Application_Date,Critical,2026-09-19 00:00:00,,Quarantine (date beyond extraction date),temporal[Application_Date]
DQ02878,APX1035238,Future_Application_Date,Critical,2026-10-18 00:00:00,,Quarantine (date beyond extraction date),temporal[Application_Date]
DQ02879,APX1036026,Future_Application_Date,Critical,2026-11-03 00:00:00,,Quarantine (date beyond extraction date),temporal[Application_Date]
DQ02880,APX1036372,Future_Application_Date,Critical,2026-09-24 00:00:00,,Quarantine (date beyond extraction date),temporal[Application_Date]
DQ02881,APX1036790,Future_Application_Date,Critical,2026-11-24 00:00:00,,Quarantine (date beyond extraction date),temporal[Application_Date]
DQ02882,APX1037679,Future_Application_Date,Critical,2026-11-03 00:00:00,,Quarantine (date beyond extraction date),temporal[Application_Date]
DQ02883,APX1038618,Future_Application_Date,Critical,2026-10-26 00:00:00,,Quarantine (date beyond extraction date),temporal[Application_Date]
DQ02884,APX1039274,Future_Application_Date,Critical,2026-11-06 00:00:00,,Quarantine (date beyond extraction date),temporal[Application_Date]
DQ02885,APX1040095,Future_Application_Date,Critical,2026-11-16 00:00:00,,Quarantine (date beyond extraction date),temporal[Application_Date]
DQ02886,APX1040209,Future_Application_Date,Critical,2026-10-25 00:00:00,,Quarantine (date beyond extraction date),temporal[Application_Date]
DQ02887,APX1040275,Future_Application_Date,Critical,2026-11-17 00:00:00,,Quarantine (date beyond extraction date),temporal[Application_Date]
DQ02888,APX1040402,Future_Application_Date,Critical,2026-11-27 00:00:00,,Quarantine (date beyond extraction date),temporal[Application_Date]
DQ02889,APX1040427,Future_Application_Date,Critical,2026-09-05 00:00:00,,Quarantine (date beyond extraction date),temporal[Application_Date]
DQ02890,APX1041006,Future_Application_Date,Critical,2026-10-19 00:00:00,,Quarantine (date beyond extraction date),temporal[Application_Date]
DQ02891,APX1041290,Future_Application_Date,Critical,2026-11-15 00:00:00,,Quarantine (date beyond extraction date),temporal[Application_Date]
DQ02892,APX1041654,Future_Application_Date,Critical,2026-11-29 00:00:00,,Quarantine (date beyond extraction date),temporal[Application_Date]
DQ02893,APX1042736,Future_Application_Date,Critical,2026-10-07 00:00:00,,Quarantine (date beyond extraction date),temporal[Application_Date]
DQ02894,APX1044434,Future_Application_Date,Critical,2026-10-31 00:00:00,,Quarantine (date beyond extraction date),temporal[Application_Date]
DQ02895,APX1044777,Future_Application_Date,Critical,2026-09-25 00:00:00,,Quarantine (date beyond extraction date),temporal[Application_Date]
DQ02896,APX1044943,Future_Application_Date,Critical,2026-10-02 00:00:00,,Quarantine (date beyond extraction date),temporal[Application_Date]
DQ02897,APX1045079,Future_Application_Date,Critical,2026-10-26 00:00:00,,Quarantine (date beyond extraction date),temporal[Application_Date]
DQ02898,APX1047140,Future_Application_Date,Critical,2026-09-30 00:00:00,,Quarantine (date beyond extraction date),temporal[Application_Date]
DQ02899,APX1048135,Future_Application_Date,Critical,2026-09-06 00:00:00,,Quarantine (date beyond extraction date),temporal[Application_Date]
DQ02900,APX1048399,Future_Application_Date,Critical,2026-10-22 00:00:00,,Quarantine (date beyond extraction date),temporal[Application_Date]
DQ02901,APX1050199,Future_Application_Date,Critical,2026-09-04 00:00:00,,Quarantine (date beyond extraction date),temporal[Application_Date]
DQ02902,APX1050343,Future_Application_Date,Critical,2026-09-12 00:00:00,,Quarantine (date beyond extraction date),temporal[Application_Date]
DQ02903,APX1050384,Future_Application_Date,Critical,2026-11-09 00:00:00,,Quarantine (date beyond extraction date),temporal[Application_Date]
DQ02904,APX1050948,Future_Application_Date,Critical,2026-10-09 00:00:00,,Quarantine (date beyond extraction date),temporal[Application_Date]
DQ02905,APX1050911,Future_Application_Date,Critical,2026-09-04 00:00:00,,Quarantine (date beyond extraction date),temporal[Application_Date]
DQ02906,APX1051958,Future_Application_Date,Critical,2026-10-03 00:00:00,,Quarantine (date beyond extraction date),temporal[Application_Date]
DQ02907,APX1053678,Future_Application_Date,Critical,2026-10-16 00:00:00,,Quarantine (date beyond extraction date),temporal[Application_Date]
DQ02908,APX1054016,Future_Application_Date,Critical,2026-10-12 00:00:00,,Quarantine (date beyond extraction date),temporal[Application_Date]
DQ02909,APX1054452,Future_Application_Date,Critical,2026-10-01 00:00:00,,Quarantine (date beyond extraction date),temporal[Application_Date]
DQ02910,APX1054709,Future_Application_Date,Critical,2026-09-02 00:00:00,,Quarantine (date beyond extraction date),temporal[Application_Date]
DQ02911,APX1054899,Future_Application_Date,Critical,2026-09-14 00:00:00,,Quarantine (date beyond extraction date),temporal[Application_Date]
DQ02912,APX1055559,Future_Application_Date,Critical,2026-09-15 00:00:00,,Quarantine (date beyond extraction date),temporal[Application_Date]
DQ02913,APX1056073,Future_Application_Date,Critical,2026-10-11 00:00:00,,Quarantine (date beyond extraction date),temporal[Application_Date]
DQ02914,APX1056026,Future_Application_Date,Critical,2026-11-27 00:00:00,,Quarantine (date beyond extraction date),temporal[Application_Date]
DQ02915,APX1056175,Future_Application_Date,Critical,2026-10-20 00:00:00,,Quarantine (date beyond extraction date),temporal[Application_Date]
DQ02916,APX1058316,Future_Application_Date,Critical,2026-10-28 00:00:00,,Quarantine (date beyond extraction date),temporal[Application_Date]
DQ02917,APX1058440,Future_Application_Date,Critical,2026-11-01 00:00:00,,Quarantine (date beyond extraction date),temporal[Application_Date]
DQ02918,APX1059023,Future_Application_Date,Critical,2026-09-15 00:00:00,,Quarantine (date beyond extraction date),temporal[Application_Date]
DQ02919,APX1059369,Future_Application_Date,Critical,2026-09-13 00:00:00,,Quarantine (date beyond extraction date),temporal[Application_Date]
DQ02920,APX1059524,Future_Application_Date,Critical,2026-09-08 00:00:00,,Quarantine (date beyond extraction date),temporal[Application_Date]
DQ02921,APX1059859,Future_Application_Date,Critical,2026-09-02 00:00:00,,Quarantine (date beyond extraction date),temporal[Application_Date]
DQ02922,APX1060002,Future_Application_Date,Critical,2026-10-05 00:00:00,,Quarantine (date beyond extraction date),temporal[Application_Date]
DQ02923,APX1060120,Future_Application_Date,Critical,2026-10-18 00:00:00,,Quarantine (date beyond extraction date),temporal[Application_Date]
DQ02924,APX1060458,Future_Application_Date,Critical,2026-09-06 00:00:00,,Quarantine (date beyond extraction date),temporal[Application_Date]
DQ02925,APX1060838,Future_Application_Date,Critical,2026-10-03 00:00:00,,Quarantine (date beyond extraction date),temporal[Application_Date]
DQ02926,APX1061355,Future_Application_Date,Critical,2026-11-09 00:00:00,,Quarantine (date beyond extraction date),temporal[Application_Date]
DQ02927,APX1062466,Future_Application_Date,Critical,2026-11-04 00:00:00,,Quarantine (date beyond extraction date),temporal[Application_Date]
DQ02928,APX1062751,Future_Application_Date,Critical,2026-09-15 00:00:00,,Quarantine (date beyond extraction date),temporal[Application_Date]
DQ02929,APX1064166,Future_Application_Date,Critical,2026-10-31 00:00:00,,Quarantine (date beyond extraction date),temporal[Application_Date]
DQ02930,APX1064384,Future_Application_Date,Critical,2026-11-05 00:00:00,,Quarantine (date beyond extraction date),temporal[Application_Date]
DQ02931,APX1064789,Future_Application_Date,Critical,2026-10-02 00:00:00,,Quarantine (date beyond extraction date),temporal[Application_Date]
DQ02932,APX1065178,Future_Application_Date,Critical,2026-10-29 00:00:00,,Quarantine (date beyond extraction date),temporal[Application_Date]
DQ02933,APX1065823,Future_Application_Date,Critical,2026-09-14 00:00:00,,Quarantine (date beyond extraction date),temporal[Application_Date]
DQ02934,APX1066189,Future_Application_Date,Critical,2026-09-27 00:00:00,,Quarantine (date beyond extraction date),temporal[Application_Date]
DQ02935,APX1066716,Future_Application_Date,Critical,2026-11-14 00:00:00,,Quarantine (date beyond extraction date),temporal[Application_Date]
DQ02936,APX1066795,Future_Application_Date,Critical,2026-11-14 00:00:00,,Quarantine (date beyond extraction date),temporal[Application_Date]
DQ02937,APX1067351,Future_Application_Date,Critical,2026-10-12 00:00:00,,Quarantine (date beyond extraction date),temporal[Application_Date]
DQ02938,APX1068071,Future_Application_Date,Critical,2026-11-23 00:00:00,,Quarantine (date beyond extraction date),temporal[Application_Date]
DQ02939,APX1067949,Future_Application_Date,Critical,2026-11-20 00:00:00,,Quarantine (date beyond extraction date),temporal[Application_Date]
DQ02940,APX1068754,Future_Application_Date,Critical,2026-11-15 00:00:00,,Quarantine (date beyond extraction date),temporal[Application_Date]
DQ02941,APX1069467,Future_Application_Date,Critical,2026-10-18 00:00:00,,Quarantine (date beyond extraction date),temporal[Application_Date]
DQ02942,APX1069935,Future_Application_Date,Critical,2026-10-30 00:00:00,,Quarantine (date beyond extraction date),temporal[Application_Date]
DQ02943,APX1070151,Future_Application_Date,Critical,2026-09-28 00:00:00,,Quarantine (date beyond extraction date),temporal[Application_Date]
DQ02944,APX1070741,Future_Application_Date,Critical,2026-09-12 00:00:00,,Quarantine (date beyond extraction date),temporal[Application_Date]
DQ02945,APX1070716,Future_Application_Date,Critical,2026-11-26 00:00:00,,Quarantine (date beyond extraction date),temporal[Application_Date]
DQ02946,APX1070900,Future_Application_Date,Critical,2026-10-19 00:00:00,,Quarantine (date beyond extraction date),temporal[Application_Date]
DQ02947,APX1071925,Future_Application_Date,Critical,2026-11-10 00:00:00,,Quarantine (date beyond extraction date),temporal[Application_Date]
DQ02948,APX1072887,Future_Application_Date,Critical,2026-10-10 00:00:00,,Quarantine (date beyond extraction date),temporal[Application_Date]
DQ02949,APX1073959,Future_Application_Date,Critical,2026-10-07 00:00:00,,Quarantine (date beyond extraction date),temporal[Application_Date]
DQ02950,APX1074210,Future_Application_Date,Critical,2026-11-24 00:00:00,,Quarantine (date beyond extraction date),temporal[Application_Date]
DQ02951,APX1074486,Future_Application_Date,Critical,2026-11-25 00:00:00,,Quarantine (date beyond extraction date),temporal[Application_Date]
DQ02952,APX1074568,Future_Application_Date,Critical,2026-10-05 00:00:00,,Quarantine (date beyond extraction date),temporal[Application_Date]
DQ02953,APX1075433,Future_Application_Date,Critical,2026-11-25 00:00:00,,Quarantine (date beyond extraction date),temporal[Application_Date]
DQ02954,APX1076345,Future_Application_Date,Critical,2026-10-28 00:00:00,,Quarantine (date beyond extraction date),temporal[Application_Date]
DQ02955,APX1076423,Future_Application_Date,Critical,2026-11-07 00:00:00,,Quarantine (date beyond extraction date),temporal[Application_Date]
DQ02956,APX1076665,Future_Application_Date,Critical,2026-09-12 00:00:00,,Quarantine (date beyond extraction date),temporal[Application_Date]
DQ02957,APX1078980,Future_Application_Date,Critical,2026-11-14 00:00:00,,Quarantine (date beyond extraction date),temporal[Application_Date]
DQ02958,APX1079470,Future_Application_Date,Critical,2026-09-17 00:00:00,,Quarantine (date beyond extraction date),temporal[Application_Date]
DQ02959,APX1080263,Future_Application_Date,Critical,2026-11-02 00:00:00,,Quarantine (date beyond extraction date),temporal[Application_Date]
DQ02960,APX1080763,Future_Application_Date,Critical,2026-10-17 00:00:00,,Quarantine (date beyond extraction date),temporal[Application_Date]
DQ02961,APX1081359,Future_Application_Date,Critical,2026-11-14 00:00:00,,Quarantine (date beyond extraction date),temporal[Application_Date]
DQ02962,APX1081473,Future_Application_Date,Critical,2026-11-21 00:00:00,,Quarantine (date beyond extraction date),temporal[Application_Date]
DQ02963,APX1081779,Future_Application_Date,Critical,2026-10-29 00:00:00,,Quarantine (date beyond extraction date),temporal[Application_Date]
DQ02964,APX1082162,Future_Application_Date,Critical,2026-11-10 00:00:00,,Quarantine (date beyond extraction date),temporal[Application_Date]
DQ02965,APX1082450,Future_Application_Date,Critical,2026-10-28 00:00:00,,Quarantine (date beyond extraction date),temporal[Application_Date]
DQ02966,APX1084613,Future_Application_Date,Critical,2026-11-19 00:00:00,,Quarantine (date beyond extraction date),temporal[Application_Date]
DQ02967,APX1086082,Future_Application_Date,Critical,2026-09-26 00:00:00,,Quarantine (date beyond extraction date),temporal[Application_Date]
DQ02968,APX1087265,Future_Application_Date,Critical,2026-09-16 00:00:00,,Quarantine (date beyond extraction date),temporal[Application_Date]
DQ02969,APX1087321,Future_Application_Date,Critical,2026-10-02 00:00:00,,Quarantine (date beyond extraction date),temporal[Application_Date]
DQ02970,APX1087734,Future_Application_Date,Critical,2026-10-09 00:00:00,,Quarantine (date beyond extraction date),temporal[Application_Date]
DQ02971,APX1088503,Future_Application_Date,Critical,2026-10-30 00:00:00,,Quarantine (date beyond extraction date),temporal[Application_Date]
DQ02972,APX1089298,Future_Application_Date,Critical,2026-11-05 00:00:00,,Quarantine (date beyond extraction date),temporal[Application_Date]
DQ02973,APX1089686,Future_Application_Date,Critical,2026-11-02 00:00:00,,Quarantine (date beyond extraction date),temporal[Application_Date]
DQ02974,APX1089981,Future_Application_Date,Critical,2026-09-24 00:00:00,,Quarantine (date beyond extraction date),temporal[Application_Date]
DQ02975,APX1090421,Future_Application_Date,Critical,2026-11-25 00:00:00,,Quarantine (date beyond extraction date),temporal[Application_Date]
DQ02976,APX1090522,Future_Application_Date,Critical,2026-09-30 00:00:00,,Quarantine (date beyond extraction date),temporal[Application_Date]
DQ02977,APX1090488,Future_Application_Date,Critical,2026-11-08 00:00:00,,Quarantine (date beyond extraction date),temporal[Application_Date]
DQ02978,APX1090577,Future_Application_Date,Critical,2026-09-23 00:00:00,,Quarantine (date beyond extraction date),temporal[Application_Date]
DQ02979,APX1090650,Future_Application_Date,Critical,2026-09-29 00:00:00,,Quarantine (date beyond extraction date),temporal[Application_Date]
DQ02980,APX1090849,Future_Application_Date,Critical,2026-11-26 00:00:00,,Quarantine (date beyond extraction date),temporal[Application_Date]
DQ02981,APX1091247,Future_Application_Date,Critical,2026-09-23 00:00:00,,Quarantine (date beyond extraction date),temporal[Application_Date]
DQ02982,APX1091919,Future_Application_Date,Critical,2026-10-21 00:00:00,,Quarantine (date beyond extraction date),temporal[Application_Date]
DQ02983,APX1092910,Future_Application_Date,Critical,2026-11-28 00:00:00,,Quarantine (date beyond extraction date),temporal[Application_Date]
DQ02984,APX1093690,Future_Application_Date,Critical,2026-10-03 00:00:00,,Quarantine (date beyond extraction date),temporal[Application_Date]
DQ02985,APX1094077,Future_Application_Date,Critical,2026-10-20 00:00:00,,Quarantine (date beyond extraction date),temporal[Application_Date]
DQ02986,APX1095022,Future_Application_Date,Critical,2026-09-21 00:00:00,,Quarantine (date beyond extraction date),temporal[Application_Date]
DQ02987,APX1095814,Future_Application_Date,Critical,2026-09-26 00:00:00,,Quarantine (date beyond extraction date),temporal[Application_Date]
DQ02988,APX1096084,Future_Application_Date,Critical,2026-10-02 00:00:00,,Quarantine (date beyond extraction date),temporal[Application_Date]
DQ02989,APX1096046,Future_Application_Date,Critical,2026-11-12 00:00:00,,Quarantine (date beyond extraction date),temporal[Application_Date]
DQ02990,APX1096288,Future_Application_Date,Critical,2026-09-04 00:00:00,,Quarantine (date beyond extraction date),temporal[Application_Date]
DQ02991,APX1096398,Future_Application_Date,Critical,2026-11-09 00:00:00,,Quarantine (date beyond extraction date),temporal[Application_Date]
DQ02992,APX1096634,Future_Application_Date,Critical,2026-11-19 00:00:00,,Quarantine (date beyond extraction date),temporal[Application_Date]
DQ02993,APX1096573,Future_Application_Date,Critical,2026-10-24 00:00:00,,Quarantine (date beyond extraction date),temporal[Application_Date]
DQ02994,APX1096749,Future_Application_Date,Critical,2026-11-10 00:00:00,,Quarantine (date beyond extraction date),temporal[Application_Date]
DQ02995,APX1097237,Future_Application_Date,Critical,2026-10-06 00:00:00,,Quarantine (date beyond extraction date),temporal[Application_Date]
DQ02996,APX1097427,Future_Application_Date,Critical,2026-10-30 00:00:00,,Quarantine (date beyond extraction date),temporal[Application_Date]
DQ02997,APX1097389,Future_Application_Date,Critical,2026-10-25 00:00:00,,Quarantine (date beyond extraction date),temporal[Application_Date]
DQ02998,APX1098087,Future_Application_Date,Critical,2026-10-26 00:00:00,,Quarantine (date beyond extraction date),temporal[Application_Date]
DQ02999,APX1098992,Future_Application_Date,Critical,2026-09-26 00:00:00,,Quarantine (date beyond extraction date),temporal[Application_Date]
DQ03000,APX1098987,Future_Application_Date,Critical,2026-10-20 00:00:00,,Quarantine (date beyond extraction date),temporal[Application_Date]
DQ03001,APX1000164,Invalid_SLA_Flag,Critical,2.0,recompute,Correct: recompute from activation time and SLA target,domain[SLA_Met_Flag]
DQ03002,APX1000175,Invalid_SLA_Flag,Critical,2.0,recompute,Correct: recompute from activation time and SLA target,domain[SLA_Met_Flag]
DQ03003,APX1000515,Invalid_SLA_Flag,Critical,2.0,recompute,Correct: recompute from activation time and SLA target,domain[SLA_Met_Flag]
DQ03004,APX1000945,Invalid_SLA_Flag,Critical,2.0,recompute,Correct: recompute from activation time and SLA target,domain[SLA_Met_Flag]
DQ03005,APX1001610,Invalid_SLA_Flag,Critical,2.0,recompute,Correct: recompute from activation time and SLA target,domain[SLA_Met_Flag]
DQ03006,APX1002328,Invalid_SLA_Flag,Critical,2.0,recompute,Correct: recompute from activation time and SLA target,domain[SLA_Met_Flag]
DQ03007,APX1002843,Invalid_SLA_Flag,Critical,2.0,recompute,Correct: recompute from activation time and SLA target,domain[SLA_Met_Flag]
DQ03008,APX1002947,Invalid_SLA_Flag,Critical,2.0,recompute,Correct: recompute from activation time and SLA target,domain[SLA_Met_Flag]
DQ03009,APX1003201,Invalid_SLA_Flag,Critical,2.0,recompute,Correct: recompute from activation time and SLA target,domain[SLA_Met_Flag]
DQ03010,APX1003472,Invalid_SLA_Flag,Critical,2.0,recompute,Correct: recompute from activation time and SLA target,domain[SLA_Met_Flag]
DQ03011,APX1004286,Invalid_SLA_Flag,Critical,2.0,recompute,Correct: recompute from activation time and SLA target,domain[SLA_Met_Flag]
DQ03012,APX1004576,Invalid_SLA_Flag,Critical,2.0,recompute,Correct: recompute from activation time and SLA target,domain[SLA_Met_Flag]
DQ03013,APX1004984,Invalid_SLA_Flag,Critical,2.0,recompute,Correct: recompute from activation time and SLA target,domain[SLA_Met_Flag]
DQ03014,APX1006766,Invalid_SLA_Flag,Critical,2.0,recompute,Correct: recompute from activation time and SLA target,domain[SLA_Met_Flag]
DQ03015,APX1007150,Invalid_SLA_Flag,Critical,2.0,recompute,Correct: recompute from activation time and SLA target,domain[SLA_Met_Flag]
DQ03016,APX1007547,Invalid_SLA_Flag,Critical,2.0,recompute,Correct: recompute from activation time and SLA target,domain[SLA_Met_Flag]
DQ03017,APX1007678,Invalid_SLA_Flag,Critical,2.0,recompute,Correct: recompute from activation time and SLA target,domain[SLA_Met_Flag]
DQ03018,APX1007769,Invalid_SLA_Flag,Critical,2.0,recompute,Correct: recompute from activation time and SLA target,domain[SLA_Met_Flag]
DQ03019,APX1009881,Invalid_SLA_Flag,Critical,2.0,recompute,Correct: recompute from activation time and SLA target,domain[SLA_Met_Flag]
DQ03020,APX1010081,Invalid_SLA_Flag,Critical,2.0,recompute,Correct: recompute from activation time and SLA target,domain[SLA_Met_Flag]
DQ03021,APX1010787,Invalid_SLA_Flag,Critical,2.0,recompute,Correct: recompute from activation time and SLA target,domain[SLA_Met_Flag]
DQ03022,APX1012216,Invalid_SLA_Flag,Critical,2.0,recompute,Correct: recompute from activation time and SLA target,domain[SLA_Met_Flag]
DQ03023,APX1013199,Invalid_SLA_Flag,Critical,2.0,recompute,Correct: recompute from activation time and SLA target,domain[SLA_Met_Flag]
DQ03024,APX1013781,Invalid_SLA_Flag,Critical,2.0,recompute,Correct: recompute from activation time and SLA target,domain[SLA_Met_Flag]
DQ03025,APX1013834,Invalid_SLA_Flag,Critical,2.0,recompute,Correct: recompute from activation time and SLA target,domain[SLA_Met_Flag]
DQ03026,APX1014382,Invalid_SLA_Flag,Critical,2.0,recompute,Correct: recompute from activation time and SLA target,domain[SLA_Met_Flag]
DQ03027,APX1014425,Invalid_SLA_Flag,Critical,2.0,recompute,Correct: recompute from activation time and SLA target,domain[SLA_Met_Flag]
DQ03028,APX1015213,Invalid_SLA_Flag,Critical,2.0,recompute,Correct: recompute from activation time and SLA target,domain[SLA_Met_Flag]
DQ03029,APX1015583,Invalid_SLA_Flag,Critical,2.0,recompute,Correct: recompute from activation time and SLA target,domain[SLA_Met_Flag]
DQ03030,APX1015651,Invalid_SLA_Flag,Critical,2.0,recompute,Correct: recompute from activation time and SLA target,domain[SLA_Met_Flag]
DQ03031,APX1015965,Invalid_SLA_Flag,Critical,2.0,recompute,Correct: recompute from activation time and SLA target,domain[SLA_Met_Flag]
DQ03032,APX1016137,Invalid_SLA_Flag,Critical,2.0,recompute,Correct: recompute from activation time and SLA target,domain[SLA_Met_Flag]
DQ03033,APX1016693,Invalid_SLA_Flag,Critical,2.0,recompute,Correct: recompute from activation time and SLA target,domain[SLA_Met_Flag]
DQ03034,APX1016918,Invalid_SLA_Flag,Critical,2.0,recompute,Correct: recompute from activation time and SLA target,domain[SLA_Met_Flag]
DQ03035,APX1017674,Invalid_SLA_Flag,Critical,2.0,recompute,Correct: recompute from activation time and SLA target,domain[SLA_Met_Flag]
DQ03036,APX1018799,Invalid_SLA_Flag,Critical,2.0,recompute,Correct: recompute from activation time and SLA target,domain[SLA_Met_Flag]
DQ03037,APX1019231,Invalid_SLA_Flag,Critical,2.0,recompute,Correct: recompute from activation time and SLA target,domain[SLA_Met_Flag]
DQ03038,APX1019489,Invalid_SLA_Flag,Critical,2.0,recompute,Correct: recompute from activation time and SLA target,domain[SLA_Met_Flag]
DQ03039,APX1020445,Invalid_SLA_Flag,Critical,2.0,recompute,Correct: recompute from activation time and SLA target,domain[SLA_Met_Flag]
DQ03040,APX1020628,Invalid_SLA_Flag,Critical,2.0,recompute,Correct: recompute from activation time and SLA target,domain[SLA_Met_Flag]
DQ03041,APX1021259,Invalid_SLA_Flag,Critical,2.0,recompute,Correct: recompute from activation time and SLA target,domain[SLA_Met_Flag]
DQ03042,APX1021540,Invalid_SLA_Flag,Critical,2.0,recompute,Correct: recompute from activation time and SLA target,domain[SLA_Met_Flag]
DQ03043,APX1021744,Invalid_SLA_Flag,Critical,2.0,recompute,Correct: recompute from activation time and SLA target,domain[SLA_Met_Flag]
DQ03044,APX1022231,Invalid_SLA_Flag,Critical,2.0,recompute,Correct: recompute from activation time and SLA target,domain[SLA_Met_Flag]
DQ03045,APX1022586,Invalid_SLA_Flag,Critical,2.0,recompute,Correct: recompute from activation time and SLA target,domain[SLA_Met_Flag]
DQ03046,APX1022732,Invalid_SLA_Flag,Critical,2.0,recompute,Correct: recompute from activation time and SLA target,domain[SLA_Met_Flag]
DQ03047,APX1022937,Invalid_SLA_Flag,Critical,2.0,recompute,Correct: recompute from activation time and SLA target,domain[SLA_Met_Flag]
DQ03048,APX1023931,Invalid_SLA_Flag,Critical,2.0,recompute,Correct: recompute from activation time and SLA target,domain[SLA_Met_Flag]
DQ03049,APX1024220,Invalid_SLA_Flag,Critical,2.0,recompute,Correct: recompute from activation time and SLA target,domain[SLA_Met_Flag]
DQ03050,APX1024641,Invalid_SLA_Flag,Critical,2.0,recompute,Correct: recompute from activation time and SLA target,domain[SLA_Met_Flag]
DQ03051,APX1024977,Invalid_SLA_Flag,Critical,2.0,recompute,Correct: recompute from activation time and SLA target,domain[SLA_Met_Flag]
DQ03052,APX1025137,Invalid_SLA_Flag,Critical,2.0,recompute,Correct: recompute from activation time and SLA target,domain[SLA_Met_Flag]
DQ03053,APX1025157,Invalid_SLA_Flag,Critical,2.0,recompute,Correct: recompute from activation time and SLA target,domain[SLA_Met_Flag]
DQ03054,APX1025558,Invalid_SLA_Flag,Critical,2.0,recompute,Correct: recompute from activation time and SLA target,domain[SLA_Met_Flag]
DQ03055,APX1026263,Invalid_SLA_Flag,Critical,2.0,recompute,Correct: recompute from activation time and SLA target,domain[SLA_Met_Flag]
DQ03056,APX1026745,Invalid_SLA_Flag,Critical,2.0,recompute,Correct: recompute from activation time and SLA target,domain[SLA_Met_Flag]
DQ03057,APX1026761,Invalid_SLA_Flag,Critical,2.0,recompute,Correct: recompute from activation time and SLA target,domain[SLA_Met_Flag]
DQ03058,APX1026782,Invalid_SLA_Flag,Critical,2.0,recompute,Correct: recompute from activation time and SLA target,domain[SLA_Met_Flag]
DQ03059,APX1027359,Invalid_SLA_Flag,Critical,2.0,recompute,Correct: recompute from activation time and SLA target,domain[SLA_Met_Flag]
DQ03060,APX1027357,Invalid_SLA_Flag,Critical,2.0,recompute,Correct: recompute from activation time and SLA target,domain[SLA_Met_Flag]
DQ03061,APX1027756,Invalid_SLA_Flag,Critical,2.0,recompute,Correct: recompute from activation time and SLA target,domain[SLA_Met_Flag]
DQ03062,APX1028772,Invalid_SLA_Flag,Critical,2.0,recompute,Correct: recompute from activation time and SLA target,domain[SLA_Met_Flag]
DQ03063,APX1028953,Invalid_SLA_Flag,Critical,2.0,recompute,Correct: recompute from activation time and SLA target,domain[SLA_Met_Flag]
DQ03064,APX1030871,Invalid_SLA_Flag,Critical,2.0,recompute,Correct: recompute from activation time and SLA target,domain[SLA_Met_Flag]
DQ03065,APX1031155,Invalid_SLA_Flag,Critical,2.0,recompute,Correct: recompute from activation time and SLA target,domain[SLA_Met_Flag]
DQ03066,APX1031248,Invalid_SLA_Flag,Critical,2.0,recompute,Correct: recompute from activation time and SLA target,domain[SLA_Met_Flag]
DQ03067,APX1031468,Invalid_SLA_Flag,Critical,2.0,recompute,Correct: recompute from activation time and SLA target,domain[SLA_Met_Flag]
DQ03068,APX1031767,Invalid_SLA_Flag,Critical,2.0,recompute,Correct: recompute from activation time and SLA target,domain[SLA_Met_Flag]
DQ03069,APX1034108,Invalid_SLA_Flag,Critical,2.0,recompute,Correct: recompute from activation time and SLA target,domain[SLA_Met_Flag]
DQ03070,APX1034401,Invalid_SLA_Flag,Critical,2.0,recompute,Correct: recompute from activation time and SLA target,domain[SLA_Met_Flag]
DQ03071,APX1034524,Invalid_SLA_Flag,Critical,2.0,recompute,Correct: recompute from activation time and SLA target,domain[SLA_Met_Flag]
DQ03072,APX1035144,Invalid_SLA_Flag,Critical,2.0,recompute,Correct: recompute from activation time and SLA target,domain[SLA_Met_Flag]
DQ03073,APX1035403,Invalid_SLA_Flag,Critical,2.0,recompute,Correct: recompute from activation time and SLA target,domain[SLA_Met_Flag]
DQ03074,APX1035721,Invalid_SLA_Flag,Critical,2.0,recompute,Correct: recompute from activation time and SLA target,domain[SLA_Met_Flag]
DQ03075,APX1038097,Invalid_SLA_Flag,Critical,2.0,recompute,Correct: recompute from activation time and SLA target,domain[SLA_Met_Flag]
DQ03076,APX1038458,Invalid_SLA_Flag,Critical,2.0,recompute,Correct: recompute from activation time and SLA target,domain[SLA_Met_Flag]
DQ03077,APX1038761,Invalid_SLA_Flag,Critical,2.0,recompute,Correct: recompute from activation time and SLA target,domain[SLA_Met_Flag]
DQ03078,APX1039961,Invalid_SLA_Flag,Critical,2.0,recompute,Correct: recompute from activation time and SLA target,domain[SLA_Met_Flag]
DQ03079,APX1040999,Invalid_SLA_Flag,Critical,2.0,recompute,Correct: recompute from activation time and SLA target,domain[SLA_Met_Flag]
DQ03080,APX1041182,Invalid_SLA_Flag,Critical,2.0,recompute,Correct: recompute from activation time and SLA target,domain[SLA_Met_Flag]
DQ03081,APX1041416,Invalid_SLA_Flag,Critical,2.0,recompute,Correct: recompute from activation time and SLA target,domain[SLA_Met_Flag]
DQ03082,APX1041634,Invalid_SLA_Flag,Critical,2.0,recompute,Correct: recompute from activation time and SLA target,domain[SLA_Met_Flag]
DQ03083,APX1041576,Invalid_SLA_Flag,Critical,2.0,recompute,Correct: recompute from activation time and SLA target,domain[SLA_Met_Flag]
DQ03084,APX1042620,Invalid_SLA_Flag,Critical,2.0,recompute,Correct: recompute from activation time and SLA target,domain[SLA_Met_Flag]
DQ03085,APX1043039,Invalid_SLA_Flag,Critical,2.0,recompute,Correct: recompute from activation time and SLA target,domain[SLA_Met_Flag]
DQ03086,APX1043170,Invalid_SLA_Flag,Critical,2.0,recompute,Correct: recompute from activation time and SLA target,domain[SLA_Met_Flag]
DQ03087,APX1043440,Invalid_SLA_Flag,Critical,2.0,recompute,Correct: recompute from activation time and SLA target,domain[SLA_Met_Flag]
DQ03088,APX1043989,Invalid_SLA_Flag,Critical,2.0,recompute,Correct: recompute from activation time and SLA target,domain[SLA_Met_Flag]
DQ03089,APX1044187,Invalid_SLA_Flag,Critical,2.0,recompute,Correct: recompute from activation time and SLA target,domain[SLA_Met_Flag]
DQ03090,APX1044903,Invalid_SLA_Flag,Critical,2.0,recompute,Correct: recompute from activation time and SLA target,domain[SLA_Met_Flag]
DQ03091,APX1044895,Invalid_SLA_Flag,Critical,2.0,recompute,Correct: recompute from activation time and SLA target,domain[SLA_Met_Flag]
DQ03092,APX1044826,Invalid_SLA_Flag,Critical,2.0,recompute,Correct: recompute from activation time and SLA target,domain[SLA_Met_Flag]
DQ03093,APX1045037,Invalid_SLA_Flag,Critical,2.0,recompute,Correct: recompute from activation time and SLA target,domain[SLA_Met_Flag]
DQ03094,APX1045420,Invalid_SLA_Flag,Critical,2.0,recompute,Correct: recompute from activation time and SLA target,domain[SLA_Met_Flag]
DQ03095,APX1046134,Invalid_SLA_Flag,Critical,2.0,recompute,Correct: recompute from activation time and SLA target,domain[SLA_Met_Flag]
DQ03096,APX1046557,Invalid_SLA_Flag,Critical,2.0,recompute,Correct: recompute from activation time and SLA target,domain[SLA_Met_Flag]
DQ03097,APX1046837,Invalid_SLA_Flag,Critical,2.0,recompute,Correct: recompute from activation time and SLA target,domain[SLA_Met_Flag]
DQ03098,APX1047829,Invalid_SLA_Flag,Critical,2.0,recompute,Correct: recompute from activation time and SLA target,domain[SLA_Met_Flag]
DQ03099,APX1047835,Invalid_SLA_Flag,Critical,2.0,recompute,Correct: recompute from activation time and SLA target,domain[SLA_Met_Flag]
DQ03100,APX1048274,Invalid_SLA_Flag,Critical,2.0,recompute,Correct: recompute from activation time and SLA target,domain[SLA_Met_Flag]
DQ03101,APX1050071,Invalid_SLA_Flag,Critical,2.0,recompute,Correct: recompute from activation time and SLA target,domain[SLA_Met_Flag]
DQ03102,APX1050242,Invalid_SLA_Flag,Critical,2.0,recompute,Correct: recompute from activation time and SLA target,domain[SLA_Met_Flag]
DQ03103,APX1050980,Invalid_SLA_Flag,Critical,2.0,recompute,Correct: recompute from activation time and SLA target,domain[SLA_Met_Flag]
DQ03104,APX1051829,Invalid_SLA_Flag,Critical,2.0,recompute,Correct: recompute from activation time and SLA target,domain[SLA_Met_Flag]
DQ03105,APX1051760,Invalid_SLA_Flag,Critical,2.0,recompute,Correct: recompute from activation time and SLA target,domain[SLA_Met_Flag]
DQ03106,APX1051711,Invalid_SLA_Flag,Critical,2.0,recompute,Correct: recompute from activation time and SLA target,domain[SLA_Met_Flag]
DQ03107,APX1051888,Invalid_SLA_Flag,Critical,2.0,recompute,Correct: recompute from activation time and SLA target,domain[SLA_Met_Flag]
DQ03108,APX1052952,Invalid_SLA_Flag,Critical,2.0,recompute,Correct: recompute from activation time and SLA target,domain[SLA_Met_Flag]
DQ03109,APX1053146,Invalid_SLA_Flag,Critical,2.0,recompute,Correct: recompute from activation time and SLA target,domain[SLA_Met_Flag]
DQ03110,APX1053292,Invalid_SLA_Flag,Critical,2.0,recompute,Correct: recompute from activation time and SLA target,domain[SLA_Met_Flag]
DQ03111,APX1054215,Invalid_SLA_Flag,Critical,2.0,recompute,Correct: recompute from activation time and SLA target,domain[SLA_Met_Flag]
DQ03112,APX1054325,Invalid_SLA_Flag,Critical,2.0,recompute,Correct: recompute from activation time and SLA target,domain[SLA_Met_Flag]
DQ03113,APX1054525,Invalid_SLA_Flag,Critical,2.0,recompute,Correct: recompute from activation time and SLA target,domain[SLA_Met_Flag]
DQ03114,APX1054430,Invalid_SLA_Flag,Critical,2.0,recompute,Correct: recompute from activation time and SLA target,domain[SLA_Met_Flag]
DQ03115,APX1054989,Invalid_SLA_Flag,Critical,2.0,recompute,Correct: recompute from activation time and SLA target,domain[SLA_Met_Flag]
DQ03116,APX1055076,Invalid_SLA_Flag,Critical,2.0,recompute,Correct: recompute from activation time and SLA target,domain[SLA_Met_Flag]
DQ03117,APX1055183,Invalid_SLA_Flag,Critical,2.0,recompute,Correct: recompute from activation time and SLA target,domain[SLA_Met_Flag]
DQ03118,APX1055338,Invalid_SLA_Flag,Critical,2.0,recompute,Correct: recompute from activation time and SLA target,domain[SLA_Met_Flag]
DQ03119,APX1055697,Invalid_SLA_Flag,Critical,2.0,recompute,Correct: recompute from activation time and SLA target,domain[SLA_Met_Flag]
DQ03120,APX1057130,Invalid_SLA_Flag,Critical,2.0,recompute,Correct: recompute from activation time and SLA target,domain[SLA_Met_Flag]
DQ03121,APX1057207,Invalid_SLA_Flag,Critical,2.0,recompute,Correct: recompute from activation time and SLA target,domain[SLA_Met_Flag]
DQ03122,APX1057378,Invalid_SLA_Flag,Critical,2.0,recompute,Correct: recompute from activation time and SLA target,domain[SLA_Met_Flag]
DQ03123,APX1057755,Invalid_SLA_Flag,Critical,2.0,recompute,Correct: recompute from activation time and SLA target,domain[SLA_Met_Flag]
DQ03124,APX1057703,Invalid_SLA_Flag,Critical,2.0,recompute,Correct: recompute from activation time and SLA target,domain[SLA_Met_Flag]
DQ03125,APX1057932,Invalid_SLA_Flag,Critical,2.0,recompute,Correct: recompute from activation time and SLA target,domain[SLA_Met_Flag]
DQ03126,APX1058827,Invalid_SLA_Flag,Critical,2.0,recompute,Correct: recompute from activation time and SLA target,domain[SLA_Met_Flag]
DQ03127,APX1059106,Invalid_SLA_Flag,Critical,2.0,recompute,Correct: recompute from activation time and SLA target,domain[SLA_Met_Flag]
DQ03128,APX1059262,Invalid_SLA_Flag,Critical,2.0,recompute,Correct: recompute from activation time and SLA target,domain[SLA_Met_Flag]
DQ03129,APX1059230,Invalid_SLA_Flag,Critical,2.0,recompute,Correct: recompute from activation time and SLA target,domain[SLA_Met_Flag]
DQ03130,APX1060275,Invalid_SLA_Flag,Critical,2.0,recompute,Correct: recompute from activation time and SLA target,domain[SLA_Met_Flag]
DQ03131,APX1060746,Invalid_SLA_Flag,Critical,2.0,recompute,Correct: recompute from activation time and SLA target,domain[SLA_Met_Flag]
DQ03132,APX1060726,Invalid_SLA_Flag,Critical,2.0,recompute,Correct: recompute from activation time and SLA target,domain[SLA_Met_Flag]
DQ03133,APX1062205,Invalid_SLA_Flag,Critical,2.0,recompute,Correct: recompute from activation time and SLA target,domain[SLA_Met_Flag]
DQ03134,APX1062447,Invalid_SLA_Flag,Critical,2.0,recompute,Correct: recompute from activation time and SLA target,domain[SLA_Met_Flag]
DQ03135,APX1063646,Invalid_SLA_Flag,Critical,2.0,recompute,Correct: recompute from activation time and SLA target,domain[SLA_Met_Flag]
DQ03136,APX1063965,Invalid_SLA_Flag,Critical,2.0,recompute,Correct: recompute from activation time and SLA target,domain[SLA_Met_Flag]
DQ03137,APX1064451,Invalid_SLA_Flag,Critical,2.0,recompute,Correct: recompute from activation time and SLA target,domain[SLA_Met_Flag]
DQ03138,APX1064671,Invalid_SLA_Flag,Critical,2.0,recompute,Correct: recompute from activation time and SLA target,domain[SLA_Met_Flag]
DQ03139,APX1064907,Invalid_SLA_Flag,Critical,2.0,recompute,Correct: recompute from activation time and SLA target,domain[SLA_Met_Flag]
DQ03140,APX1065057,Invalid_SLA_Flag,Critical,2.0,recompute,Correct: recompute from activation time and SLA target,domain[SLA_Met_Flag]
DQ03141,APX1065506,Invalid_SLA_Flag,Critical,2.0,recompute,Correct: recompute from activation time and SLA target,domain[SLA_Met_Flag]
DQ03142,APX1065583,Invalid_SLA_Flag,Critical,2.0,recompute,Correct: recompute from activation time and SLA target,domain[SLA_Met_Flag]
DQ03143,APX1066158,Invalid_SLA_Flag,Critical,2.0,recompute,Correct: recompute from activation time and SLA target,domain[SLA_Met_Flag]
DQ03144,APX1067170,Invalid_SLA_Flag,Critical,2.0,recompute,Correct: recompute from activation time and SLA target,domain[SLA_Met_Flag]
DQ03145,APX1067952,Invalid_SLA_Flag,Critical,2.0,recompute,Correct: recompute from activation time and SLA target,domain[SLA_Met_Flag]
DQ03146,APX1068535,Invalid_SLA_Flag,Critical,2.0,recompute,Correct: recompute from activation time and SLA target,domain[SLA_Met_Flag]
DQ03147,APX1068780,Invalid_SLA_Flag,Critical,2.0,recompute,Correct: recompute from activation time and SLA target,domain[SLA_Met_Flag]
DQ03148,APX1070571,Invalid_SLA_Flag,Critical,2.0,recompute,Correct: recompute from activation time and SLA target,domain[SLA_Met_Flag]
DQ03149,APX1071238,Invalid_SLA_Flag,Critical,2.0,recompute,Correct: recompute from activation time and SLA target,domain[SLA_Met_Flag]
DQ03150,APX1071912,Invalid_SLA_Flag,Critical,2.0,recompute,Correct: recompute from activation time and SLA target,domain[SLA_Met_Flag]
DQ03151,APX1072232,Invalid_SLA_Flag,Critical,2.0,recompute,Correct: recompute from activation time and SLA target,domain[SLA_Met_Flag]
DQ03152,APX1072490,Invalid_SLA_Flag,Critical,2.0,recompute,Correct: recompute from activation time and SLA target,domain[SLA_Met_Flag]
DQ03153,APX1073330,Invalid_SLA_Flag,Critical,2.0,recompute,Correct: recompute from activation time and SLA target,domain[SLA_Met_Flag]
DQ03154,APX1074987,Invalid_SLA_Flag,Critical,2.0,recompute,Correct: recompute from activation time and SLA target,domain[SLA_Met_Flag]
DQ03155,APX1074946,Invalid_SLA_Flag,Critical,2.0,recompute,Correct: recompute from activation time and SLA target,domain[SLA_Met_Flag]
DQ03156,APX1075546,Invalid_SLA_Flag,Critical,2.0,recompute,Correct: recompute from activation time and SLA target,domain[SLA_Met_Flag]
DQ03157,APX1076123,Invalid_SLA_Flag,Critical,2.0,recompute,Correct: recompute from activation time and SLA target,domain[SLA_Met_Flag]
DQ03158,APX1076268,Invalid_SLA_Flag,Critical,2.0,recompute,Correct: recompute from activation time and SLA target,domain[SLA_Met_Flag]
DQ03159,APX1076606,Invalid_SLA_Flag,Critical,2.0,recompute,Correct: recompute from activation time and SLA target,domain[SLA_Met_Flag]
DQ03160,APX1077243,Invalid_SLA_Flag,Critical,2.0,recompute,Correct: recompute from activation time and SLA target,domain[SLA_Met_Flag]
DQ03161,APX1078095,Invalid_SLA_Flag,Critical,2.0,recompute,Correct: recompute from activation time and SLA target,domain[SLA_Met_Flag]
DQ03162,APX1078470,Invalid_SLA_Flag,Critical,2.0,recompute,Correct: recompute from activation time and SLA target,domain[SLA_Met_Flag]
DQ03163,APX1079439,Invalid_SLA_Flag,Critical,2.0,recompute,Correct: recompute from activation time and SLA target,domain[SLA_Met_Flag]
DQ03164,APX1079788,Invalid_SLA_Flag,Critical,2.0,recompute,Correct: recompute from activation time and SLA target,domain[SLA_Met_Flag]
DQ03165,APX1080030,Invalid_SLA_Flag,Critical,2.0,recompute,Correct: recompute from activation time and SLA target,domain[SLA_Met_Flag]
DQ03166,APX1081051,Invalid_SLA_Flag,Critical,2.0,recompute,Correct: recompute from activation time and SLA target,domain[SLA_Met_Flag]
DQ03167,APX1081123,Invalid_SLA_Flag,Critical,2.0,recompute,Correct: recompute from activation time and SLA target,domain[SLA_Met_Flag]
DQ03168,APX1081558,Invalid_SLA_Flag,Critical,2.0,recompute,Correct: recompute from activation time and SLA target,domain[SLA_Met_Flag]
DQ03169,APX1081813,Invalid_SLA_Flag,Critical,2.0,recompute,Correct: recompute from activation time and SLA target,domain[SLA_Met_Flag]
DQ03170,APX1082118,Invalid_SLA_Flag,Critical,2.0,recompute,Correct: recompute from activation time and SLA target,domain[SLA_Met_Flag]
DQ03171,APX1082556,Invalid_SLA_Flag,Critical,2.0,recompute,Correct: recompute from activation time and SLA target,domain[SLA_Met_Flag]
DQ03172,APX1082720,Invalid_SLA_Flag,Critical,2.0,recompute,Correct: recompute from activation time and SLA target,domain[SLA_Met_Flag]
DQ03173,APX1083032,Invalid_SLA_Flag,Critical,2.0,recompute,Correct: recompute from activation time and SLA target,domain[SLA_Met_Flag]
DQ03174,APX1083909,Invalid_SLA_Flag,Critical,2.0,recompute,Correct: recompute from activation time and SLA target,domain[SLA_Met_Flag]
DQ03175,APX1083983,Invalid_SLA_Flag,Critical,2.0,recompute,Correct: recompute from activation time and SLA target,domain[SLA_Met_Flag]
DQ03176,APX1085832,Invalid_SLA_Flag,Critical,2.0,recompute,Correct: recompute from activation time and SLA target,domain[SLA_Met_Flag]
DQ03177,APX1086078,Invalid_SLA_Flag,Critical,2.0,recompute,Correct: recompute from activation time and SLA target,domain[SLA_Met_Flag]
DQ03178,APX1086128,Invalid_SLA_Flag,Critical,2.0,recompute,Correct: recompute from activation time and SLA target,domain[SLA_Met_Flag]
DQ03179,APX1086671,Invalid_SLA_Flag,Critical,2.0,recompute,Correct: recompute from activation time and SLA target,domain[SLA_Met_Flag]
DQ03180,APX1087847,Invalid_SLA_Flag,Critical,2.0,recompute,Correct: recompute from activation time and SLA target,domain[SLA_Met_Flag]
DQ03181,APX1088977,Invalid_SLA_Flag,Critical,2.0,recompute,Correct: recompute from activation time and SLA target,domain[SLA_Met_Flag]
DQ03182,APX1089267,Invalid_SLA_Flag,Critical,2.0,recompute,Correct: recompute from activation time and SLA target,domain[SLA_Met_Flag]
DQ03183,APX1089254,Invalid_SLA_Flag,Critical,2.0,recompute,Correct: recompute from activation time and SLA target,domain[SLA_Met_Flag]
DQ03184,APX1092365,Invalid_SLA_Flag,Critical,2.0,recompute,Correct: recompute from activation time and SLA target,domain[SLA_Met_Flag]
DQ03185,APX1092275,Invalid_SLA_Flag,Critical,2.0,recompute,Correct: recompute from activation time and SLA target,domain[SLA_Met_Flag]
DQ03186,APX1092975,Invalid_SLA_Flag,Critical,2.0,recompute,Correct: recompute from activation time and SLA target,domain[SLA_Met_Flag]
DQ03187,APX1094050,Invalid_SLA_Flag,Critical,2.0,recompute,Correct: recompute from activation time and SLA target,domain[SLA_Met_Flag]
DQ03188,APX1094368,Invalid_SLA_Flag,Critical,2.0,recompute,Correct: recompute from activation time and SLA target,domain[SLA_Met_Flag]
DQ03189,APX1094380,Invalid_SLA_Flag,Critical,2.0,recompute,Correct: recompute from activation time and SLA target,domain[SLA_Met_Flag]
DQ03190,APX1094569,Invalid_SLA_Flag,Critical,2.0,recompute,Correct: recompute from activation time and SLA target,domain[SLA_Met_Flag]
DQ03191,APX1094573,Invalid_SLA_Flag,Critical,2.0,recompute,Correct: recompute from activation time and SLA target,domain[SLA_Met_Flag]
DQ03192,APX1094703,Invalid_SLA_Flag,Critical,2.0,recompute,Correct: recompute from activation time and SLA target,domain[SLA_Met_Flag]
DQ03193,APX1096653,Invalid_SLA_Flag,Critical,2.0,recompute,Correct: recompute from activation time and SLA target,domain[SLA_Met_Flag]
DQ03194,APX1096710,Invalid_SLA_Flag,Critical,2.0,recompute,Correct: recompute from activation time and SLA target,domain[SLA_Met_Flag]
DQ03195,APX1096881,Invalid_SLA_Flag,Critical,2.0,recompute,Correct: recompute from activation time and SLA target,domain[SLA_Met_Flag]
DQ03196,APX1098134,Invalid_SLA_Flag,Critical,2.0,recompute,Correct: recompute from activation time and SLA target,domain[SLA_Met_Flag]
DQ03197,APX1098536,Invalid_SLA_Flag,Critical,2.0,recompute,Correct: recompute from activation time and SLA target,domain[SLA_Met_Flag]
DQ03198,APX1099571,Invalid_SLA_Flag,Critical,2.0,recompute,Correct: recompute from activation time and SLA target,domain[SLA_Met_Flag]
DQ03199,APX1099551,Invalid_SLA_Flag,Critical,2.0,recompute,Correct: recompute from activation time and SLA target,domain[SLA_Met_Flag]
DQ03200,APX1099812,Invalid_SLA_Flag,Critical,2.0,recompute,Correct: recompute from activation time and SLA target,domain[SLA_Met_Flag]
